meeting_id,location,timestamp,attendee_ids
M000001,Storage Facility 12,2025-01-28T20:27:05,P004995|P002887|P002327
M000002,Warehouse District,2025-01-20T06:00:59,P004995|P000005|P000515
M000003,Private Villa,2025-10-26T13:08:42,P004999|P002758|P000738
M000004,Downtown Cafe,2025-06-24T09:55:03,P004996|P002207|P002547
M000005,Downtown Cafe,2025-05-01T23:25:52,P004996|P002207|P002547
M000006,Private Villa,2025-01-05T22:05:37,P004997|P000965|P002215
M000007,Backroom - Lucky Star Bar,2025-09-30T04:27:05,P004998|P000777|P001087
M000008,Parking Garage B,2025-12-29T15:57:04,P004995|P000005|P000515
M000009,Storage Facility 12,2025-04-05T19:26:05,P004999|P002758|P000738
M000010,Private Villa,2025-04-29T14:23:02,P004998|P000600
M000011,Private Villa,2025-12-16T03:42:26,P004995|P000316|P001396
M000012,Private Villa,2025-01-14T18:03:27,P004999|P002758|P000738
M000013,Backroom - Lucky Star Bar,2025-09-14T23:51:22,P004998|P000600
M000014,Parking Garage B,2025-11-21T19:14:32,P004998|P000600
M000015,Storage Facility 12,2025-11-02T15:07:37,P004996|P002207|P002547
M000016,Abandoned Factory,2025-07-26T09:27:20,P004999|P001053|P000433
M000017,Parking Garage B,2025-07-10T11:52:53,P004995|P000316|P001396
M000018,Storage Facility 12,2025-02-17T03:35:38,P004998|P000777|P001087
M000019,Parking Garage B,2025-03-26T18:54:23,P004999|P001053|P000433
M000020,Parking Garage B,2025-05-22T04:40:45,P005000|P003232|P000422
M000021,Riverside Docks,2025-11-10T01:35:27,P004996|P002207|P002547
M000022,Backroom - Lucky Star Bar,2025-02-28T23:24:59,P004998|P000600
M000023,Parking Garage B,2025-05-28T22:52:01,P004998|P001544|P002164
M000024,Abandoned Factory,2025-07-26T10:15:02,P004997|P000799
M000025,Storage Facility 12,2025-12-19T18:13:02,P004999|P001053|P000433
M000026,Parking Garage B,2025-07-01T23:35:02,P004998|P000600
M000027,Abandoned Factory,2025-01-28T03:03:32,P004997|P000965|P002215
M000028,Abandoned Factory,2025-12-21T17:58:48,P004999|P002758|P000738
M000029,Abandoned Factory,2025-08-10T10:47:47,P004996|P003265
M000030,Abandoned Factory,2025-04-26T13:47:43,P005000|P003232|P000422
M000031,Backroom - Lucky Star Bar,2025-12-03T19:16:38,P004998|P000600
M000032,Downtown Cafe,2025-10-28T02:24:45,P004999|P001053|P000433
M000033,Riverside Docks,2025-09-13T14:35:35,P004998|P001544|P002164
M000034,Abandoned Factory,2025-12-31T07:54:56,P004999|P001053|P000433
M000035,Downtown Cafe,2025-12-22T13:57:15,P004995|P000005|P000515
M000036,Storage Facility 12,2025-07-06T12:54:01,P005000|P002044|P002934
M000037,Downtown Cafe,2025-12-07T10:24:50,P004997|P000965|P002215
M000038,Private Villa,2025-04-04T14:10:28,P005000|P003232|P000422
M000039,Warehouse District,2025-11-02T22:51:03,P004999|P001053|P000433
M000040,Backroom - Lucky Star Bar,2025-06-14T12:02:21,P005000|P003232|P000422
M000041,Warehouse District,2025-03-24T02:59:27,P005000|P003232|P000422
M000042,Abandoned Factory,2025-04-08T11:28:10,P004999|P002758|P000738
M000043,Private Villa,2025-09-11T04:12:09,P004999|P001053|P000433
M000044,Warehouse District,2025-12-07T18:36:03,P004995|P000005|P000515
M000045,Private Villa,2025-05-20T05:41:47,P005000|P002044|P002934
M000046,Abandoned Factory,2025-04-09T18:16:48,P005000|P002044|P002934
M000047,Private Villa,2025-09-26T05:41:16,P004999|P002758|P000738
M000048,Downtown Cafe,2025-01-27T10:46:09,P005000|P003232|P000422
M000049,Riverside Docks,2025-06-05T19:09:16,P005000|P002044|P002934
M000050,Private Villa,2025-08-12T03:37:02,P004997|P000965|P002215
M000051,Abandoned Factory,2025-09-29T18:48:15,P004996|P002207|P002547
M000052,Warehouse District,2025-09-13T03:49:06,P004997|P000799
M000053,Abandoned Factory,2025-04-13T15:22:52,P005000|P002044|P002934
M000054,Warehouse District,2025-08-14T01:38:31,P004996|P003265
M000055,Private Villa,2025-12-18T18:48:03,P004999|P001053|P000433
M000056,Warehouse District,2025-04-03T18:14:41,P005000|P003232|P000422
M000057,Storage Facility 12,2025-10-22T12:17:49,P004995|P000316|P001396
M000058,Downtown Cafe,2025-03-29T06:11:12,P004998|P000600
M000059,Backroom - Lucky Star Bar,2025-04-09T12:26:44,P004998|P000777|P001087
M000060,Backroom - Lucky Star Bar,2025-09-22T17:39:28,P004999|P001053|P000433
M000061,Downtown Cafe,2025-08-13T19:19:58,P005000|P002044|P002934
M000062,Private Villa,2025-03-31T05:18:26,P005000|P003232|P000422
M000063,Parking Garage B,2025-07-11T18:18:03,P004996|P003265
M000064,Riverside Docks,2025-10-27T00:18:34,P004999|P001053|P000433
M000065,Private Villa,2025-07-19T23:34:35,P004998|P000600
M000066,Private Villa,2025-09-23T10:06:02,P004998|P000777|P001087
M000067,Backroom - Lucky Star Bar,2025-12-23T09:15:43,P004997|P000965|P002215
M000068,Backroom - Lucky Star Bar,2025-08-12T13:06:42,P004995|P000005|P000515
M000069,Backroom - Lucky Star Bar,2025-11-27T01:07:32,P004996|P003265
M000070,Riverside Docks,2025-05-26T13:15:28,P004998|P000600
M000071,Downtown Cafe,2025-10-20T21:42:38,P004996|P002207|P002547
M000072,Downtown Cafe,2025-11-21T23:10:12,P004995|P002887|P002327
M000073,Storage Facility 12,2025-05-28T23:32:08,P004996|P003265
M000074,Downtown Cafe,2025-05-28T07:27:10,P005000|P003232|P000422
M000075,Downtown Cafe,2025-09-15T06:21:48,P004997|P000965|P002215
M000076,Private Villa,2025-11-01T22:28:58,P004995|P002887|P002327
M000077,Downtown Cafe,2025-04-23T04:15:11,P004997|P000799
M000078,Private Villa,2025-09-28T01:38:26,P004997|P000799
M000079,Abandoned Factory,2025-09-03T16:39:31,P004995|P000316|P001396
M000080,Downtown Cafe,2025-02-22T00:47:48,P004997|P000965|P002215
M000081,Backroom - Lucky Star Bar,2025-08-17T20:33:43,P005000|P002044|P002934
M000082,Backroom - Lucky Star Bar,2025-04-17T16:36:14,P004999|P001053|P000433
M000083,Riverside Docks,2025-11-07T19:19:23,P004996|P002207|P002547
M000084,Downtown Cafe,2025-03-16T14:24:18,P005000|P002044|P002934
M000085,Warehouse District,2025-06-04T13:30:26,P004997|P000799
M000086,Private Villa,2025-12-01T01:16:52,P004997|P001723|P001733
M000087,Riverside Docks,2025-08-03T23:48:59,P005000|P002044|P002934
M000088,Parking Garage B,2025-02-10T19:25:22,P005000|P003232|P000422
M000089,Abandoned Factory,2025-01-23T01:25:43,P005000|P003232|P000422
M000090,Abandoned Factory,2025-12-14T18:32:13,P004995|P002887|P002327
M000091,Warehouse District,2025-05-26T11:56:41,P004999|P002758|P000738
M000092,Backroom - Lucky Star Bar,2025-10-09T04:04:39,P004995|P002887|P002327
M000093,Private Villa,2025-05-12T16:45:03,P004997|P000799
M000094,Parking Garage B,2025-02-18T14:05:24,P004995|P002887|P002327
M000095,Downtown Cafe,2025-11-10T23:56:22,P004996|P002207|P002547
M000096,Abandoned Factory,2025-03-06T08:11:30,P004998|P001544|P002164
M000097,Storage Facility 12,2025-05-25T01:18:14,P004995|P000316|P001396
M000098,Private Villa,2025-01-27T02:41:09,P004996|P002207|P002547
M000099,Riverside Docks,2025-01-28T04:45:44,P004998|P001544|P002164
M000100,Warehouse District,2025-03-19T22:02:16,P004998|P001544|P002164
M000101,Storage Facility 12,2025-09-13T05:46:12,P004998|P000777|P001087
M000102,Abandoned Factory,2025-02-25T08:55:04,P004999|P001053|P000433
M000103,Riverside Docks,2025-04-24T12:35:18,P004998|P000600
M000104,Parking Garage B,2025-04-29T18:42:40,P005000|P002044|P002934
M000105,Private Villa,2025-11-19T10:27:11,P004996|P002207|P002547
M000106,Warehouse District,2025-06-09T17:30:33,P004996|P002207|P002547
M000107,Abandoned Factory,2025-03-23T02:00:43,P004997|P001723|P001733
M000108,Warehouse District,2025-12-10T20:36:03,P004998|P000777|P001087
M000109,Abandoned Factory,2025-01-15T09:07:48,P004997|P000799
M000110,Downtown Cafe,2025-03-27T11:02:22,P004999|P002758|P000738
M000111,Warehouse District,2025-01-16T05:28:38,P004995|P000316|P001396
M000112,Storage Facility 12,2025-07-28T05:42:25,P004995|P000005|P000515
M000113,Private Villa,2025-04-23T01:55:37,P004996|P002207|P002547
M000114,Parking Garage B,2025-08-31T21:01:39,P005000|P002044|P002934
M000115,Private Villa,2025-04-04T21:28:49,P004999|P001053|P000433
M000116,Storage Facility 12,2025-07-22T14:55:19,P004999|P002758|P000738
M000117,Private Villa,2025-10-11T19:00:57,P004995|P000005|P000515
M000118,Private Villa,2025-06-18T07:30:01,P004995|P002887|P002327
M000119,Riverside Docks,2025-01-31T19:37:40,P005000|P002044|P002934
M000120,Downtown Cafe,2025-01-03T01:45:05,P004998|P001544|P002164
M000121,Abandoned Factory,2025-03-28T22:27:53,P005000|P002044|P002934
M000122,Warehouse District,2025-04-24T02:51:21,P004996|P002207|P002547
M000123,Parking Garage B,2025-11-30T17:42:35,P004998|P000600
M000124,Abandoned Factory,2025-05-16T15:13:03,P004995|P000005|P000515
M000125,Riverside Docks,2025-07-18T02:45:01,P004995|P000316|P001396
M000126,Riverside Docks,2025-02-14T08:06:41,P004996|P002207|P002547
M000127,Abandoned Factory,2025-06-24T18:54:56,P004997|P001723|P001733
M000128,Warehouse District,2025-11-04T07:28:21,P004999|P001053|P000433
M000129,Warehouse District,2025-03-01T10:35:15,P004998|P000777|P001087
M000130,Backroom - Lucky Star Bar,2025-04-16T16:07:19,P004995|P000005|P000515
M000131,Downtown Cafe,2025-06-12T05:30:33,P004999|P002758|P000738
M000132,Backroom - Lucky Star Bar,2025-06-21T05:21:57,P004996|P002207|P002547
M000133,Riverside Docks,2025-06-07T13:42:25,P004997|P000965|P002215
M000134,Storage Facility 12,2025-04-19T11:58:24,P004999|P001053|P000433
M000135,Backroom - Lucky Star Bar,2025-08-09T09:34:25,P005000|P002044|P002934
M000136,Downtown Cafe,2025-12-17T16:19:34,P004995|P000005|P000515
M000137,Abandoned Factory,2025-12-20T05:55:48,P004995|P000316|P001396
M000138,Abandoned Factory,2025-06-28T14:43:30,P004997|P001723|P001733
M000139,Storage Facility 12,2025-07-18T06:36:51,P004997|P000965|P002215
M000140,Storage Facility 12,2025-11-10T04:08:12,P004998|P001544|P002164
M000141,Downtown Cafe,2025-10-02T04:25:16,P004999|P001053|P000433
M000142,Warehouse District,2025-12-26T20:52:39,P004995|P002887|P002327
M000143,Warehouse District,2025-09-05T03:27:56,P005000|P002044|P002934
M000144,Warehouse District,2025-01-04T16:16:27,P004995|P000316|P001396
M000145,Backroom - Lucky Star Bar,2025-03-16T01:46:26,P004998|P000600
M000146,Parking Garage B,2025-08-07T17:08:48,P004998|P000600
M000147,Riverside Docks,2025-02-19T14:15:20,P004996|P003265
M000148,Backroom - Lucky Star Bar,2025-11-13T17:05:39,P004999|P002758|P000738
M000149,Parking Garage B,2025-10-02T00:33:48,P004999|P002758|P000738
M000150,Storage Facility 12,2025-01-02T09:26:45,P004995|P002887|P002327
M000151,Storage Facility 12,2025-06-08T02:25:52,P004997|P000799
M000152,Abandoned Factory,2025-08-23T20:14:47,P004998|P000600
M000153,Abandoned Factory,2025-11-24T06:34:51,P004999|P002758|P000738
M000154,Parking Garage B,2025-11-28T00:41:10,P004999|P001053|P000433
M000155,Abandoned Factory,2025-09-02T14:47:29,P004995|P000005|P000515
M000156,Parking Garage B,2025-04-15T11:58:38,P004998|P001544|P002164
M000157,Private Villa,2025-07-29T09:51:35,P004995|P000316|P001396
M000158,Backroom - Lucky Star Bar,2025-10-03T23:43:27,P004997|P000799
M000159,Abandoned Factory,2025-08-17T09:23:50,P004995|P000005|P000515
M000160,Riverside Docks,2025-04-14T13:13:14,P004995|P000005|P000515
M000161,Private Villa,2025-12-05T19:36:22,P004998|P000777|P001087
M000162,Parking Garage B,2025-11-15T01:42:06,P004997|P001723|P001733
M000163,Riverside Docks,2025-07-21T12:49:53,P004997|P001723|P001733
M000164,Riverside Docks,2025-04-13T23:31:26,P005000|P002044|P002934
M000165,Riverside Docks,2025-01-28T16:30:41,P004998|P000777|P001087
M000166,Private Villa,2025-04-21T15:47:06,P004995|P002887|P002327
M000167,Riverside Docks,2025-03-13T05:07:46,P004995|P000005|P000515
M000168,Parking Garage B,2025-12-08T11:27:34,P005000|P002044|P002934
M000169,Downtown Cafe,2025-01-22T19:49:57,P004997|P000965|P002215
M000170,Warehouse District,2025-01-10T13:12:09,P004999|P001053|P000433
M000171,Parking Garage B,2025-07-28T21:55:27,P004995|P000316|P001396
M000172,Storage Facility 12,2025-11-15T19:52:22,P004996|P002207|P002547
M000173,Riverside Docks,2025-11-16T12:41:07,P004995|P000316|P001396
M000174,Riverside Docks,2025-09-07T09:10:20,P004997|P001723|P001733
M000175,Parking Garage B,2025-02-08T03:01:55,P004999|P002758|P000738
M000176,Private Villa,2025-08-31T15:53:10,P004997|P000799
M000177,Downtown Cafe,2025-09-09T06:47:54,P004998|P000777|P001087
M000178,Backroom - Lucky Star Bar,2025-09-07T16:18:19,P004997|P001723|P001733
M000179,Downtown Cafe,2025-10-08T08:25:13,P004995|P002887|P002327
M000180,Parking Garage B,2025-09-07T19:15:00,P004995|P000316|P001396
M000181,Storage Facility 12,2025-05-11T17:06:54,P004995|P000316|P001396
M000182,Backroom - Lucky Star Bar,2025-03-20T10:51:01,P005000|P003232|P000422
M000183,Storage Facility 12,2025-01-26T08:59:44,P005000|P003232|P000422
M000184,Backroom - Lucky Star Bar,2025-12-27T08:51:50,P004996|P003265
M000185,Private Villa,2025-05-10T13:17:52,P004996|P003265
M000186,Downtown Cafe,2025-05-16T22:17:58,P004995|P000316|P001396
M000187,Backroom - Lucky Star Bar,2025-01-21T23:04:28,P004999|P002758|P000738
M000188,Backroom - Lucky Star Bar,2025-09-05T10:13:44,P004998|P001544|P002164
M000189,Storage Facility 12,2025-10-17T04:58:06,P004998|P000777|P001087
M000190,Warehouse District,2025-11-22T14:39:27,P004997|P001723|P001733
M000191,Parking Garage B,2025-01-20T07:12:27,P004998|P000777|P001087
M000192,Parking Garage B,2025-07-04T22:40:08,P005000|P003232|P000422
M000193,Downtown Cafe,2025-04-04T01:18:41,P004999|P001053|P000433
M000194,Storage Facility 12,2025-10-24T11:18:27,P004998|P001544|P002164
M000195,Abandoned Factory,2025-08-16T13:16:00,P004999|P001053|P000433
M000196,Private Villa,2025-04-06T05:57:58,P004996|P003265
M000197,Downtown Cafe,2025-09-30T01:18:17,P005000|P003232|P000422
M000198,Downtown Cafe,2025-04-07T07:41:44,P004995|P000316|P001396
M000199,Private Villa,2025-10-15T03:35:19,P004998|P001544|P002164
M000200,Backroom - Lucky Star Bar,2025-12-26T17:10:02,P004997|P000799
M000201,Parking Garage B,2025-11-19T17:47:51,P004998|P000777|P001087
M000202,Parking Garage B,2025-03-20T07:07:36,P004999|P002758|P000738
M000203,Downtown Cafe,2025-06-24T06:54:33,P005000|P003232|P000422
M000204,Private Villa,2025-10-07T01:20:06,P004997|P000799
M000205,Abandoned Factory,2025-08-24T09:14:02,P004997|P000799
M000206,Storage Facility 12,2025-11-28T15:08:04,P005000|P003232|P000422
M000207,Riverside Docks,2025-08-13T08:08:31,P004999|P002758|P000738
M000208,Downtown Cafe,2025-06-19T10:11:16,P004995|P000005|P000515
M000209,Storage Facility 12,2025-06-30T01:43:08,P004996|P002207|P002547
M000210,Storage Facility 12,2025-10-20T04:22:45,P004999|P001053|P000433
M000211,Backroom - Lucky Star Bar,2025-11-17T19:51:46,P005000|P002044|P002934
M000212,Storage Facility 12,2025-03-04T17:49:32,P004999|P001053|P000433
M000213,Private Villa,2025-08-20T14:28:08,P004998|P001544|P002164
M000214,Parking Garage B,2025-04-23T15:36:34,P004997|P000799
M000215,Storage Facility 12,2025-04-12T16:45:44,P004997|P000799
M000216,Backroom - Lucky Star Bar,2025-07-27T23:40:10,P005000|P002044|P002934
M000217,Parking Garage B,2025-10-06T04:55:15,P005000|P003232|P000422
M000218,Warehouse District,2025-09-29T05:59:11,P004997|P001723|P001733
M000219,Private Villa,2025-02-08T14:03:48,P005000|P002044|P002934
M000220,Downtown Cafe,2025-06-20T16:22:04,P004995|P002887|P002327
M000221,Warehouse District,2025-07-29T11:07:27,P004998|P000777|P001087
M000222,Riverside Docks,2025-02-19T08:02:03,P005000|P002044|P002934
M000223,Warehouse District,2025-01-04T04:04:58,P004997|P001723|P001733
M000224,Backroom - Lucky Star Bar,2025-11-18T13:19:30,P004999|P002758|P000738
M000225,Storage Facility 12,2025-04-29T12:31:35,P004997|P000799
M000226,Storage Facility 12,2025-04-11T03:53:53,P004998|P001544|P002164
M000227,Storage Facility 12,2025-01-14T20:15:29,P004995|P002887|P002327
M000228,Abandoned Factory,2025-11-03T04:25:05,P004995|P000005|P000515
M000229,Private Villa,2025-12-18T16:40:09,P004999|P002758|P000738
M000230,Abandoned Factory,2025-04-17T08:40:10,P004995|P002887|P002327
M000231,Abandoned Factory,2025-07-29T08:06:36,P004997|P000965|P002215
M000232,Storage Facility 12,2025-03-14T09:57:32,P004999|P001053|P000433
M000233,Downtown Cafe,2025-09-17T06:48:02,P004995|P000316|P001396
M000234,Private Villa,2025-05-05T05:29:43,P004997|P001723|P001733
M000235,Abandoned Factory,2025-10-13T20:37:26,P004999|P001053|P000433
M000236,Riverside Docks,2025-09-05T05:16:24,P005000|P002044|P002934
M000237,Private Villa,2025-01-05T06:49:36,P004995|P000005|P000515
M000238,Downtown Cafe,2025-10-11T11:36:02,P004998|P001544|P002164
M000239,Warehouse District,2025-04-30T16:15:32,P004999|P002758|P000738
M000240,Riverside Docks,2025-05-11T18:27:22,P004996|P002207|P002547
M000241,Storage Facility 12,2025-08-14T02:38:41,P004998|P000777|P001087
M000242,Backroom - Lucky Star Bar,2025-03-02T09:11:28,P005000|P003232|P000422
M000243,Backroom - Lucky Star Bar,2025-06-19T00:20:21,P004995|P000316|P001396
M000244,Parking Garage B,2025-11-09T16:28:28,P004996|P002207|P002547
M000245,Warehouse District,2025-10-22T22:09:29,P005000|P002044|P002934
M000246,Riverside Docks,2025-09-08T23:20:01,P004998|P000777|P001087
M000247,Downtown Cafe,2025-05-16T00:47:41,P004999|P002758|P000738
M000248,Parking Garage B,2025-02-15T07:44:43,P004995|P000316|P001396
M000249,Parking Garage B,2025-04-15T06:10:09,P004999|P002758|P000738
M000250,Parking Garage B,2025-02-25T02:44:02,P004997|P000965|P002215
M000251,Storage Facility 12,2025-07-22T10:26:59,P004998|P001544|P002164
M000252,Storage Facility 12,2025-11-29T01:35:50,P004998|P000600
M000253,Abandoned Factory,2025-06-28T00:51:51,P004998|P000777|P001087
M000254,Downtown Cafe,2025-10-22T03:35:32,P004995|P002887|P002327
M000255,Private Villa,2025-06-05T19:11:49,P004997|P000965|P002215
M000256,Abandoned Factory,2025-08-30T07:04:32,P004999|P001053|P000433
M000257,Riverside Docks,2025-06-01T13:05:21,P004995|P000316|P001396
M000258,Parking Garage B,2025-07-16T00:34:36,P004997|P000965|P002215
M000259,Warehouse District,2025-11-07T12:53:29,P004995|P002887|P002327
M000260,Storage Facility 12,2025-11-22T09:08:03,P004997|P001723|P001733
M000261,Warehouse District,2025-06-26T09:15:37,P004996|P003265
M000262,Backroom - Lucky Star Bar,2025-11-27T22:20:00,P005000|P003232|P000422
M000263,Storage Facility 12,2025-06-09T05:34:03,P004997|P001723|P001733
M000264,Backroom - Lucky Star Bar,2025-08-09T03:34:39,P004997|P001723|P001733
M000265,Downtown Cafe,2025-01-13T18:30:04,P005000|P002044|P002934
M000266,Storage Facility 12,2025-05-01T23:25:08,P004996|P002207|P002547
M000267,Abandoned Factory,2025-07-06T10:54:21,P004995|P002887|P002327
M000268,Warehouse District,2025-03-02T00:14:00,P004997|P000799
M000269,Parking Garage B,2025-04-23T18:00:08,P004997|P000799
M000270,Storage Facility 12,2025-11-21T04:50:48,P004997|P001723|P001733
M000271,Backroom - Lucky Star Bar,2025-07-12T18:35:04,P004995|P000316|P001396
M000272,Warehouse District,2025-03-31T02:46:02,P005000|P003232|P000422
M000273,Abandoned Factory,2025-08-01T13:47:36,P004996|P003265
M000274,Storage Facility 12,2025-05-22T11:50:49,P004998|P000600
M000275,Backroom - Lucky Star Bar,2025-11-05T08:32:01,P004999|P002758|P000738
M000276,Parking Garage B,2025-02-22T20:41:57,P004997|P000965|P002215
M000277,Warehouse District,2025-06-17T05:12:23,P004998|P000600
M000278,Riverside Docks,2025-01-07T10:05:47,P004998|P000600
M000279,Downtown Cafe,2025-08-02T17:43:58,P004995|P002887|P002327
M000280,Private Villa,2025-01-31T15:55:06,P004997|P000799
M000281,Riverside Docks,2025-02-09T15:51:05,P005000|P002044|P002934
M000282,Backroom - Lucky Star Bar,2025-02-05T02:27:33,P004998|P000777|P001087
M000283,Parking Garage B,2025-11-07T23:48:05,P005000|P003232|P000422
M000284,Warehouse District,2025-10-31T13:31:07,P004995|P000005|P000515
M000285,Backroom - Lucky Star Bar,2025-09-05T08:09:19,P004996|P003265
M000286,Abandoned Factory,2025-03-11T16:22:03,P004998|P001544|P002164
M000287,Warehouse District,2025-10-11T02:52:35,P004997|P001723|P001733
M000288,Backroom - Lucky Star Bar,2025-03-19T15:59:51,P004997|P001723|P001733
M000289,Downtown Cafe,2025-10-22T09:02:00,P004998|P001544|P002164
M000290,Abandoned Factory,2025-02-24T01:01:38,P005000|P003232|P000422
M000291,Riverside Docks,2025-11-29T11:12:29,P004998|P001544|P002164
M000292,Abandoned Factory,2025-10-04T12:19:23,P004998|P001544|P002164
M000293,Parking Garage B,2025-09-04T06:20:11,P004999|P002758|P000738
M000294,Storage Facility 12,2025-07-21T02:25:41,P004998|P000777|P001087
M000295,Private Villa,2025-06-23T08:52:11,P004999|P002758|P000738
M000296,Riverside Docks,2025-11-12T13:25:22,P004997|P001723|P001733
M000297,Abandoned Factory,2025-04-27T03:56:31,P004998|P001544|P002164
M000298,Downtown Cafe,2025-06-09T11:25:27,P004998|P001544|P002164
M000299,Riverside Docks,2025-11-25T13:19:16,P004997|P000965|P002215
M000300,Downtown Cafe,2025-08-21T19:12:10,P004995|P002887|P002327
M000301,Warehouse District,2025-11-05T11:32:34,P004998|P001544|P002164
M000302,Warehouse District,2025-02-17T16:39:06,P004996|P002207|P002547
M000303,Warehouse District,2025-03-13T18:44:25,P004997|P000799
M000304,Abandoned Factory,2025-10-30T12:24:40,P004999|P002758|P000738
M000305,Storage Facility 12,2025-05-30T16:41:16,P004995|P002887|P002327
M000306,Warehouse District,2025-03-22T14:10:03,P004999|P002758|P000738
M000307,Storage Facility 12,2025-05-22T21:49:44,P004995|P000005|P000515
M000308,Backroom - Lucky Star Bar,2025-11-27T23:44:53,P004997|P000799
M000309,Warehouse District,2025-09-05T06:29:06,P004995|P000005|P000515
M000310,Parking Garage B,2025-10-04T13:20:19,P004998|P000777|P001087
M000311,Storage Facility 12,2025-09-06T22:26:49,P004997|P001723|P001733
M000312,Backroom - Lucky Star Bar,2025-09-22T21:50:52,P004998|P000600
M000313,Abandoned Factory,2025-11-12T11:56:06,P004998|P001544|P002164
M000314,Backroom - Lucky Star Bar,2025-07-07T08:52:03,P004997|P001723|P001733
M000315,Riverside Docks,2025-01-12T07:29:50,P004996|P002207|P002547
M000316,Storage Facility 12,2025-05-07T19:25:54,P005000|P003232|P000422
M000317,Private Villa,2025-02-20T01:40:01,P004998|P000600
M000318,Abandoned Factory,2025-04-20T00:13:53,P004998|P000600
M000319,Downtown Cafe,2025-05-15T06:38:36,P004996|P003265
M000320,Parking Garage B,2025-07-15T00:45:00,P004997|P001723|P001733
M000321,Riverside Docks,2025-03-31T23:12:09,P004995|P000316|P001396
M000322,Parking Garage B,2025-07-09T08:48:28,P004998|P001544|P002164
M000323,Downtown Cafe,2025-12-01T16:27:41,P005000|P002044|P002934
M000324,Private Villa,2025-01-26T11:01:49,P004998|P000600
M000325,Storage Facility 12,2025-05-23T14:27:57,P004998|P000777|P001087
M000326,Backroom - Lucky Star Bar,2025-02-28T22:47:11,P004996|P002207|P002547
M000327,Parking Garage B,2025-02-26T16:55:23,P004998|P001544|P002164
M000328,Backroom - Lucky Star Bar,2025-05-28T02:07:57,P005000|P002044|P002934
M000329,Storage Facility 12,2025-12-24T17:59:56,P004998|P000777|P001087
M000330,Abandoned Factory,2025-09-20T03:16:33,P004996|P003265
M000331,Warehouse District,2025-07-18T09:48:36,P004996|P002207|P002547
M000332,Downtown Cafe,2025-11-16T18:54:06,P004998|P000777|P001087
M000333,Downtown Cafe,2025-12-06T14:55:39,P004996|P002207|P002547
M000334,Private Villa,2025-03-24T02:11:07,P004998|P001544|P002164
M000335,Backroom - Lucky Star Bar,2025-07-14T23:03:49,P004999|P002758|P000738
M000336,Riverside Docks,2025-03-24T04:58:43,P004998|P000777|P001087
M000337,Abandoned Factory,2025-12-15T11:22:16,P004997|P001723|P001733
M000338,Private Villa,2025-10-11T22:45:10,P005000|P003232|P000422
M000339,Private Villa,2025-07-25T17:43:14,P004998|P001544|P002164
M000340,Backroom - Lucky Star Bar,2025-03-17T12:39:38,P005000|P003232|P000422
M000341,Parking Garage B,2025-12-14T07:13:47,P004997|P001723|P001733
M000342,Parking Garage B,2025-02-01T23:55:00,P004998|P001544|P002164
M000343,Parking Garage B,2025-12-15T07:43:01,P004998|P001544|P002164
M000344,Backroom - Lucky Star Bar,2025-06-06T20:45:40,P004998|P001544|P002164
M000345,Riverside Docks,2025-12-22T21:52:56,P004997|P001723|P001733
M000346,Riverside Docks,2025-06-04T16:37:04,P004995|P000005|P000515
M000347,Storage Facility 12,2025-04-13T21:32:25,P004996|P002207|P002547
M000348,Downtown Cafe,2025-12-26T16:59:17,P004995|P002887|P002327
M000349,Riverside Docks,2025-07-20T02:54:58,P004996|P002207|P002547
M000350,Abandoned Factory,2025-06-23T12:55:28,P004997|P001723|P001733
M000351,Abandoned Factory,2025-03-02T22:47:16,P005000|P002044|P002934
M000352,Storage Facility 12,2025-02-17T09:45:14,P004996|P002207|P002547
M000353,Storage Facility 12,2025-07-01T04:05:26,P005000|P002044|P002934
M000354,Warehouse District,2025-11-28T19:29:13,P004998|P000600
M000355,Private Villa,2025-09-25T20:23:25,P004999|P001053|P000433
M000356,Private Villa,2025-03-10T10:26:45,P004999|P002758|P000738
M000357,Abandoned Factory,2025-08-16T00:10:24,P004999|P001053|P000433
M000358,Parking Garage B,2025-12-09T22:39:21,P004995|P002887|P002327
M000359,Abandoned Factory,2025-03-02T01:20:47,P004995|P000005|P000515
M000360,Storage Facility 12,2025-04-07T19:30:59,P004995|P000005|P000515
M000361,Downtown Cafe,2025-09-05T10:49:04,P004995|P000316|P001396
M000362,Riverside Docks,2025-11-26T20:34:58,P004999|P002758|P000738
M000363,Backroom - Lucky Star Bar,2025-02-02T01:21:13,P005000|P002044|P002934
M000364,Abandoned Factory,2025-02-21T01:58:33,P004996|P003265
M000365,Riverside Docks,2025-09-08T13:35:16,P004998|P001544|P002164
M000366,Parking Garage B,2025-05-07T22:22:23,P004996|P002207|P002547
M000367,Abandoned Factory,2025-11-10T23:04:57,P004998|P001544|P002164
M000368,Parking Garage B,2025-01-16T11:16:08,P004998|P000600
M000369,Storage Facility 12,2025-03-15T14:24:45,P004998|P001544|P002164
M000370,Storage Facility 12,2025-04-01T03:22:25,P004999|P001053|P000433
M000371,Parking Garage B,2025-06-10T06:35:23,P004995|P000316|P001396
M000372,Storage Facility 12,2025-09-04T00:55:03,P004997|P000799
M000373,Abandoned Factory,2025-09-09T11:25:04,P004996|P002207|P002547
M000374,Warehouse District,2025-12-22T02:12:39,P004996|P002207|P002547
M000375,Warehouse District,2025-01-10T16:31:42,P004997|P000799
M000376,Parking Garage B,2025-08-06T09:34:26,P004997|P000965|P002215
M000377,Private Villa,2025-12-07T12:08:04,P004998|P001544|P002164
M000378,Private Villa,2025-09-21T19:19:15,P004999|P001053|P000433
M000379,Storage Facility 12,2025-05-01T00:18:30,P005000|P003232|P000422
M000380,Warehouse District,2025-10-26T00:23:49,P004997|P000799
M000381,Parking Garage B,2025-03-11T00:34:26,P005000|P003232|P000422
M000382,Downtown Cafe,2025-07-08T04:13:24,P004996|P002207|P002547
M000383,Storage Facility 12,2025-07-23T20:26:06,P004997|P001723|P001733
M000384,Private Villa,2025-06-01T19:08:35,P004995|P002887|P002327
M000385,Warehouse District,2025-11-01T19:44:14,P004997|P001723|P001733
M000386,Storage Facility 12,2025-07-01T16:20:54,P004995|P000316|P001396
M000387,Riverside Docks,2025-09-22T09:30:55,P004995|P002887|P002327
M000388,Parking Garage B,2025-08-02T20:24:25,P004995|P002887|P002327
M000389,Downtown Cafe,2025-05-20T09:07:00,P004997|P001723|P001733
M000390,Riverside Docks,2025-02-06T23:54:41,P004995|P002887|P002327
M000391,Private Villa,2025-07-08T22:07:47,P004999|P001053|P000433
M000392,Riverside Docks,2025-09-19T00:16:56,P004999|P002758|P000738
M000393,Storage Facility 12,2025-12-06T04:53:29,P004997|P000965|P002215
M000394,Downtown Cafe,2025-09-12T07:37:45,P004996|P002207|P002547
M000395,Storage Facility 12,2025-11-20T23:47:52,P004996|P002207|P002547
M000396,Storage Facility 12,2025-07-07T19:46:41,P004998|P000600
M000397,Riverside Docks,2025-07-10T11:59:55,P004998|P000600
M000398,Warehouse District,2025-02-21T14:49:02,P004997|P000799
M000399,Storage Facility 12,2025-09-09T04:51:48,P004997|P000799
M000400,Abandoned Factory,2025-05-09T12:22:01,P004995|P000316|P001396
M000401,Private Villa,2025-06-09T19:51:11,P000851|P000351
M000402,Abandoned Factory,2025-01-14T03:02:45,P000703|P000273|P002823|P001283|P000753|P002693
M000403,Riverside Docks,2025-05-19T06:09:03,P002084|P003114|P002944|P001284|P002784
M000404,Backroom - Lucky Star Bar,2025-08-07T06:52:46,P000374|P001104|P003204
M000405,Downtown Cafe,2025-02-19T02:28:47,P000010|P002780
M000406,Riverside Docks,2025-05-19T02:19:29,P003008|P001108|P002368|P002788|P000988
M000407,Warehouse District,2025-04-05T19:52:01,P001014|P001394
M000408,Parking Garage B,2025-07-02T02:31:51,P001971|P002981|P001111|P001861
M000409,Downtown Cafe,2025-07-17T07:55:06,P000512|P000662|P000892
M000410,Riverside Docks,2025-06-05T23:15:08,P003064|P003114|P002424
M000411,Riverside Docks,2025-10-15T22:40:51,P000343|P002353|P000493|P000143|P002953
M000412,Warehouse District,2025-06-05T10:51:48,P002882|P002392|P000222|P002662|P003372
M000413,Backroom - Lucky Star Bar,2025-09-08T20:16:25,P002263|P001003|P003463|P001273|P000853
M000414,Warehouse District,2025-10-27T17:37:46,P000644|P002094|P002834|P001504|P002464
M000415,Downtown Cafe,2025-05-15T18:09:46,P001659|P001169|P002249|P002159
M000416,Riverside Docks,2025-06-27T21:44:39,P000967|P002107
M000417,Storage Facility 12,2025-08-26T10:38:54,P001162|P000142|P001082
M000418,Backroom - Lucky Star Bar,2025-12-25T17:32:35,P002363|P002423|P000423|P002963|P003283|P002323
M000419,Warehouse District,2025-08-22T22:23:26,P000167|P002407|P000997|P001397
M000420,Private Villa,2025-11-09T19:15:39,P002430|P000150
M000421,Riverside Docks,2025-09-29T03:09:41,P000380|P002920|P002030|P002530|P000770
M000422,Warehouse District,2025-08-13T12:01:45,P001077|P003487|P001487|P000167
M000423,Riverside Docks,2025-06-12T17:23:08,P003272|P000682|P001612
M000424,Warehouse District,2025-01-27T01:40:49,P001577|P000817|P000337|P000957|P000857
M000425,Backroom - Lucky Star Bar,2025-01-08T21:48:16,P000782|P002642
M000426,Riverside Docks,2025-04-11T06:34:28,P002392|P002652|P002952|P000782|P000132|P000842
M000427,Storage Facility 12,2025-10-21T12:50:01,P001137|P000047|P002077|P001557|P001677|P002727
M000428,Parking Garage B,2025-03-11T12:36:09,P002370|P000210|P000380|P001160|P000540
M000429,Backroom - Lucky Star Bar,2025-01-07T20:52:23,P002230|P002700|P000690|P002510
M000430,Backroom - Lucky Star Bar,2025-03-09T10:58:46,P002394|P000434
M000431,Downtown Cafe,2025-10-26T08:25:08,P002758|P000888|P000868|P001098|P001178
M000432,Private Villa,2025-11-29T21:56:45,P000250|P001810|P000830|P000390|P001280|P000310
M000433,Abandoned Factory,2025-12-05T10:00:03,P000146|P001946|P001056|P003246|P003356|P002696
M000434,Warehouse District,2025-04-07T01:03:37,P000737|P002917
M000435,Backroom - Lucky Star Bar,2025-08-14T01:11:24,P001483|P000093|P002163|P000773|P002123|P002313
M000436,Private Villa,2025-06-08T06:55:18,P002492|P001792|P001512|P002822
M000437,Storage Facility 12,2025-09-12T15:29:04,P002563|P002633|P001613|P001343
M000438,Warehouse District,2025-10-09T17:07:02,P001152|P000792|P000592|P001952|P002372
M000439,Private Villa,2025-01-10T14:21:49,P002592|P001292|P000122
M000440,Private Villa,2025-06-20T02:42:04,P000912|P000152|P002812|P003402|P000662|P002152
M000441,Storage Facility 12,2025-08-08T13:16:45,P002588|P000088|P000628|P000228|P002508
M000442,Downtown Cafe,2025-08-18T23:08:42,P002765|P000495|P003285|P003145|P000785|P002205
M000443,Downtown Cafe,2025-06-19T10:41:12,P000683|P003043
M000444,Storage Facility 12,2025-08-26T04:50:22,P001652|P000932|P000892|P002802|P003072
M000445,Parking Garage B,2025-08-04T04:55:12,P003300|P000820|P002610
M000446,Downtown Cafe,2025-04-24T22:33:42,P002114|P000414|P002804|P001264|P002814|P001974
M000447,Riverside Docks,2025-04-11T19:05:33,P002134|P000354|P002904|P001334|P002294
M000448,Downtown Cafe,2025-11-14T21:44:40,P001644|P003494
M000449,Private Villa,2025-02-22T01:21:30,P003352|P000082
M000450,Riverside Docks,2025-10-22T23:47:50,P002030|P001060|P000270|P002670|P000640
M000451,Private Villa,2025-06-09T15:37:21,P002593|P002863|P001203|P002113
M000452,Private Villa,2025-01-21T22:31:38,P001933|P003253
M000453,Abandoned Factory,2025-11-12T00:47:40,P001209|P001449|P001109
M000454,Parking Garage B,2025-01-11T21:25:37,P002534|P000724|P002584|P001294
M000455,Downtown Cafe,2025-02-17T05:43:44,P002683|P002303|P001073
M000456,Warehouse District,2025-10-30T03:15:46,P003283|P003193|P003303
M000457,Downtown Cafe,2025-08-28T00:30:50,P002206|P001086
M000458,Abandoned Factory,2025-02-14T19:47:41,P000816|P002696|P000776|P000896|P001926|P001126
M000459,Abandoned Factory,2025-04-17T03:48:43,P000172|P000142
M000460,Abandoned Factory,2025-10-10T13:13:52,P003144|P000934|P003204
M000461,Private Villa,2025-12-11T20:21:06,P000859|P001039|P000089|P000449|P001829|P000439
M000462,Warehouse District,2025-09-10T15:36:06,P001155|P002675|P000305|P002885|P003435|P000165
M000463,Warehouse District,2025-03-28T10:09:44,P003477|P000227|P000557|P003247|P002467
M000464,Downtown Cafe,2025-11-25T11:49:53,P001205|P003385|P003485
M000465,Parking Garage B,2025-06-13T01:53:19,P000505|P002445
M000466,Backroom - Lucky Star Bar,2025-07-11T09:22:27,P001559|P000319|P000679|P001929|P000929
M000467,Parking Garage B,2025-06-12T03:49:10,P003326|P001416|P001636
M000468,Parking Garage B,2025-08-19T05:10:21,P003342|P000462|P000572
M000469,Private Villa,2025-12-21T20:01:48,P000004|P001144
M000470,Downtown Cafe,2025-11-16T14:47:34,P003364|P001614|P003174
M000471,Warehouse District,2025-04-30T04:42:13,P001675|P001215|P000525|P000225|P000865
M000472,Parking Garage B,2025-06-10T06:38:46,P001062|P001602
M000473,Storage Facility 12,2025-04-26T03:30:34,P001263|P002983|P003403|P001933|P000893
M000474,Private Villa,2025-08-22T20:24:29,P003142|P001452
M000475,Warehouse District,2025-02-21T14:24:46,P000780|P002130|P001120|P002250|P003430
M000476,Riverside Docks,2025-09-22T22:13:09,P003363|P003083
M000477,Warehouse District,2025-01-28T07:18:06,P003156|P003426|P002496|P003086
M000478,Storage Facility 12,2025-02-08T02:47:16,P000327|P001577|P001317|P000927
M000479,Parking Garage B,2025-03-01T09:41:32,P000627|P000297|P001717|P002597|P001797|P000417
M000480,Downtown Cafe,2025-05-09T09:38:22,P002478|P001608
M000481,Storage Facility 12,2025-01-16T19:40:37,P001910|P000930|P000290|P003020|P000800
M000482,Abandoned Factory,2025-10-26T03:36:08,P002272|P000712|P002342
M000483,Warehouse District,2025-03-24T13:25:09,P000857|P002877|P003157|P003067
M000484,Storage Facility 12,2025-12-23T15:26:34,P001196|P001666|P002536
M000485,Private Villa,2025-09-12T18:46:52,P002258|P000088
M000486,Backroom - Lucky Star Bar,2025-03-15T10:05:47,P001930|P001230|P003110|P001170|P001470
M000487,Parking Garage B,2025-10-29T09:37:16,P000858|P001838|P001338|P000708|P001428
M000488,Riverside Docks,2025-07-31T16:09:10,P003182|P001952|P001832
M000489,Abandoned Factory,2025-10-26T12:31:12,P003269|P000649
M000490,Private Villa,2025-06-18T12:17:54,P001123|P001173
M000491,Riverside Docks,2025-01-19T15:57:14,P003068|P002688
M000492,Abandoned Factory,2025-04-30T01:40:26,P000748|P001208|P001898
M000493,Storage Facility 12,2025-09-10T11:23:21,P002902|P001782|P002312
M000494,Backroom - Lucky Star Bar,2025-08-16T19:44:18,P001445|P000105|P002935|P001975
M000495,Backroom - Lucky Star Bar,2025-07-25T04:48:26,P001243|P002083|P001273|P001663|P003193
M000496,Warehouse District,2025-10-06T01:31:42,P002954|P001174|P003474|P001474
M000497,Parking Garage B,2025-09-18T23:10:09,P003442|P002452|P001862|P000422|P003382
M000498,Abandoned Factory,2025-03-07T16:13:44,P000070|P000330|P000870|P001970|P001240|P001590
M000499,Backroom - Lucky Star Bar,2025-11-28T04:19:49,P000487|P000697|P001147
M000500,Riverside Docks,2025-08-23T05:31:38,P001307|P000147|P003337
M000501,Storage Facility 12,2025-09-13T19:14:49,P000641|P001501|P002921
M000502,Storage Facility 12,2025-10-08T17:02:49,P001318|P001698|P000148|P001918|P001978
M000503,Downtown Cafe,2025-01-16T20:28:06,P001360|P002660|P001070|P001890
M000504,Private Villa,2025-08-01T19:51:01,P000950|P001180|P003490|P001930
M000505,Warehouse District,2025-03-02T12:59:35,P003486|P003006
M000506,Warehouse District,2025-04-04T09:01:49,P001386|P000006|P001306|P000686
M000507,Private Villa,2025-04-26T19:15:15,P001340|P001970|P000490
M000508,Private Villa,2025-01-20T16:40:11,P001538|P001348
M000509,Parking Garage B,2025-06-11T19:25:58,P000554|P001634|P002644
M000510,Private Villa,2025-03-19T08:55:51,P002219|P001549|P000809|P001169|P003069
M000511,Warehouse District,2025-09-30T09:34:45,P002860|P001040|P001650|P002810|P001020|P001370
M000512,Downtown Cafe,2025-08-22T14:20:00,P001083|P000563|P000663
M000513,Riverside Docks,2025-11-06T04:35:17,P000142|P000892
M000514,Parking Garage B,2025-07-29T22:38:41,P002791|P002191|P000901|P002001|P001171|P002771
M000515,Warehouse District,2025-06-19T17:49:09,P002286|P000276|P001656|P000336|P001466
M000516,Private Villa,2025-06-11T15:44:12,P000180|P000580
M000517,Abandoned Factory,2025-05-17T19:19:22,P001362|P002882|P000132|P003422|P002142|P001682
M000518,Backroom - Lucky Star Bar,2025-06-29T02:03:46,P001172|P001242|P001442|P001622
M000519,Riverside Docks,2025-10-25T18:06:17,P002035|P002465|P001965|P003365
M000520,Storage Facility 12,2025-12-05T05:35:07,P000945|P003415|P002575|P002175|P001675|P000425
M000521,Parking Garage B,2025-05-27T20:49:36,P003164|P000644|P000114|P002454|P003254
M000522,Riverside Docks,2025-08-12T23:59:36,P000633|P000703|P000653
M000523,Downtown Cafe,2025-10-25T21:08:34,P002381|P001151|P000661|P000281|P000711|P002081
M000524,Storage Facility 12,2025-03-23T08:25:30,P000749|P003049|P000619|P002919|P001069|P003209
M000525,Backroom - Lucky Star Bar,2025-03-28T16:13:20,P002449|P003159|P000349|P000559|P002289|P002519
M000526,Storage Facility 12,2025-05-24T15:22:24,P000047|P001997|P002217|P002317|P003207
M000527,Downtown Cafe,2025-10-28T17:23:30,P001096|P000876
M000528,Abandoned Factory,2025-06-18T04:07:47,P000500|P001070
M000529,Abandoned Factory,2025-12-29T10:52:37,P000439|P000409|P002409|P001269
M000530,Private Villa,2025-09-03T16:54:35,P001365|P003255|P001465|P003355
M000531,Storage Facility 12,2025-03-12T07:56:31,P003118|P000008|P002998|P001758|P001928
M000532,Parking Garage B,2025-05-23T16:40:22,P003296|P001216|P002576|P003386|P003056
M000533,Downtown Cafe,2025-06-25T12:28:31,P002994|P001634
M000534,Parking Garage B,2025-01-14T17:55:16,P002391|P000851|P000441|P001581|P001551|P003251
M000535,Riverside Docks,2025-07-18T02:29:32,P003276|P001756|P002696|P000966|P002626
M000536,Warehouse District,2025-01-18T11:44:12,P002085|P002585|P002185|P001225
M000537,Storage Facility 12,2025-04-29T12:33:50,P002645|P000085
M000538,Parking Garage B,2025-12-10T00:39:37,P001339|P002059|P002579|P000969|P000849
M000539,Parking Garage B,2025-01-30T02:41:56,P000583|P002503|P002223
M000540,Storage Facility 12,2025-09-26T08:13:40,P001878|P002388
M000541,Private Villa,2025-05-19T13:25:11,P002661|P000071|P001321|P001751|P002321
M000542,Riverside Docks,2025-06-02T05:45:40,P000288|P003108|P002658
M000543,Parking Garage B,2025-08-05T17:01:20,P001032|P002522|P002432|P001512|P002702|P002222
M000544,Backroom - Lucky Star Bar,2025-07-08T00:36:55,P001936|P000986|P000876
M000545,Abandoned Factory,2025-04-21T20:02:01,P000906|P003126|P001086
M000546,Private Villa,2025-10-23T22:21:09,P002911|P002081|P001721|P000701
M000547,Abandoned Factory,2025-10-15T08:34:07,P003450|P001610|P000460|P000430|P000100
M000548,Abandoned Factory,2025-01-30T16:06:26,P003073|P001263|P002503|P000923|P002213|P001563
M000549,Abandoned Factory,2025-04-25T16:46:28,P002922|P000792|P000942|P001822|P001992
M000550,Abandoned Factory,2025-04-01T00:08:54,P001963|P002303|P001743
M000551,Parking Garage B,2025-06-22T06:08:57,P003273|P002953|P002693
M000552,Private Villa,2025-07-30T03:45:29,P000498|P002548|P001748|P003078|P001888|P001388
M000553,Private Villa,2025-03-10T04:48:36,P003411|P001671|P002841|P002941
M000554,Storage Facility 12,2025-07-02T18:40:32,P002780|P001840|P000170
M000555,Backroom - Lucky Star Bar,2025-08-28T16:08:57,P000612|P001882|P002202|P001352
M000556,Warehouse District,2025-10-10T06:34:27,P000803|P002943|P001783
M000557,Backroom - Lucky Star Bar,2025-09-26T09:23:09,P002279|P001489|P002019
M000558,Private Villa,2025-01-14T15:01:12,P003225|P003095|P002375|P002195
M000559,Downtown Cafe,2025-01-22T22:56:49,P002354|P002304
M000560,Parking Garage B,2025-02-09T19:11:01,P003278|P001988
M000561,Warehouse District,2025-01-19T03:59:43,P002495|P000145|P001875|P001375|P000895|P000345
M000562,Private Villa,2025-08-27T00:24:38,P002644|P000524|P000904|P000464
M000563,Downtown Cafe,2025-11-15T11:45:24,P000250|P003080|P001610|P003260|P000310
M000564,Warehouse District,2025-12-14T10:43:07,P000281|P002861|P000731
M000565,Parking Garage B,2025-08-14T20:34:50,P002713|P001653|P000203|P000693
M000566,Riverside Docks,2025-03-21T04:51:19,P000307|P002467|P002457|P002487
M000567,Riverside Docks,2025-01-10T19:43:15,P002137|P002657
M000568,Riverside Docks,2025-05-30T09:55:01,P001225|P003245
M000569,Riverside Docks,2025-12-19T14:55:15,P002315|P001115|P001085|P001195
M000570,Backroom - Lucky Star Bar,2025-11-04T20:46:01,P001405|P001545|P001305|P000345|P001075
M000571,Riverside Docks,2025-02-15T08:13:39,P000247|P003087|P003247|P001697|P002537
M000572,Storage Facility 12,2025-06-24T23:19:56,P000217|P003337|P003107|P001807|P002097|P002637
M000573,Downtown Cafe,2025-01-02T02:53:03,P001793|P000463
M000574,Backroom - Lucky Star Bar,2025-03-07T17:15:03,P001571|P002591|P002581|P001191
M000575,Abandoned Factory,2025-01-19T19:02:25,P003003|P001023|P000293|P002523|P002013
M000576,Riverside Docks,2025-03-24T20:46:24,P003046|P000446|P002216|P001046
M000577,Parking Garage B,2025-08-13T15:30:43,P002918|P000128|P001448|P000298
M000578,Warehouse District,2025-10-15T02:41:06,P000700|P002560|P001350|P002710|P002020|P000630
M000579,Riverside Docks,2025-06-05T15:46:41,P001973|P002743
M000580,Riverside Docks,2025-03-15T21:40:46,P000139|P001379|P000979
M000581,Riverside Docks,2025-02-12T19:16:08,P001431|P002031|P001021|P000101
M000582,Riverside Docks,2025-01-14T11:56:22,P002988|P002518|P002048
M000583,Warehouse District,2025-12-18T19:05:25,P001814|P002394
M000584,Parking Garage B,2025-06-24T04:13:05,P002444|P003344|P001284|P000174|P002374|P000254
M000585,Riverside Docks,2025-04-04T17:12:35,P002383|P000673|P000253
M000586,Abandoned Factory,2025-06-11T19:01:27,P001174|P002424|P001304|P001134|P002104
M000587,Private Villa,2025-04-26T18:36:52,P002917|P001957|P003017|P000887|P002377
M000588,Riverside Docks,2025-12-30T21:32:12,P001243|P002333|P003073|P001383|P000733
M000589,Warehouse District,2025-11-11T06:10:32,P000761|P001991
M000590,Riverside Docks,2025-04-27T02:15:19,P000149|P002099|P001759|P002239|P001979|P001809
M000591,Riverside Docks,2025-07-01T01:52:33,P002084|P002534
M000592,Abandoned Factory,2025-11-24T20:47:55,P002810|P001980|P001210|P003390|P001940
M000593,Backroom - Lucky Star Bar,2025-10-16T06:48:55,P000620|P001550
M000594,Riverside Docks,2025-10-05T02:06:40,P002928|P002078|P000298|P001118
M000595,Parking Garage B,2025-05-14T11:04:57,P001091|P002731|P002661
M000596,Storage Facility 12,2025-10-05T03:54:29,P001829|P000789
M000597,Riverside Docks,2025-06-17T01:41:30,P002183|P002003|P000593|P003103
M000598,Private Villa,2025-08-07T03:29:59,P000592|P002962|P003472|P002822
M000599,Storage Facility 12,2025-06-14T08:46:13,P000172|P002322|P000722|P000542|P003352|P002992
M000600,Backroom - Lucky Star Bar,2025-03-28T13:24:04,P002339|P002849
M000601,Storage Facility 12,2025-06-14T23:30:07,P000630|P001550|P003210|P001440
M000602,Downtown Cafe,2025-03-31T20:46:54,P000812|P001962|P001782|P001762
M000603,Warehouse District,2025-11-10T22:46:16,P003415|P002655|P001015|P002045|P001645
M000604,Backroom - Lucky Star Bar,2025-01-25T04:06:47,P002638|P002148|P001668|P000238
M000605,Parking Garage B,2025-12-24T13:28:10,P003488|P001208|P000738|P002438
M000606,Riverside Docks,2025-06-02T02:20:50,P002987|P002827
M000607,Backroom - Lucky Star Bar,2025-06-28T15:30:09,P000309|P002289|P002349|P001669
M000608,Abandoned Factory,2025-04-27T03:26:08,P000973|P001043|P001983|P000743
M000609,Storage Facility 12,2025-05-20T23:27:44,P000850|P001120|P001450|P002420|P000730
M000610,Downtown Cafe,2025-10-21T12:52:21,P000016|P002596|P000536
M000611,Downtown Cafe,2025-01-16T02:32:45,P002668|P003228|P002078
M000612,Warehouse District,2025-08-06T13:55:55,P003321|P000021|P001531|P001441|P000141|P001101
M000613,Abandoned Factory,2025-08-20T14:24:20,P002905|P001405|P000305
M000614,Riverside Docks,2025-11-02T03:08:14,P000754|P002284|P003004|P000104|P002894|P002014
M000615,Parking Garage B,2025-08-11T02:45:06,P001996|P000146|P001936|P001066
M000616,Storage Facility 12,2025-12-22T00:44:41,P002849|P002059|P002969|P003259
M000617,Backroom - Lucky Star Bar,2025-09-07T03:35:20,P003149|P001619|P002229
M000618,Abandoned Factory,2025-03-31T21:00:22,P002375|P001615|P000805|P000255|P001015
M000619,Parking Garage B,2025-03-07T03:29:05,P000536|P002926|P003446|P001286|P002716
M000620,Parking Garage B,2025-06-05T20:53:29,P001681|P000901|P001791|P000621|P001271|P000611
M000621,Warehouse District,2025-12-29T07:47:14,P000372|P003442|P003372|P000072
M000622,Riverside Docks,2025-06-28T09:46:12,P001565|P001515|P002865
M000623,Parking Garage B,2025-08-19T10:41:46,P001817|P001697
M000624,Warehouse District,2025-08-26T19:47:21,P001035|P000955
M000625,Storage Facility 12,2025-08-29T19:43:02,P000026|P001356|P001556|P003456|P002446
M000626,Backroom - Lucky Star Bar,2025-12-15T00:30:23,P000666|P002006
M000627,Riverside Docks,2025-08-16T07:41:30,P003216|P002906|P001306
M000628,Parking Garage B,2025-01-07T13:54:28,P002536|P000776|P003116
M000629,Private Villa,2025-07-08T23:13:07,P003357|P000297
M000630,Backroom - Lucky Star Bar,2025-02-24T13:48:42,P000289|P001439|P001569|P003089
M000631,Parking Garage B,2025-09-28T06:24:56,P002390|P002160|P000120|P001550|P002740|P002290
M000632,Private Villa,2025-08-12T15:47:09,P001400|P003370
M000633,Backroom - Lucky Star Bar,2025-02-21T19:07:30,P003183|P000043|P000663
M000634,Backroom - Lucky Star Bar,2025-07-25T07:53:49,P003084|P003254|P000434
M000635,Riverside Docks,2025-02-28T22:02:28,P003417|P002647
M000636,Backroom - Lucky Star Bar,2025-04-06T15:15:58,P002522|P001732|P002022|P002382|P003132
M000637,Storage Facility 12,2025-04-23T05:07:30,P002241|P002661
M000638,Backroom - Lucky Star Bar,2025-07-20T18:49:08,P002122|P001732|P001272|P000802|P000872
M000639,Backroom - Lucky Star Bar,2025-09-05T06:25:25,P001842|P003062|P002332|P000622|P002652
M000640,Downtown Cafe,2025-10-19T00:51:30,P002686|P000976|P003146|P000886|P000286|P002416
M000641,Warehouse District,2025-06-09T18:10:16,P003149|P001629|P002309|P003059
M000642,Downtown Cafe,2025-04-16T08:32:01,P003413|P001153|P000223|P000653|P001683
M000643,Downtown Cafe,2025-03-14T07:34:08,P000313|P003203|P001253|P001733
M000644,Riverside Docks,2025-10-09T10:25:21,P001070|P001470
M000645,Abandoned Factory,2025-08-08T19:01:28,P002499|P002879|P002909
M000646,Riverside Docks,2025-04-17T04:16:14,P002891|P003281|P002321|P001881|P000861
M000647,Private Villa,2025-03-27T22:05:07,P002081|P000061|P000341|P001121|P002001
M000648,Storage Facility 12,2025-08-14T01:49:37,P003409|P002149
M000649,Storage Facility 12,2025-11-27T06:14:30,P001056|P001866|P002856|P001626|P000826
M000650,Downtown Cafe,2025-09-04T15:14:38,P001344|P002434|P003144|P001284|P002374|P002734
M000651,Abandoned Factory,2025-10-01T08:50:41,P002395|P002975|P002725|P002595|P000095|P000185
M000652,Parking Garage B,2025-08-20T23:01:44,P001643|P001783
M000653,Backroom - Lucky Star Bar,2025-05-31T11:36:17,P002988|P000278
M000654,Downtown Cafe,2025-03-05T09:07:20,P000021|P000681|P002911|P000481
M000655,Abandoned Factory,2025-12-26T07:08:51,P001435|P001025|P001735
M000656,Riverside Docks,2025-04-13T08:01:33,P000121|P002951
M000657,Abandoned Factory,2025-09-09T18:29:54,P001007|P001577|P001297
M000658,Abandoned Factory,2025-11-03T17:44:32,P002475|P001195|P002945|P002915|P002735|P002405
M000659,Parking Garage B,2025-07-02T04:37:07,P001869|P000799
M000660,Private Villa,2025-08-12T12:26:33,P001607|P000907
M000661,Riverside Docks,2025-08-31T15:03:51,P001891|P001021
M000662,Backroom - Lucky Star Bar,2025-11-30T00:24:27,P003001|P001301|P002401|P002011|P000061|P003361
M000663,Storage Facility 12,2025-10-17T14:08:11,P000106|P002486|P001616|P002016|P000576|P001756
M000664,Warehouse District,2025-10-22T04:03:29,P002180|P000560|P001900|P000380|P003460|P003020
M000665,Backroom - Lucky Star Bar,2025-10-12T06:42:04,P001475|P000355|P001045|P000725|P001225|P002805
M000666,Private Villa,2025-04-29T01:20:20,P000774|P002164
M000667,Backroom - Lucky Star Bar,2025-05-28T18:45:01,P003184|P003434|P001304|P002954|P000744
M000668,Backroom - Lucky Star Bar,2025-10-16T19:57:00,P003107|P001647|P001827|P003427|P000737
M000669,Storage Facility 12,2025-11-12T07:55:29,P001137|P000057
M000670,Backroom - Lucky Star Bar,2025-03-29T15:47:08,P000012|P003342|P000112|P002962|P000342
M000671,Private Villa,2025-01-16T17:43:39,P000646|P003396
M000672,Warehouse District,2025-05-21T23:20:13,P002715|P000515|P000985|P001335|P003475
M000673,Private Villa,2025-03-19T10:39:33,P000074|P002824|P000634|P003394|P001524
M000674,Abandoned Factory,2025-09-03T08:51:29,P001281|P000921|P002071|P001391
M000675,Riverside Docks,2025-06-07T18:44:08,P001679|P001149|P001599|P002249|P002789
M000676,Warehouse District,2025-08-26T23:56:00,P002641|P000801
M000677,Storage Facility 12,2025-11-22T02:29:58,P000351|P000331
M000678,Parking Garage B,2025-03-25T02:34:56,P000877|P001397
M000679,Private Villa,2025-03-02T00:13:13,P000470|P002500
M000680,Storage Facility 12,2025-04-03T03:46:03,P001347|P003077|P000887|P003417
M000681,Backroom - Lucky Star Bar,2025-11-30T18:38:55,P000331|P001891|P000321|P000861|P002541|P002971
M000682,Parking Garage B,2025-04-19T09:56:35,P001729|P000759
M000683,Riverside Docks,2025-02-16T10:42:35,P000909|P001859|P000389|P003319|P003109|P000109
M000684,Parking Garage B,2025-04-09T07:38:07,P001491|P001101|P002411|P001361|P001521|P000411
M000685,Riverside Docks,2025-08-23T02:31:53,P002618|P003278|P000138|P002278
M000686,Warehouse District,2025-08-15T10:27:40,P001718|P002188|P001758|P002548|P001338|P002848
M000687,Backroom - Lucky Star Bar,2025-08-25T01:24:01,P002101|P002531|P003451|P001121|P001491|P002801
M000688,Downtown Cafe,2025-05-21T01:04:53,P001255|P001855
M000689,Riverside Docks,2025-03-12T15:42:56,P002323|P002543|P001573
M000690,Warehouse District,2025-03-20T20:22:05,P002985|P000815
M000691,Storage Facility 12,2025-04-24T00:35:50,P003219|P002959
M000692,Private Villa,2025-12-12T21:57:59,P001143|P000253|P000103
M000693,Warehouse District,2025-07-29T08:21:18,P003118|P000188
M000694,Backroom - Lucky Star Bar,2025-10-11T12:43:06,P002975|P000545
M000695,Parking Garage B,2025-07-04T21:01:11,P001901|P002641|P001351|P003341
M000696,Backroom - Lucky Star Bar,2025-05-02T23:41:00,P000538|P000768|P003308|P003118
M000697,Private Villa,2025-01-25T10:01:00,P003086|P002736|P000776|P002846
M000698,Parking Garage B,2025-04-14T19:14:22,P001982|P002102|P002592|P000402|P003302
M000699,Parking Garage B,2025-04-06T19:13:19,P000703|P000093|P002103
M000700,Downtown Cafe,2025-05-06T12:05:50,P002066|P000886|P001616|P001456|P000706|P001266
M000701,Downtown Cafe,2025-02-06T12:34:08,P001587|P003347|P002717
M000702,Abandoned Factory,2025-01-30T19:14:01,P001044|P002294|P001194|P002414
M000703,Warehouse District,2025-03-17T16:55:58,P000805|P001325|P000845|P002095|P000635|P001105
M000704,Downtown Cafe,2025-09-27T14:05:14,P002443|P001523|P001273|P001383|P003063
M000705,Warehouse District,2025-06-08T08:29:18,P002749|P002819|P000759|P001789
M000706,Parking Garage B,2025-06-07T17:17:14,P002569|P000479|P001239|P003429|P001629|P002399
M000707,Downtown Cafe,2025-03-11T01:01:15,P003429|P003139|P000599|P001349|P001369|P002219
M000708,Abandoned Factory,2025-11-24T08:41:36,P000489|P001789|P002399|P000109|P000919|P003479
M000709,Warehouse District,2025-07-20T07:34:20,P000165|P002405|P000085|P002825
M000710,Private Villa,2025-12-26T21:38:33,P000787|P000157|P002907|P000997|P003447|P001937
M000711,Warehouse District,2025-11-16T23:18:42,P003400|P000790|P003380|P003050|P001700|P003320
M000712,Riverside Docks,2025-08-18T14:28:23,P002971|P002441|P002951|P000571|P002181|P000611
M000713,Storage Facility 12,2025-12-04T19:44:40,P001748|P000458|P000278|P003398|P000698
M000714,Parking Garage B,2025-10-28T06:29:21,P002919|P000179|P001079
M000715,Parking Garage B,2025-05-15T23:40:33,P000848|P003318
M000716,Riverside Docks,2025-05-20T23:06:48,P002023|P003083|P002993|P001543|P001493
M000717,Warehouse District,2025-04-14T21:45:10,P002394|P001174
M000718,Warehouse District,2025-03-07T04:06:07,P001341|P002691|P002701|P001831|P001821
M000719,Downtown Cafe,2025-07-26T17:29:36,P003298|P001428
M000720,Abandoned Factory,2025-04-07T19:22:06,P002477|P000197|P000577|P000367|P000567|P002467
M000721,Parking Garage B,2025-12-26T12:07:29,P002857|P003277
M000722,Parking Garage B,2025-05-28T10:45:37,P000715|P001565|P001225|P000415
M000723,Parking Garage B,2025-08-12T10:43:16,P000575|P000445|P002325|P003035
M000724,Warehouse District,2025-06-16T08:40:33,P001132|P001992
M000725,Parking Garage B,2025-01-31T14:31:16,P003168|P002978|P000028|P000588
M000726,Warehouse District,2025-10-27T11:49:11,P002045|P001345|P003085|P000305|P000985|P001265
M000727,Parking Garage B,2025-08-25T17:57:21,P001129|P001399|P000489|P000269|P000149
M000728,Private Villa,2025-08-18T03:16:07,P003458|P000618|P001468|P001498|P001618|P003048
M000729,Parking Garage B,2025-06-08T11:42:02,P001532|P001852|P002942
M000730,Storage Facility 12,2025-06-12T09:35:39,P000946|P003036|P001676|P002716|P003366|P002536
M000731,Downtown Cafe,2025-06-15T22:47:50,P000076|P002596
M000732,Riverside Docks,2025-11-29T13:00:44,P000551|P000081|P000731|P002661|P001841
M000733,Riverside Docks,2025-11-21T14:07:56,P003381|P002591|P000701|P001251|P002551
M000734,Warehouse District,2025-11-12T01:33:13,P003436|P001556
M000735,Parking Garage B,2025-12-12T11:21:14,P001399|P001409|P002689|P000519|P000309
M000736,Storage Facility 12,2025-11-15T15:19:49,P002898|P001318
M000737,Downtown Cafe,2025-04-11T13:59:06,P001956|P003356|P000856|P000416|P002286|P001026
M000738,Warehouse District,2025-06-23T17:09:11,P000949|P000549|P003479|P001399
M000739,Downtown Cafe,2025-12-10T21:06:15,P001139|P001309|P000589|P002939|P000659|P000389
M000740,Parking Garage B,2025-08-08T13:23:44,P002603|P003433|P001403
M000741,Riverside Docks,2025-05-16T20:17:59,P002337|P001837|P002097|P001707|P002147
M000742,Private Villa,2025-07-19T11:01:42,P001899|P000669|P000449|P002789|P001189|P002959
M000743,Downtown Cafe,2025-05-17T14:14:48,P002479|P000299|P002699
M000744,Parking Garage B,2025-11-18T14:01:53,P003193|P002683|P001273|P000063|P002353
M000745,Riverside Docks,2025-01-20T07:51:54,P002355|P003385|P003465
M000746,Warehouse District,2025-07-11T07:16:56,P000994|P002334
M000747,Abandoned Factory,2025-05-29T04:08:30,P002710|P001000|P000450|P002490
M000748,Backroom - Lucky Star Bar,2025-07-03T22:41:15,P001081|P001141
M000749,Private Villa,2025-10-10T12:05:58,P001580|P000650|P003090|P000190|P002080|P002840
M000750,Abandoned Factory,2025-05-06T13:01:00,P000885|P002045|P000935|P000115|P000605
M000751,Storage Facility 12,2025-01-28T04:22:23,P001572|P001062|P002032|P002202|P000752
M000752,Backroom - Lucky Star Bar,2025-12-02T20:53:32,P002432|P001752
M000753,Parking Garage B,2025-02-20T13:05:14,P001111|P002731|P002571|P003411
M000754,Abandoned Factory,2025-05-28T05:14:23,P003456|P000566|P002226|P002746|P001836|P001076
M000755,Downtown Cafe,2025-12-23T12:58:35,P001366|P002996|P001666
M000756,Abandoned Factory,2025-11-14T06:09:00,P003177|P000847|P000977|P001257|P000907|P002167
M000757,Warehouse District,2025-07-23T08:23:56,P002388|P003058|P000958
M000758,Downtown Cafe,2025-04-16T17:37:25,P002239|P000359
M000759,Parking Garage B,2025-03-12T01:32:17,P003207|P000137
M000760,Downtown Cafe,2025-08-31T14:47:20,P002724|P000924|P003314|P003184
M000761,Backroom - Lucky Star Bar,2025-09-03T20:53:23,P003063|P000563|P003233|P002933
M000762,Private Villa,2025-04-20T15:38:54,P000278|P003388|P002708|P001898|P002188
M000763,Abandoned Factory,2025-01-12T22:06:58,P000582|P001822|P002242|P000102|P001832
M000764,Parking Garage B,2025-04-21T17:04:23,P001311|P001141
M000765,Backroom - Lucky Star Bar,2025-12-06T06:29:23,P001684|P000014|P001074|P002084
M000766,Warehouse District,2025-04-22T20:27:21,P002068|P001408
M000767,Parking Garage B,2025-11-09T07:54:52,P001002|P001942
M000768,Private Villa,2025-02-24T04:08:59,P000799|P002659
M000769,Abandoned Factory,2025-11-29T03:04:40,P003380|P001590|P000240|P001560|P003020
M000770,Parking Garage B,2025-01-01T09:24:03,P000260|P003400|P000370|P002540|P002990
M000771,Abandoned Factory,2025-04-14T21:59:54,P003012|P001322|P000562|P001862|P001882|P001602
M000772,Backroom - Lucky Star Bar,2025-02-27T07:34:31,P001270|P002920|P000550
M000773,Private Villa,2025-08-24T04:45:54,P000175|P002905|P003435|P001475
M000774,Private Villa,2025-10-18T03:43:03,P000297|P003397|P003087|P003127|P003267|P000407
M000775,Abandoned Factory,2025-03-05T17:33:08,P002165|P002185|P002475|P002445|P001375|P002035
M000776,Riverside Docks,2025-10-03T17:14:28,P001711|P001321|P000721|P003191|P000241|P001031
M000777,Warehouse District,2025-03-06T16:08:47,P002634|P001694
M000778,Storage Facility 12,2025-07-31T04:29:43,P000421|P001591|P003211|P002591|P002841
M000779,Warehouse District,2025-08-26T22:06:24,P002192|P002742|P000932|P003252
M000780,Backroom - Lucky Star Bar,2025-10-20T16:46:11,P000324|P001304
M000781,Warehouse District,2025-03-08T04:27:36,P000226|P001716|P003056
M000782,Parking Garage B,2025-02-01T18:33:58,P002343|P002353|P001243|P001693
M000783,Backroom - Lucky Star Bar,2025-03-13T01:07:33,P002895|P001275|P002545|P002205
M000784,Backroom - Lucky Star Bar,2025-09-27T18:53:06,P000543|P000483
M000785,Storage Facility 12,2025-08-14T07:03:55,P002729|P000499|P000789|P001179|P002799
M000786,Riverside Docks,2025-05-11T06:37:10,P002704|P003024|P001394|P001824|P001244|P001114
M000787,Warehouse District,2025-10-01T16:04:13,P001514|P000654
M000788,Abandoned Factory,2025-05-18T00:11:07,P002378|P001928|P000468|P002798
M000789,Riverside Docks,2025-12-03T01:18:07,P002440|P000560|P002940|P001190
M000790,Riverside Docks,2025-12-10T07:41:27,P002374|P001594|P000124|P002934|P002434
M000791,Parking Garage B,2025-11-09T20:09:36,P000495|P003395|P001185|P001705
M000792,Riverside Docks,2025-11-17T11:29:36,P001821|P000201
M000793,Backroom - Lucky Star Bar,2025-05-11T11:16:31,P002245|P002235|P001785|P003075|P002215|P002895
M000794,Riverside Docks,2025-02-05T23:45:48,P003345|P003025|P000765|P001385
M000795,Private Villa,2025-07-25T04:42:56,P001971|P002991|P002941|P000211
M000796,Downtown Cafe,2025-03-06T07:34:21,P000983|P003233|P001713|P002843|P003183|P002513
M000797,Downtown Cafe,2025-05-29T08:02:36,P000096|P000166|P001016|P001426
M000798,Riverside Docks,2025-11-14T13:06:13,P000784|P000184
M000799,Downtown Cafe,2025-10-11T01:38:13,P001983|P003483|P002153|P002913|P001003|P000783
M000800,Abandoned Factory,2025-07-28T02:00:43,P002593|P003173|P001333
M000801,Warehouse District,2025-11-04T04:16:35,P001444|P001584|P001954
M000802,Backroom - Lucky Star Bar,2025-11-02T04:16:59,P000179|P003089|P000209|P003449
M000803,Private Villa,2025-04-27T12:31:29,P003226|P001256
M000804,Abandoned Factory,2025-12-25T10:42:47,P001050|P002150|P002930|P000610|P000330
M000805,Backroom - Lucky Star Bar,2025-05-04T00:05:06,P001721|P000421|P003391|P001271|P003321
M000806,Downtown Cafe,2025-06-30T08:53:23,P001387|P001937|P000107|P000307
M000807,Warehouse District,2025-02-13T18:38:04,P000834|P003304|P000894|P001184
M000808,Downtown Cafe,2025-01-15T15:10:32,P002128|P001578|P000558|P000128|P002828|P002298
M000809,Warehouse District,2025-02-09T09:37:33,P002032|P001822|P001692|P003262|P000032
M000810,Abandoned Factory,2025-06-27T19:38:18,P003073|P001603|P000173
M000811,Abandoned Factory,2025-10-16T00:34:03,P000440|P003020|P001830
M000812,Downtown Cafe,2025-02-01T09:33:56,P000955|P000875|P003405
M000813,Warehouse District,2025-02-10T19:42:35,P001156|P000466|P000586|P002026|P001316|P001066
M000814,Private Villa,2025-12-09T02:55:55,P002152|P001242|P002922|P003392
M000815,Backroom - Lucky Star Bar,2025-05-24T12:26:11,P003320|P001600|P003180|P002040|P002940
M000816,Private Villa,2025-11-15T15:06:49,P003392|P000402|P000472|P001442
M000817,Riverside Docks,2025-11-18T03:06:34,P002082|P002832|P001032|P001572
M000818,Downtown Cafe,2025-11-17T08:00:37,P002998|P001128|P001268|P001618
M000819,Riverside Docks,2025-03-13T23:06:11,P001925|P000595|P003145|P002665|P002275|P002775
M000820,Abandoned Factory,2025-07-27T04:00:55,P001389|P002049|P002479|P003449|P001539
M000821,Abandoned Factory,2025-10-15T09:26:10,P002319|P002229|P002889|P002219|P002869
M000822,Backroom - Lucky Star Bar,2025-08-16T00:46:49,P003241|P001091
M000823,Warehouse District,2025-04-30T23:38:28,P002470|P001830|P000210|P000450|P001820
M000824,Warehouse District,2025-09-25T16:04:54,P002659|P003169|P002729|P002809|P001649|P001439
M000825,Abandoned Factory,2025-10-01T17:33:05,P001794|P001254|P002584
M000826,Downtown Cafe,2025-06-18T00:09:58,P002669|P003209
M000827,Backroom - Lucky Star Bar,2025-01-09T06:49:26,P001727|P001947
M000828,Storage Facility 12,2025-04-04T21:42:50,P002468|P000708|P001748|P002868|P003308|P002498
M000829,Downtown Cafe,2025-01-06T21:24:31,P001134|P001714|P001814|P002574
M000830,Parking Garage B,2025-05-16T01:54:24,P003464|P000564|P003434
M000831,Warehouse District,2025-05-10T03:32:15,P000643|P001323
M000832,Private Villa,2025-08-23T16:44:58,P002191|P001511|P001741
M000833,Warehouse District,2025-05-26T04:19:54,P001097|P002837|P003087|P003377
M000834,Storage Facility 12,2025-03-01T10:55:21,P003162|P000512|P002312|P000522|P000432|P001932
M000835,Downtown Cafe,2025-04-15T02:01:05,P003063|P001533|P001393|P002943
M000836,Backroom - Lucky Star Bar,2025-03-02T15:13:22,P001951|P001841|P001891|P001311|P003161|P002291
M000837,Private Villa,2025-03-25T14:58:12,P003158|P002828|P000828|P002248|P002328
M000838,Warehouse District,2025-10-01T23:53:31,P000206|P002676
M000839,Warehouse District,2025-05-13T03:11:02,P000971|P002621|P002361|P003491|P003411
M000840,Private Villa,2025-10-22T22:09:04,P000300|P000690|P002220
M000841,Parking Garage B,2025-05-15T14:50:32,P000138|P003058|P003428
M000842,Private Villa,2025-11-10T10:54:40,P003149|P003329|P000749|P002929|P002349
M000843,Backroom - Lucky Star Bar,2025-04-25T05:40:05,P001756|P001886|P001436|P003276|P001606|P000736
M000844,Riverside Docks,2025-03-25T17:23:23,P001546|P000666
M000845,Downtown Cafe,2025-08-04T15:59:29,P001269|P002799|P002069|P000269|P003199|P003259
M000846,Storage Facility 12,2025-02-12T12:48:45,P001842|P002692|P001442|P003272|P000202|P001532
M000847,Downtown Cafe,2025-07-28T20:15:52,P001144|P002304|P000154|P002424
M000848,Downtown Cafe,2025-01-29T01:10:01,P002005|P002165|P000285|P000915
M000849,Abandoned Factory,2025-12-05T20:02:50,P001258|P000578|P001188|P001498
M000850,Abandoned Factory,2025-07-26T21:48:59,P002253|P000563|P001333|P002163|P002123
M000851,Parking Garage B,2025-06-27T19:14:55,P002060|P001870|P000330|P001540|P000550
M000852,Riverside Docks,2025-12-28T20:25:33,P000169|P000749|P001699|P002759|P003029|P001739
M000853,Riverside Docks,2025-01-04T23:03:28,P001542|P002472|P002232|P000262|P001032|P000832
M000854,Backroom - Lucky Star Bar,2025-09-29T04:18:09,P000852|P003402|P002232
M000855,Riverside Docks,2025-10-16T07:09:13,P002150|P001910|P002100
M000856,Warehouse District,2025-07-31T06:32:20,P002954|P002674|P000514|P000204|P002414|P002004
M000857,Private Villa,2025-09-05T21:54:11,P003248|P003328|P000758|P002988
M000858,Backroom - Lucky Star Bar,2025-10-22T16:40:25,P001674|P002734|P000614|P003164
M000859,Abandoned Factory,2025-01-21T03:40:12,P000708|P003358|P000528|P001408|P002998
M000860,Warehouse District,2025-12-02T05:57:14,P003308|P001988|P000388|P002388
M000861,Parking Garage B,2025-12-03T18:02:55,P000373|P000933|P000613|P003143|P000853
M000862,Riverside Docks,2025-08-16T16:05:10,P000799|P002009|P001659
M000863,Backroom - Lucky Star Bar,2025-08-12T18:59:54,P001756|P001796|P001006
M000864,Riverside Docks,2025-09-12T10:55:16,P001932|P003022|P001532|P002622
M000865,Private Villa,2025-08-17T22:42:09,P002177|P003477
M000866,Backroom - Lucky Star Bar,2025-06-19T00:55:10,P000894|P002734|P003064|P002134|P001974|P000494
M000867,Riverside Docks,2025-06-26T23:19:23,P001092|P000502|P001972
M000868,Abandoned Factory,2025-07-14T22:52:42,P002497|P001897
M000869,Private Villa,2025-10-09T04:56:36,P000952|P001872|P000252|P000832|P003322|P000852
M000870,Parking Garage B,2025-11-16T03:13:48,P003342|P001612
M000871,Storage Facility 12,2025-06-04T02:47:46,P002785|P003475|P000105
M000872,Storage Facility 12,2025-12-07T07:39:47,P001685|P002135|P002185|P001525|P000995
M000873,Parking Garage B,2025-03-25T13:40:37,P001812|P003002|P002672|P003352
M000874,Storage Facility 12,2025-09-19T12:53:16,P002769|P001679|P000749|P001749
M000875,Private Villa,2025-10-03T06:28:33,P001901|P001591|P003341
M000876,Warehouse District,2025-06-01T05:53:53,P002168|P001858|P000848
M000877,Warehouse District,2025-09-04T06:06:10,P001828|P002738|P002918|P000898|P003098
M000878,Backroom - Lucky Star Bar,2025-02-08T05:40:25,P002160|P001200|P000660|P000380|P003300|P000050
M000879,Downtown Cafe,2025-07-26T11:44:58,P002238|P000288|P001918|P001668|P001148
M000880,Warehouse District,2025-05-16T00:34:48,P001586|P001726|P002096|P000576
M000881,Abandoned Factory,2025-01-17T15:58:53,P000104|P001474|P001394|P003314|P000244
M000882,Backroom - Lucky Star Bar,2025-02-10T14:14:01,P002595|P001555|P002545|P003215
M000883,Storage Facility 12,2025-11-17T18:25:48,P002927|P002407|P000557|P003097|P002987
M000884,Warehouse District,2025-06-11T16:25:39,P001330|P001550|P001380|P000660|P002910|P002270
M000885,Abandoned Factory,2025-12-08T02:13:51,P001664|P001914|P001244|P001864
M000886,Abandoned Factory,2025-10-28T03:16:37,P001856|P000686|P002386
M000887,Backroom - Lucky Star Bar,2025-09-04T05:24:50,P001971|P001461
M000888,Riverside Docks,2025-05-21T13:00:17,P000746|P003076|P002996
M000889,Downtown Cafe,2025-03-09T18:52:25,P000449|P002279|P002599|P001279|P002159
M000890,Backroom - Lucky Star Bar,2025-11-16T15:15:48,P002318|P000808|P001748
M000891,Storage Facility 12,2025-12-02T00:59:36,P000188|P000088
M000892,Backroom - Lucky Star Bar,2025-09-15T09:32:25,P000433|P000193|P002313|P001543
M000893,Downtown Cafe,2025-02-04T17:40:40,P003131|P002751|P002911|P003061|P000641|P003261
M000894,Parking Garage B,2025-03-26T03:32:19,P002236|P001646|P003476|P003276
M000895,Riverside Docks,2025-11-22T05:06:09,P002085|P003065|P002255|P003005|P002825|P001045
M000896,Abandoned Factory,2025-01-14T02:18:00,P001107|P000547|P000477|P002987
M000897,Backroom - Lucky Star Bar,2025-08-15T06:25:12,P001001|P000851|P001801|P001541
M000898,Parking Garage B,2025-11-27T05:11:22,P002125|P003295
M000899,Storage Facility 12,2025-08-29T08:54:06,P001377|P001367|P002597|P002657
M000900,Parking Garage B,2025-10-16T17:03:16,P000565|P003115|P001675|P001105
M000901,Private Villa,2025-08-10T20:54:34,P000557|P000287|P003157
M000902,Private Villa,2025-05-25T15:10:57,P001812|P002952|P001482|P000792|P002062
M000903,Parking Garage B,2025-03-09T17:06:30,P003217|P001927|P002577|P002217
M000904,Backroom - Lucky Star Bar,2025-03-23T17:24:18,P000745|P002245|P000405|P001895
M000905,Backroom - Lucky Star Bar,2025-08-19T08:21:30,P001946|P003486
M000906,Storage Facility 12,2025-01-01T15:33:12,P003139|P000049
M000907,Backroom - Lucky Star Bar,2025-12-13T00:07:56,P002548|P000828|P002968|P002738
M000908,Private Villa,2025-08-02T03:04:27,P002928|P003098|P001348
M000909,Backroom - Lucky Star Bar,2025-05-05T19:47:24,P002366|P002666|P001626
M000910,Backroom - Lucky Star Bar,2025-10-26T07:33:02,P001499|P002639|P000929|P000719
M000911,Riverside Docks,2025-05-04T00:28:00,P002939|P000009
M000912,Backroom - Lucky Star Bar,2025-01-10T07:14:35,P002945|P003305|P000815|P000285
M000913,Downtown Cafe,2025-05-18T22:26:28,P001445|P000955|P001105|P001475
M000914,Storage Facility 12,2025-08-31T19:25:05,P000781|P002211|P001391|P001831|P003061
M000915,Private Villa,2025-01-01T16:16:46,P003214|P000554|P002034|P001394|P000424|P001774
M000916,Downtown Cafe,2025-06-16T15:27:49,P000853|P001793|P000663|P001313|P000673|P000233
M000917,Storage Facility 12,2025-11-30T15:05:08,P002538|P002698|P003488|P000408|P000338|P002648
M000918,Storage Facility 12,2025-12-07T21:19:08,P000064|P000034
M000919,Warehouse District,2025-03-28T17:04:03,P002906|P000866
M000920,Abandoned Factory,2025-11-05T00:01:41,P003478|P002788|P002428|P000958|P002318
M000921,Abandoned Factory,2025-08-06T17:02:07,P002822|P003102|P000052|P001962
M000922,Private Villa,2025-08-11T02:25:50,P000902|P001842|P001722|P003082
M000923,Abandoned Factory,2025-12-24T03:06:24,P000113|P000373|P001053
M000924,Backroom - Lucky Star Bar,2025-07-25T19:16:37,P001389|P002689
M000925,Parking Garage B,2025-02-06T06:09:44,P000050|P002890|P000780
M000926,Private Villa,2025-10-01T22:04:11,P001412|P002932|P002032|P003372
M000927,Abandoned Factory,2025-01-18T07:03:14,P001801|P002471|P003111|P000341
M000928,Warehouse District,2025-07-08T14:15:00,P001115|P001345
M000929,Storage Facility 12,2025-02-11T15:19:14,P000473|P002693
M000930,Abandoned Factory,2025-11-20T01:40:09,P002002|P002732|P000812|P002782
M000931,Warehouse District,2025-07-01T18:37:32,P002394|P002354
M000932,Warehouse District,2025-01-13T06:45:23,P000554|P002584
M000933,Warehouse District,2025-10-11T02:27:07,P001832|P001762|P002132
M000934,Parking Garage B,2025-02-20T02:59:09,P000193|P002033|P002573|P001233
M000935,Private Villa,2025-07-29T06:09:01,P000353|P002173|P002403
M000936,Riverside Docks,2025-06-14T23:28:15,P000153|P001793|P002233|P002143|P001203|P001513
M000937,Riverside Docks,2025-01-31T22:52:43,P001208|P002678|P000848|P000148
M000938,Backroom - Lucky Star Bar,2025-06-17T22:46:05,P001978|P002958|P001958|P001688
M000939,Storage Facility 12,2025-05-06T03:47:33,P002166|P002396
M000940,Parking Garage B,2025-10-08T12:35:12,P000749|P002219|P001709|P002189|P002859
M000941,Backroom - Lucky Star Bar,2025-10-14T20:59:00,P003446|P002356|P000906|P001266
M000942,Riverside Docks,2025-10-09T07:07:13,P002024|P003034|P001214|P002194
M000943,Abandoned Factory,2025-03-30T11:15:23,P001404|P001114|P002054|P003474|P003254|P001704
M000944,Private Villa,2025-03-20T14:47:42,P000636|P000246|P003266|P001196
M000945,Abandoned Factory,2025-12-26T03:55:36,P001257|P002707|P003137
M000946,Abandoned Factory,2025-06-26T09:52:05,P000467|P001307|P002997
M000947,Riverside Docks,2025-12-31T08:17:29,P002942|P002892|P000772
M000948,Private Villa,2025-11-14T22:51:50,P001494|P002544|P001384
M000949,Warehouse District,2025-05-21T20:14:49,P000743|P000133|P001413|P003013|P001843
M000950,Storage Facility 12,2025-03-16T07:20:49,P000273|P003403
M000951,Backroom - Lucky Star Bar,2025-03-12T15:40:19,P000392|P002952
M000952,Storage Facility 12,2025-11-16T07:43:06,P002725|P003255|P000165|P001025|P003185
M000953,Warehouse District,2025-05-03T04:39:16,P001184|P000574
M000954,Storage Facility 12,2025-03-27T04:00:21,P001370|P002710|P002240|P000370|P002530
M000955,Storage Facility 12,2025-02-26T23:18:16,P003233|P000883|P001183|P000743|P001863
M000956,Private Villa,2025-10-11T06:02:24,P001752|P001782|P001292|P003272|P003442|P000882
M000957,Private Villa,2025-01-30T20:41:29,P002518|P003468|P003298|P001628
M000958,Warehouse District,2025-12-27T07:21:43,P001210|P003130|P000750|P000700
M000959,Riverside Docks,2025-01-03T19:42:33,P002798|P003268|P000978|P003488
M000960,Abandoned Factory,2025-08-13T16:46:26,P000323|P000333|P000723
M000961,Abandoned Factory,2025-05-10T03:30:20,P000769|P000089|P003199|P002059|P003069|P001269
M000962,Downtown Cafe,2025-06-26T20:08:48,P000693|P000583|P000553|P000573|P001123
M000963,Warehouse District,2025-07-07T22:40:40,P000180|P000960|P002940|P002260|P000860
M000964,Parking Garage B,2025-03-15T15:24:56,P000811|P001901|P000951|P000381
M000965,Downtown Cafe,2025-06-25T22:37:57,P003480|P000320|P001330
M000966,Private Villa,2025-02-23T18:55:04,P002307|P002377|P000627|P000587|P003227
M000967,Backroom - Lucky Star Bar,2025-03-05T05:45:13,P001103|P002143|P003413|P002353|P001273
M000968,Storage Facility 12,2025-08-17T14:17:29,P000457|P003317|P002017|P000477|P001517|P000857
M000969,Backroom - Lucky Star Bar,2025-01-06T01:52:13,P002709|P002549|P000239
M000970,Warehouse District,2025-07-25T00:42:08,P003458|P001088|P000598|P002838|P001648
M000971,Warehouse District,2025-11-14T23:42:51,P002838|P000618|P002168|P002098|P002178
M000972,Abandoned Factory,2025-11-12T10:07:09,P002760|P003260|P001620
M000973,Warehouse District,2025-02-12T15:39:54,P001047|P003347|P000857|P000657
M000974,Private Villa,2025-08-25T17:08:42,P000148|P000608
M000975,Downtown Cafe,2025-01-08T02:13:48,P000136|P002846|P001306
M000976,Warehouse District,2025-07-20T04:27:05,P000650|P001800|P001080|P002620|P002600|P000090
M000977,Downtown Cafe,2025-01-25T15:40:36,P001992|P001632|P002292|P000612|P001422|P000892
M000978,Warehouse District,2025-08-01T23:41:11,P002515|P002585|P003005|P002395|P003275
M000979,Downtown Cafe,2025-11-05T16:17:33,P000259|P001419|P000439|P001219|P003229
M000980,Downtown Cafe,2025-01-09T13:10:59,P002322|P002222|P003372
M000981,Backroom - Lucky Star Bar,2025-12-20T08:50:14,P002296|P000816|P002306
M000982,Private Villa,2025-09-05T18:40:15,P002560|P000260|P001730|P001420|P001460
M000983,Warehouse District,2025-05-22T05:06:43,P002966|P001096|P003486|P003116
M000984,Private Villa,2025-10-23T19:53:13,P001390|P003210|P000890
M000985,Warehouse District,2025-10-03T01:30:47,P000766|P002646|P001776|P000856|P002816|P003336
M000986,Warehouse District,2025-11-17T05:59:12,P000304|P001024|P002704|P003134
M000987,Private Villa,2025-07-09T03:57:46,P000330|P002170|P000030|P000170|P000830|P001890
M000988,Private Villa,2025-12-27T11:47:42,P000687|P000547|P001017
M000989,Warehouse District,2025-03-10T02:27:32,P002052|P001882|P003222|P002582|P000622|P002892
M000990,Parking Garage B,2025-03-20T23:39:33,P001122|P000062|P002102|P002572|P003182
M000991,Storage Facility 12,2025-09-01T04:06:38,P000513|P001273|P000953
M000992,Backroom - Lucky Star Bar,2025-12-05T01:40:59,P002605|P001985|P001885|P003175
M000993,Downtown Cafe,2025-03-28T11:27:32,P003056|P000236|P001896
M000994,Abandoned Factory,2025-03-19T02:27:04,P002144|P002804|P002384|P001404|P002484
M000995,Storage Facility 12,2025-05-07T14:35:38,P000744|P003284|P000174|P002614
M000996,Abandoned Factory,2025-06-04T14:40:42,P000933|P001433|P001563
M000997,Abandoned Factory,2025-11-13T21:39:14,P001223|P002353
M000998,Backroom - Lucky Star Bar,2025-04-05T02:31:28,P001800|P000670|P001870|P002040
M000999,Abandoned Factory,2025-09-03T23:35:28,P003291|P000101|P001731
M001000,Warehouse District,2025-07-11T00:50:46,P000659|P000209|P001529|P000899|P001989|P001729
M001001,Abandoned Factory,2025-02-28T06:40:07,P002373|P002593|P002063|P002553
M001002,Abandoned Factory,2025-11-24T14:45:41,P001776|P000966|P000866
M001003,Backroom - Lucky Star Bar,2025-09-18T11:55:37,P002581|P001341|P000431|P001481|P002381
M001004,Warehouse District,2025-12-13T08:22:59,P000286|P000296|P002746|P001996
M001005,Downtown Cafe,2025-09-29T15:24:27,P002941|P000951
M001006,Warehouse District,2025-08-26T06:32:29,P001546|P002216|P002236|P003256|P000486
M001007,Backroom - Lucky Star Bar,2025-04-23T01:38:26,P000466|P001326
M001008,Downtown Cafe,2025-08-14T01:02:58,P001272|P001172|P003172|P000572|P000622
M001009,Parking Garage B,2025-11-14T19:53:51,P003487|P001327
M001010,Backroom - Lucky Star Bar,2025-07-07T04:00:42,P001454|P003024|P001684
M001011,Riverside Docks,2025-09-14T22:46:31,P000284|P001564|P001914
M001012,Backroom - Lucky Star Bar,2025-09-23T21:15:06,P000746|P000946|P000296|P003146
M001013,Riverside Docks,2025-06-20T21:35:48,P002864|P000364|P002934|P003194|P000994|P001344
M001014,Riverside Docks,2025-09-03T01:02:44,P002360|P003200|P000610|P000060|P002140
M001015,Abandoned Factory,2025-10-11T18:37:46,P001303|P000043|P000803|P002163
M001016,Private Villa,2025-03-08T14:46:56,P001074|P003154
M001017,Warehouse District,2025-05-07T08:51:38,P001277|P002937
M001018,Private Villa,2025-11-03T21:42:54,P000596|P000986|P002966|P003076|P002386
M001019,Abandoned Factory,2025-09-08T14:17:19,P001018|P002398|P000558
M001020,Downtown Cafe,2025-11-23T07:08:36,P001045|P002625|P001375
M001021,Storage Facility 12,2025-11-20T16:17:58,P000294|P000574|P001414|P000334|P001864|P002064
M001022,Backroom - Lucky Star Bar,2025-02-19T15:41:49,P003263|P003063|P003303
M001023,Abandoned Factory,2025-11-19T21:32:19,P003428|P001938|P001308|P000738|P001528
M001024,Storage Facility 12,2025-05-08T04:48:08,P001103|P003083
M001025,Parking Garage B,2025-10-22T18:28:23,P000078|P002858
M001026,Private Villa,2025-09-16T11:40:35,P003247|P003007
M001027,Abandoned Factory,2025-12-06T15:52:00,P000990|P002650|P003320|P001500
M001028,Riverside Docks,2025-11-06T16:26:12,P001556|P000386|P000156|P000406|P000966
M001029,Storage Facility 12,2025-11-03T22:20:27,P001545|P002085|P002945|P002735|P002845|P002475
M001030,Backroom - Lucky Star Bar,2025-04-10T06:17:17,P003171|P001981|P000041|P000401
M001031,Riverside Docks,2025-07-24T20:33:44,P001394|P002844|P003334|P003324|P001564
M001032,Riverside Docks,2025-10-29T01:26:09,P001236|P000606|P000116
M001033,Parking Garage B,2025-09-16T04:34:37,P001579|P002709|P002249|P001259|P003359|P003389
M001034,Parking Garage B,2025-01-08T19:14:35,P000128|P000888|P002208|P002788|P000958
M001035,Riverside Docks,2025-10-08T18:07:33,P002985|P002285|P003415
M001036,Backroom - Lucky Star Bar,2025-07-10T15:57:07,P003089|P000129|P002639|P001439|P002259
M001037,Riverside Docks,2025-05-09T02:38:41,P001374|P003114
M001038,Riverside Docks,2025-05-15T00:34:21,P001376|P002836
M001039,Abandoned Factory,2025-01-12T16:17:15,P001119|P002179|P003329|P002779|P001229
M001040,Backroom - Lucky Star Bar,2025-04-02T21:30:34,P000910|P000130|P000200|P000900|P002260|P001170
M001041,Parking Garage B,2025-04-15T04:37:24,P001966|P003266|P000586|P003026|P000046|P000296
M001042,Downtown Cafe,2025-02-17T07:37:25,P000902|P001212
M001043,Private Villa,2025-07-05T12:17:52,P001770|P002240|P003300|P002260|P003490
M001044,Parking Garage B,2025-03-29T02:01:42,P000599|P002879|P002899
M001045,Storage Facility 12,2025-06-05T10:11:55,P002455|P001365|P003295
M001046,Downtown Cafe,2025-02-27T03:14:58,P001682|P001172|P000062|P001802
M001047,Riverside Docks,2025-07-18T08:11:12,P000875|P002565|P001895|P002755
M001048,Abandoned Factory,2025-05-20T00:04:40,P002795|P000725|P000345|P001325
M001049,Abandoned Factory,2025-02-21T08:06:43,P003224|P002184|P000914|P000384
M001050,Downtown Cafe,2025-06-21T01:06:07,P000232|P003382|P000052|P002152|P001332|P002082
M001051,Private Villa,2025-05-17T18:45:23,P003488|P003268|P002578
M001052,Abandoned Factory,2025-04-15T00:44:45,P002409|P000629|P000739|P002469|P003299
M001053,Abandoned Factory,2025-12-24T08:18:07,P000258|P001968
M001054,Private Villa,2025-11-12T19:14:10,P002514|P002724|P002834|P000104
M001055,Backroom - Lucky Star Bar,2025-11-07T22:10:04,P001893|P002453
M001056,Private Villa,2025-11-20T01:31:58,P000644|P000084|P001864
M001057,Parking Garage B,2025-07-29T16:47:00,P000312|P000302|P000912
M001058,Parking Garage B,2025-09-08T10:03:21,P001144|P002834|P000644
M001059,Backroom - Lucky Star Bar,2025-06-03T22:18:41,P001744|P000624
M001060,Parking Garage B,2025-01-28T03:53:15,P002911|P001481|P000851|P003101|P002341
M001061,Backroom - Lucky Star Bar,2025-09-18T18:53:30,P001384|P001714
M001062,Parking Garage B,2025-06-02T15:05:32,P000481|P001031|P003471|P003411
M001063,Riverside Docks,2025-02-16T19:40:55,P003264|P003484|P000354|P003304
M001064,Abandoned Factory,2025-09-21T04:45:55,P003023|P003103|P002203
M001065,Storage Facility 12,2025-02-24T19:31:47,P001448|P000988
M001066,Private Villa,2025-08-13T10:31:47,P002318|P001558
M001067,Warehouse District,2025-07-18T23:23:23,P000476|P000796|P000536|P002076
M001068,Riverside Docks,2025-01-22T08:44:25,P001489|P000259|P002949
M001069,Warehouse District,2025-07-16T09:10:13,P000819|P003319|P000169|P000769|P003189
M001070,Storage Facility 12,2025-03-29T18:13:22,P001370|P001130|P003160
M001071,Abandoned Factory,2025-02-14T15:00:37,P002790|P001850|P000920|P001400
M001072,Riverside Docks,2025-09-15T17:16:35,P002539|P003479|P001389|P003369|P001509
M001073,Private Villa,2025-06-25T21:18:29,P000913|P002313|P000093|P000733|P000413|P001703
M001074,Storage Facility 12,2025-07-02T01:53:26,P002994|P000184|P000804|P002414
M001075,Parking Garage B,2025-05-12T18:12:21,P000292|P003352
M001076,Backroom - Lucky Star Bar,2025-05-25T08:06:19,P001051|P000421|P000831|P002931
M001077,Abandoned Factory,2025-01-20T00:05:39,P001034|P002134|P000784|P002704|P001834
M001078,Storage Facility 12,2025-05-06T13:28:11,P001447|P001947|P000807|P002427|P003177|P003407
M001079,Parking Garage B,2025-08-22T15:19:09,P001061|P000771|P000371|P000071|P002301
M001080,Backroom - Lucky Star Bar,2025-01-17T07:08:30,P002380|P000530|P001500
M001081,Backroom - Lucky Star Bar,2025-12-20T15:18:29,P001597|P000707|P000967|P002867
M001082,Storage Facility 12,2025-08-09T07:30:07,P001910|P002860|P002520|P000750|P000640
M001083,Warehouse District,2025-02-14T11:24:06,P000087|P002427|P001937|P000537|P001557|P001207
M001084,Parking Garage B,2025-04-29T04:05:22,P001045|P000095|P000595
M001085,Downtown Cafe,2025-01-13T00:03:23,P003370|P000250|P000210
M001086,Warehouse District,2025-02-11T16:27:50,P000780|P003170|P000510|P002290|P002630
M001087,Abandoned Factory,2025-01-14T13:37:09,P003256|P002826|P001446
M001088,Warehouse District,2025-01-08T07:11:35,P001431|P000151|P001761|P002461|P002171
M001089,Parking Garage B,2025-10-21T05:46:30,P001642|P002492|P003222|P003142|P000202
M001090,Riverside Docks,2025-06-28T18:24:10,P001781|P000381|P001361|P003191
M001091,Abandoned Factory,2025-05-15T03:09:29,P002453|P001253|P001913
M001092,Downtown Cafe,2025-10-25T12:28:35,P002038|P002638|P003198|P001588
M001093,Private Villa,2025-09-14T07:54:36,P000431|P002971|P000421|P001931|P000041
M001094,Parking Garage B,2025-12-02T18:35:15,P001635|P001575|P001845
M001095,Warehouse District,2025-04-30T07:20:13,P003434|P001654|P002794|P002114|P000574|P000564
M001096,Downtown Cafe,2025-02-05T15:40:11,P000413|P001793
M001097,Downtown Cafe,2025-12-20T12:42:16,P002107|P001727|P002397|P002017|P001667
M001098,Backroom - Lucky Star Bar,2025-10-21T01:10:02,P001858|P000678|P003058|P001088|P001148
M001099,Parking Garage B,2025-08-29T21:36:30,P001460|P002190|P002020|P002710|P001330|P002620
M001100,Downtown Cafe,2025-10-23T20:36:14,P001045|P002355|P001435|P001135|P001785
M001101,Backroom - Lucky Star Bar,2025-01-19T22:20:35,P003399|P000709|P002369|P000889|P003249
M001102,Abandoned Factory,2025-06-30T04:47:47,P000563|P001083|P002823|P002613|P001473
M001103,Downtown Cafe,2025-09-27T05:21:21,P001812|P000072|P001732|P002412|P003492
M001104,Parking Garage B,2025-03-01T10:57:02,P000340|P000750|P002090|P001730|P000810|P000850
M001105,Warehouse District,2025-08-25T01:59:11,P001136|P001836
M001106,Warehouse District,2025-10-02T12:00:54,P001989|P002319|P000869|P003179|P000379|P000629
M001107,Riverside Docks,2025-12-30T08:47:10,P002055|P003225|P001895|P000145|P000745
M001108,Storage Facility 12,2025-11-17T12:22:06,P002323|P000833|P001623|P000143|P000863|P002803
M001109,Backroom - Lucky Star Bar,2025-03-18T14:55:19,P002163|P001753|P000693
M001110,Private Villa,2025-06-21T17:51:25,P000010|P001130|P003200|P002220
M001111,Backroom - Lucky Star Bar,2025-11-22T13:34:28,P001503|P001433|P001593
M001112,Private Villa,2025-07-31T12:26:17,P002476|P002536
M001113,Backroom - Lucky Star Bar,2025-07-03T03:44:11,P001813|P002603|P003463
M001114,Private Villa,2025-04-08T15:19:52,P001696|P002156|P003246|P000696
M001115,Riverside Docks,2025-07-07T18:03:53,P002410|P000800
M001116,Riverside Docks,2025-08-11T16:50:49,P001400|P001290|P001860|P001980|P000570
M001117,Parking Garage B,2025-03-10T19:57:38,P002925|P002905|P002285
M001118,Warehouse District,2025-11-13T17:50:38,P000023|P001313|P001193|P001343|P000483
M001119,Storage Facility 12,2025-02-13T00:11:23,P000871|P001801|P000311|P000891
M001120,Storage Facility 12,2025-06-20T04:20:50,P002924|P002804
M001121,Warehouse District,2025-03-07T18:34:21,P002978|P000948|P001028|P002138
M001122,Storage Facility 12,2025-02-24T00:50:24,P000823|P002003|P002253|P001713|P001193
M001123,Backroom - Lucky Star Bar,2025-04-05T17:54:08,P002012|P001212|P003482|P000402
M001124,Riverside Docks,2025-12-07T03:00:12,P001378|P001468|P002468
M001125,Abandoned Factory,2025-01-03T09:30:43,P000410|P003040|P002710|P002430|P000420
M001126,Storage Facility 12,2025-08-18T13:53:42,P002520|P003440|P002180
M001127,Storage Facility 12,2025-03-05T16:43:08,P000975|P000365
M001128,Storage Facility 12,2025-09-07T09:20:56,P000824|P002344|P001484|P002514|P002954
M001129,Backroom - Lucky Star Bar,2025-02-22T05:58:18,P003485|P000895|P003235|P002115|P001165
M001130,Riverside Docks,2025-05-23T22:51:26,P000482|P002942|P003272
M001131,Parking Garage B,2025-07-15T02:27:17,P000710|P002210
M001132,Private Villa,2025-01-30T09:42:16,P003013|P001433
M001133,Backroom - Lucky Star Bar,2025-08-05T08:05:07,P002618|P001258|P001828|P003068
M001134,Private Villa,2025-09-18T11:28:28,P003452|P001392
M001135,Riverside Docks,2025-10-30T03:26:52,P001052|P000262|P002602|P000862|P002332
M001136,Private Villa,2025-06-18T13:31:56,P000173|P000123|P001373|P001613|P000743
M001137,Downtown Cafe,2025-12-20T02:36:37,P000966|P001106
M001138,Parking Garage B,2025-04-16T18:30:17,P003343|P001133|P000943|P001793|P000353
M001139,Private Villa,2025-07-19T22:37:38,P001472|P001752|P000972|P002702
M001140,Warehouse District,2025-02-07T05:43:18,P001144|P002444
M001141,Riverside Docks,2025-01-01T07:37:31,P001338|P002098
M001142,Riverside Docks,2025-09-30T19:37:50,P002491|P002731
M001143,Warehouse District,2025-10-26T23:43:56,P001796|P001256|P002846|P001886
M001144,Downtown Cafe,2025-09-20T18:05:31,P003017|P002827
M001145,Riverside Docks,2025-06-27T04:57:17,P001554|P001094|P000394|P003104
M001146,Storage Facility 12,2025-09-13T13:30:12,P002205|P000795|P001005|P002445|P001855|P001935
M001147,Abandoned Factory,2025-07-07T06:04:47,P002136|P001426|P002096|P000026|P002636
M001148,Warehouse District,2025-10-04T17:36:04,P001223|P002213
M001149,Storage Facility 12,2025-10-18T04:13:40,P001550|P003160|P001060|P002670
M001150,Warehouse District,2025-08-04T20:27:49,P001816|P002736|P000246
M001151,Private Villa,2025-04-14T08:47:56,P001954|P002864|P000084|P000294
M001152,Storage Facility 12,2025-05-29T11:53:34,P000764|P002544|P001754|P000034
M001153,Warehouse District,2025-04-12T12:50:17,P001346|P003126|P002286|P001176
M001154,Abandoned Factory,2025-07-31T04:24:48,P001399|P001599|P001559
M001155,Private Villa,2025-02-14T10:21:51,P002617|P001687|P000247|P002987|P001507|P001897
M001156,Downtown Cafe,2025-03-23T11:53:34,P002821|P000151|P001531|P001541|P000501
M001157,Warehouse District,2025-03-22T20:08:30,P002722|P001942|P002642|P002472
M001158,Riverside Docks,2025-03-16T06:57:39,P000424|P001404|P000514|P000794|P001464
M001159,Backroom - Lucky Star Bar,2025-04-29T20:52:06,P002349|P000199
M001160,Storage Facility 12,2025-05-25T20:46:00,P000448|P003318|P002178|P001988|P002028|P000888
M001161,Abandoned Factory,2025-08-23T10:40:43,P002151|P000471|P002531
M001162,Riverside Docks,2025-01-04T13:13:04,P001210|P002080|P002760|P003030
M001163,Warehouse District,2025-05-05T11:38:00,P002783|P002893|P000253|P002873
M001164,Parking Garage B,2025-12-23T07:49:17,P000055|P001735
M001165,Downtown Cafe,2025-07-26T19:37:49,P002451|P001861|P002441|P002101|P002411
M001166,Abandoned Factory,2025-01-21T11:41:03,P000753|P000183|P000583
M001167,Parking Garage B,2025-07-01T15:47:19,P002186|P002066|P001786|P000446|P000766
M001168,Riverside Docks,2025-06-25T12:24:06,P003403|P002743
M001169,Downtown Cafe,2025-03-26T14:44:05,P000690|P002120|P000330|P002390|P002410|P002930
M001170,Riverside Docks,2025-12-04T22:00:46,P002671|P002731
M001171,Riverside Docks,2025-03-02T12:05:25,P001643|P000773|P001083|P000823
M001172,Abandoned Factory,2025-05-25T21:15:34,P001749|P001289
M001173,Backroom - Lucky Star Bar,2025-05-04T10:42:36,P001365|P000955|P000595|P000825
M001174,Riverside Docks,2025-11-06T08:55:20,P000166|P003446|P000906|P000496|P002956
M001175,Parking Garage B,2025-01-30T11:27:07,P002593|P001943
M001176,Private Villa,2025-08-16T19:57:17,P002164|P000584
M001177,Downtown Cafe,2025-05-03T14:40:34,P001879|P001049|P001919|P000719
M001178,Downtown Cafe,2025-07-02T08:25:34,P001315|P001845|P000175|P001345|P003375
M001179,Private Villa,2025-03-06T13:09:21,P001456|P002766|P000656|P001506
M001180,Abandoned Factory,2025-08-28T10:28:18,P000564|P002564|P002774
M001181,Warehouse District,2025-11-07T01:47:19,P002759|P000629|P002239|P003219|P001309|P000399
M001182,Abandoned Factory,2025-04-28T13:23:27,P002319|P002179|P001429|P001729|P002389
M001183,Abandoned Factory,2025-04-01T16:08:00,P000069|P000149|P000989|P001349
M001184,Downtown Cafe,2025-07-10T17:58:49,P002084|P003394|P001384|P002734
M001185,Riverside Docks,2025-10-09T14:28:42,P000368|P002568|P000548|P000738|P001198
M001186,Storage Facility 12,2025-02-24T22:21:29,P003090|P001710|P003370|P003310|P002960|P001280
M001187,Storage Facility 12,2025-07-27T11:43:04,P001653|P000243|P001073
M001188,Warehouse District,2025-08-14T14:12:33,P001601|P000011
M001189,Downtown Cafe,2025-02-07T02:26:01,P002768|P001458|P000448
M001190,Riverside Docks,2025-01-06T16:53:15,P002454|P003174|P002294|P000914|P001054
M001191,Backroom - Lucky Star Bar,2025-10-29T02:55:52,P002751|P000071|P002191|P001741|P001901|P001271
M001192,Storage Facility 12,2025-05-04T00:26:02,P003202|P001392|P001592|P001432
M001193,Abandoned Factory,2025-08-30T12:40:29,P002812|P001422|P001042|P000122|P002992|P002412
M001194,Riverside Docks,2025-11-22T11:57:23,P003006|P002276|P002056
M001195,Storage Facility 12,2025-03-24T23:12:58,P001454|P002424|P001224|P000744
M001196,Private Villa,2025-03-21T11:46:49,P000978|P001998
M001197,Abandoned Factory,2025-01-10T11:53:25,P001380|P000620|P003210|P003000|P001700|P000060
M001198,Warehouse District,2025-09-04T19:01:55,P001648|P001088
M001199,Parking Garage B,2025-05-23T05:48:34,P001060|P000150|P001300|P000960|P000010
M001200,Storage Facility 12,2025-10-12T18:32:40,P000783|P002943|P000733
M001201,Abandoned Factory,2025-09-10T21:53:16,P000962|P001972|P000642
M001202,Storage Facility 12,2025-04-29T01:04:26,P001955|P002815|P002135|P001925|P003195
M001203,Downtown Cafe,2025-09-15T17:25:04,P003247|P001037
M001204,Riverside Docks,2025-09-08T03:20:13,P002488|P001318|P000988
M001205,Abandoned Factory,2025-05-19T16:05:30,P001753|P001303|P002633|P002793|P001283|P001093
M001206,Parking Garage B,2025-12-17T13:16:23,P002812|P002842|P000732|P002912|P002432
M001207,Riverside Docks,2025-03-07T12:04:16,P002642|P001682
M001208,Riverside Docks,2025-08-26T06:30:14,P000516|P001466|P000246
M001209,Backroom - Lucky Star Bar,2025-03-27T05:58:36,P001864|P001474|P002074|P003354|P001624|P001594
M001210,Storage Facility 12,2025-06-13T09:42:10,P000364|P003024|P000794|P003364
M001211,Private Villa,2025-02-05T23:50:06,P000228|P001958|P000708|P000998
M001212,Downtown Cafe,2025-06-12T06:57:20,P001464|P000224|P003124|P003254|P000214|P001874
M001213,Storage Facility 12,2025-12-30T10:20:25,P000463|P002453|P001893|P002563|P000233|P002133
M001214,Parking Garage B,2025-03-22T12:34:36,P001514|P001244|P000374|P000344|P001114
M001215,Abandoned Factory,2025-11-05T14:19:48,P000188|P003228
M001216,Abandoned Factory,2025-12-01T00:03:42,P001093|P000253|P003433
M001217,Warehouse District,2025-10-30T11:17:53,P002962|P001082|P002102|P000122|P002622
M001218,Private Villa,2025-12-11T20:06:37,P000420|P002460|P002620|P001240|P002230
M001219,Riverside Docks,2025-07-28T09:01:07,P000971|P000581|P003461|P002011
M001220,Downtown Cafe,2025-04-02T09:49:42,P002359|P000179|P002189|P000549|P000599
M001221,Riverside Docks,2025-02-12T19:28:21,P002842|P002392|P001722|P000152|P002862|P000652
M001222,Backroom - Lucky Star Bar,2025-07-21T17:08:21,P000927|P003377
M001223,Backroom - Lucky Star Bar,2025-09-15T10:06:47,P003136|P000396|P000936|P001716|P003236|P003126
M001224,Warehouse District,2025-04-18T14:15:05,P002579|P001869|P001079|P001999|P002739|P001759
M001225,Backroom - Lucky Star Bar,2025-12-14T00:50:24,P000287|P000747
M001226,Abandoned Factory,2025-01-26T03:26:26,P000036|P001696|P002206|P002376|P001116
M001227,Abandoned Factory,2025-11-29T02:38:13,P001998|P001768|P000358|P001818
M001228,Riverside Docks,2025-11-05T12:08:56,P000538|P000738|P002838|P002908|P000598|P003228
M001229,Parking Garage B,2025-10-15T01:32:52,P001853|P001933
M001230,Riverside Docks,2025-04-26T12:10:00,P001063|P002743
M001231,Abandoned Factory,2025-04-06T01:28:26,P002036|P001936
M001232,Abandoned Factory,2025-01-12T17:45:29,P002903|P001823|P002783
M001233,Backroom - Lucky Star Bar,2025-08-25T08:37:11,P003145|P002685|P002055
M001234,Private Villa,2025-04-28T04:55:03,P001689|P000689|P002129
M001235,Riverside Docks,2025-03-11T11:22:10,P002116|P002936
M001236,Parking Garage B,2025-08-30T12:37:18,P001140|P000620|P001240|P000860
M001237,Backroom - Lucky Star Bar,2025-04-24T14:21:32,P001792|P002842|P001102|P000012|P000412
M001238,Warehouse District,2025-10-11T14:45:10,P000387|P000357|P000647|P002847
M001239,Abandoned Factory,2025-08-02T12:17:50,P000960|P002220
M001240,Riverside Docks,2025-01-24T01:59:55,P000457|P000597|P003077|P002757|P002177
M001241,Abandoned Factory,2025-08-30T07:28:50,P001037|P001487
M001242,Backroom - Lucky Star Bar,2025-07-14T21:22:45,P003134|P001644|P001884|P000144|P003374
M001243,Downtown Cafe,2025-01-21T15:41:50,P000913|P001423|P001783
M001244,Backroom - Lucky Star Bar,2025-05-01T21:11:11,P000499|P002959|P000159|P001429|P002409
M001245,Parking Garage B,2025-10-02T16:15:35,P001416|P001326|P000506
M001246,Backroom - Lucky Star Bar,2025-09-18T19:56:44,P002453|P003473|P001443|P000173|P002173
M001247,Parking Garage B,2025-02-17T07:47:27,P001658|P002528|P003428|P003048|P001318|P000468
M001248,Downtown Cafe,2025-09-11T21:33:47,P000299|P000509|P000619|P000459|P001389|P001399
M001249,Riverside Docks,2025-01-11T14:54:23,P001089|P003419|P000329|P002179|P002589|P001739
M001250,Abandoned Factory,2025-09-06T21:33:56,P002582|P001552
M001251,Private Villa,2025-05-25T23:41:06,P002680|P002250|P001140|P000010
M001252,Backroom - Lucky Star Bar,2025-06-23T02:39:33,P000423|P002803|P002113|P000813|P002223|P002883
M001253,Private Villa,2025-07-29T19:26:26,P000420|P001860|P001290|P001350|P000500
M001254,Private Villa,2025-07-18T00:00:49,P003184|P002604|P001964|P000694
M001255,Backroom - Lucky Star Bar,2025-02-02T06:02:08,P003396|P000376|P000156
M001256,Abandoned Factory,2025-01-23T12:50:53,P000225|P000755|P003035
M001257,Riverside Docks,2025-04-25T21:08:13,P003227|P002207
M001258,Downtown Cafe,2025-06-26T10:54:50,P003290|P001170|P002090|P002800|P002780
M001259,Warehouse District,2025-12-01T14:29:04,P001142|P000712|P000862|P001042
M001260,Abandoned Factory,2025-12-24T10:25:46,P003345|P003135|P002255|P002395
M001261,Parking Garage B,2025-08-13T16:36:57,P003183|P003423|P000413|P002493|P003323|P001013
M001262,Storage Facility 12,2025-01-25T04:26:04,P000325|P002685|P001635
M001263,Riverside Docks,2025-06-18T05:39:55,P001041|P002331|P002491
M001264,Parking Garage B,2025-06-14T20:29:32,P001264|P001404|P002654|P001974|P001114|P002954
M001265,Warehouse District,2025-12-28T14:23:39,P001422|P002092|P000092|P001792
M001266,Warehouse District,2025-06-22T21:07:24,P000375|P003265|P002265|P000795|P002825
M001267,Downtown Cafe,2025-07-30T19:13:40,P000070|P002910|P001320
M001268,Abandoned Factory,2025-05-16T11:50:21,P002822|P000412|P000092
M001269,Riverside Docks,2025-02-11T10:39:42,P002939|P002279|P001189|P001849|P000169
M001270,Riverside Docks,2025-01-07T11:51:49,P001436|P003216|P002836|P001126
M001271,Storage Facility 12,2025-11-25T07:56:31,P000338|P002738
M001272,Backroom - Lucky Star Bar,2025-11-29T11:11:18,P001387|P002037
M001273,Downtown Cafe,2025-05-27T06:27:01,P000275|P000145|P002775|P002255|P001795|P001745
M001274,Private Villa,2025-06-02T22:09:10,P002152|P002422|P000342|P002302
M001275,Private Villa,2025-05-17T14:17:07,P002835|P002975|P000015
M001276,Abandoned Factory,2025-09-12T18:09:56,P002097|P003287|P003387|P000567|P003187|P003137
M001277,Backroom - Lucky Star Bar,2025-10-16T22:32:50,P001672|P002522
M001278,Warehouse District,2025-10-31T10:42:20,P001719|P001699|P001989
M001279,Abandoned Factory,2025-11-24T03:38:01,P003452|P000822|P000552|P000852|P000522
M001280,Private Villa,2025-04-21T07:07:50,P001583|P003323|P000623|P002823|P002913|P003203
M001281,Parking Garage B,2025-04-03T02:36:25,P001487|P001677
M001282,Parking Garage B,2025-09-22T12:18:40,P000282|P001342
M001283,Warehouse District,2025-12-16T04:28:21,P002746|P003396
M001284,Abandoned Factory,2025-12-20T02:28:00,P003343|P000343
M001285,Riverside Docks,2025-07-12T05:54:08,P003013|P001543
M001286,Riverside Docks,2025-11-19T21:03:10,P000722|P003102|P000382|P003122
M001287,Abandoned Factory,2025-08-27T17:21:03,P000342|P000352|P001552|P002562
M001288,Private Villa,2025-01-18T18:59:56,P001585|P002555|P000945|P003465
M001289,Abandoned Factory,2025-04-07T05:39:38,P001192|P002382|P001842
M001290,Parking Garage B,2025-03-24T08:37:36,P002515|P000345
M001291,Backroom - Lucky Star Bar,2025-08-15T02:38:03,P001203|P002303|P000613|P002953
M001292,Downtown Cafe,2025-05-08T19:34:13,P000603|P002523|P003413
M001293,Storage Facility 12,2025-04-02T20:54:58,P003435|P002935|P002945|P001825|P002415|P003005
M001294,Riverside Docks,2025-09-01T12:58:29,P000535|P001545
M001295,Private Villa,2025-11-29T07:06:34,P000365|P000785
M001296,Parking Garage B,2025-12-17T22:52:34,P002400|P002100|P000800
M001297,Downtown Cafe,2025-03-18T17:25:05,P002911|P002251|P003391|P000311|P001861|P001321
M001298,Backroom - Lucky Star Bar,2025-07-09T13:43:40,P000173|P003043|P001153|P002613|P002413
M001299,Backroom - Lucky Star Bar,2025-10-03T22:11:26,P002644|P001604|P002534|P000674|P003224
M001300,Downtown Cafe,2025-04-30T02:41:51,P001713|P002283|P000123|P002253|P000353
M001301,Parking Garage B,2025-04-10T11:36:22,P003183|P001873|P002283
M001302,Downtown Cafe,2025-03-29T19:14:11,P001174|P002464|P002214
M001303,Warehouse District,2025-11-20T06:27:48,P001243|P003433
M001304,Storage Facility 12,2025-10-09T12:32:02,P002218|P000028
M001305,Backroom - Lucky Star Bar,2025-12-12T01:28:23,P003131|P003061|P000731|P002671|P002491|P002331
M001306,Downtown Cafe,2025-12-23T17:38:44,P002204|P001354|P002984
M001307,Downtown Cafe,2025-04-11T02:00:52,P002553|P002143
M001308,Downtown Cafe,2025-02-01T11:11:00,P001633|P003143|P001343|P001383|P003373|P002783
M001309,Warehouse District,2025-04-29T02:51:35,P000872|P001522
M001310,Abandoned Factory,2025-12-11T07:51:34,P001572|P002452
M001311,Abandoned Factory,2025-11-26T20:02:01,P002542|P002902|P000032|P000892|P001122
M001312,Downtown Cafe,2025-03-17T22:52:02,P003484|P002084
M001313,Storage Facility 12,2025-03-15T22:27:13,P000808|P001598
M001314,Riverside Docks,2025-09-13T02:59:37,P001949|P000459|P001449|P000819|P000639
M001315,Parking Garage B,2025-01-29T05:00:56,P001855|P002685
M001316,Abandoned Factory,2025-07-31T23:24:20,P000066|P001306|P000586
M001317,Storage Facility 12,2025-10-27T15:01:43,P002887|P001787|P003327
M001318,Warehouse District,2025-01-31T19:10:50,P002603|P001393
M001319,Warehouse District,2025-03-25T13:08:19,P002647|P001857|P000197|P001647|P002247|P002887
M001320,Warehouse District,2025-08-04T07:36:40,P002317|P001217
M001321,Riverside Docks,2025-10-17T09:15:43,P001617|P001487|P002097|P001207|P001587
M001322,Downtown Cafe,2025-12-24T05:49:55,P001233|P002043|P001833|P002003
M001323,Parking Garage B,2025-11-28T20:13:56,P000462|P003302|P002132|P000542|P001872|P003342
M001324,Private Villa,2025-02-07T07:58:52,P000443|P000803|P002853|P000933
M001325,Backroom - Lucky Star Bar,2025-02-13T13:37:15,P001911|P003101
M001326,Backroom - Lucky Star Bar,2025-11-01T18:58:13,P000123|P000753
M001327,Warehouse District,2025-10-26T06:16:41,P003466|P003366|P000616|P001956|P003416|P002506
M001328,Storage Facility 12,2025-08-28T12:07:28,P000506|P001066|P003006
M001329,Backroom - Lucky Star Bar,2025-09-04T06:30:35,P000197|P002297|P000447|P002557|P001107|P002847
M001330,Backroom - Lucky Star Bar,2025-10-20T10:26:19,P002776|P000326|P003346|P003276|P001746
M001331,Private Villa,2025-07-19T18:40:11,P001032|P002482|P003162|P001502
M001332,Abandoned Factory,2025-04-08T03:29:34,P001643|P000893|P002153|P002063
M001333,Downtown Cafe,2025-03-19T18:01:09,P001062|P001102|P003312|P000772|P003182|P003402
M001334,Backroom - Lucky Star Bar,2025-03-22T05:05:46,P002988|P001898|P000568|P002338|P002258
M001335,Downtown Cafe,2025-10-06T23:15:35,P000871|P002601|P002641|P002881|P001141
M001336,Parking Garage B,2025-09-21T02:50:25,P002764|P000084|P001684|P001244|P003154
M001337,Private Villa,2025-11-17T15:36:40,P003288|P001518|P003348|P000418|P002898|P000318
M001338,Riverside Docks,2025-10-08T12:28:28,P000183|P001113|P000373
M001339,Storage Facility 12,2025-04-13T20:43:38,P003380|P001770|P001540
M001340,Storage Facility 12,2025-07-29T15:36:15,P002943|P001943|P003303|P002773|P001893|P000673
M001341,Riverside Docks,2025-12-17T05:58:46,P002599|P003459
M001342,Parking Garage B,2025-05-02T11:37:02,P002870|P002490
M001343,Backroom - Lucky Star Bar,2025-08-02T10:10:54,P003189|P001969|P001939|P000329|P002179|P001109
M001344,Riverside Docks,2025-05-28T13:24:30,P001708|P003478|P000518|P002328|P001768
M001345,Private Villa,2025-10-04T02:51:35,P001911|P000941|P002921|P001511
M001346,Backroom - Lucky Star Bar,2025-12-26T10:51:07,P001672|P003292|P000072|P001022|P000392|P002352
M001347,Private Villa,2025-10-23T04:17:05,P003347|P001667|P000017
M001348,Storage Facility 12,2025-06-14T16:43:29,P000255|P000265|P001355|P000585|P002935|P002785
M001349,Storage Facility 12,2025-07-24T11:30:50,P000047|P000247|P002067|P002797
M001350,Abandoned Factory,2025-06-07T07:33:29,P001476|P002366|P001726|P002096|P003396|P002806
M001351,Private Villa,2025-09-12T20:55:40,P002805|P003145|P001815|P003025|P001075
M001352,Downtown Cafe,2025-03-29T13:46:20,P002491|P003141|P002511|P003051|P001111
M001353,Downtown Cafe,2025-09-05T14:46:14,P001628|P003418|P000398|P002958|P003338|P001858
M001354,Downtown Cafe,2025-09-04T17:02:32,P001728|P000448|P001298|P000718|P001928
M001355,Warehouse District,2025-09-02T15:33:52,P000902|P002462|P002832|P002342
M001356,Storage Facility 12,2025-08-30T11:21:35,P003372|P002022
M001357,Storage Facility 12,2025-06-28T21:06:37,P000119|P000149|P002139|P000249|P002819
M001358,Parking Garage B,2025-10-16T11:02:58,P002930|P001820
M001359,Downtown Cafe,2025-02-10T14:37:56,P001262|P003342|P002562|P000922|P002802
M001360,Downtown Cafe,2025-07-30T12:29:36,P003282|P000602|P002892
M001361,Downtown Cafe,2025-09-15T23:06:32,P001771|P003431|P003051|P001671|P000421
M001362,Parking Garage B,2025-08-26T04:04:22,P003370|P003060|P001320|P000780|P001450|P003480
M001363,Riverside Docks,2025-06-01T12:36:58,P003180|P001470|P001490|P002790
M001364,Abandoned Factory,2025-05-19T00:58:20,P002624|P002924|P003254|P001094|P003294|P002654
M001365,Downtown Cafe,2025-05-27T05:31:20,P001083|P002623
M001366,Abandoned Factory,2025-05-12T15:51:37,P001799|P001879|P003419|P002639|P000889|P000699
M001367,Private Villa,2025-04-23T19:08:49,P002896|P001556|P000736
M001368,Warehouse District,2025-05-01T02:52:15,P000570|P001800|P000410
M001369,Warehouse District,2025-03-25T20:42:08,P001477|P000857
M001370,Private Villa,2025-08-12T13:16:29,P002649|P003139
M001371,Downtown Cafe,2025-02-19T13:15:42,P001042|P002212|P003482|P000912|P003382
M001372,Backroom - Lucky Star Bar,2025-11-18T14:34:10,P000349|P001759|P000059|P002749|P002229
M001373,Warehouse District,2025-05-04T02:53:35,P000479|P001209|P001879|P002189
M001374,Parking Garage B,2025-10-28T04:08:10,P003265|P000325|P001985|P002165
M001375,Warehouse District,2025-09-09T12:54:15,P001602|P002692
M001376,Private Villa,2025-07-08T12:46:35,P003060|P001890|P001940|P000780|P000490|P000940
M001377,Riverside Docks,2025-04-19T01:45:26,P002060|P000940|P002940|P001850
M001378,Riverside Docks,2025-12-23T08:54:24,P000693|P000473|P000573
M001379,Private Villa,2025-01-29T03:56:17,P000777|P000807|P000297|P000677|P002247
M001380,Backroom - Lucky Star Bar,2025-03-01T21:49:57,P002837|P001117|P002477|P001697
M001381,Riverside Docks,2025-03-14T09:18:13,P002658|P000048
M001382,Private Villa,2025-10-13T14:54:08,P003025|P002145
M001383,Private Villa,2025-09-20T10:59:39,P000630|P000720
M001384,Downtown Cafe,2025-10-15T12:15:29,P002639|P002269|P002979|P002799|P001539
M001385,Private Villa,2025-01-10T02:14:26,P000096|P001506|P002566
M001386,Parking Garage B,2025-05-15T18:43:15,P000298|P002008|P000558|P001638
M001387,Downtown Cafe,2025-11-15T17:45:49,P002457|P000607|P001697
M001388,Storage Facility 12,2025-07-23T12:14:05,P003232|P000022|P000302
M001389,Storage Facility 12,2025-12-18T07:26:50,P002562|P003252|P002792|P001482
M001390,Storage Facility 12,2025-02-18T01:43:11,P000570|P001520|P001640|P002500|P001930|P003440
M001391,Parking Garage B,2025-02-04T22:32:37,P001382|P002372
M001392,Parking Garage B,2025-09-05T23:05:45,P002393|P002033|P000233|P000423|P003053|P000173
M001393,Abandoned Factory,2025-12-16T04:17:27,P003426|P002566|P000966|P000776
M001394,Private Villa,2025-08-23T10:22:03,P001838|P001368|P000978|P000608
M001395,Warehouse District,2025-04-14T14:46:03,P002589|P001529|P000109|P003089|P001399|P002339
M001396,Abandoned Factory,2025-05-27T14:20:43,P001410|P001930|P002510|P003120|P001660
M001397,Warehouse District,2025-11-09T18:34:11,P000166|P002076|P002846|P002696|P002626
M001398,Backroom - Lucky Star Bar,2025-03-26T14:31:52,P001043|P000473|P002703|P000963|P002393
M001399,Abandoned Factory,2025-04-24T00:37:56,P000132|P002322|P000942
M001400,Storage Facility 12,2025-12-24T02:45:59,P001931|P001311|P000861|P000941|P000041
M001401,Warehouse District,2025-07-14T22:41:11,P001762|P002172|P003192
M001402,Parking Garage B,2025-03-19T10:42:46,P002462|P000642|P002442|P000582|P001892
M001403,Abandoned Factory,2025-07-03T00:37:19,P001618|P002058|P000618|P003158|P000378|P002508
M001404,Abandoned Factory,2025-01-17T11:06:40,P001884|P000434|P000494
M001405,Riverside Docks,2025-04-22T21:30:40,P003140|P001900|P001100|P001360
M001406,Private Villa,2025-12-26T20:05:39,P001310|P000690
M001407,Private Villa,2025-07-16T10:15:35,P001466|P000466|P002036|P001636|P002216|P002406
M001408,Backroom - Lucky Star Bar,2025-05-08T16:20:06,P001239|P003329|P002259
M001409,Storage Facility 12,2025-01-03T13:09:27,P000919|P002849
M001410,Private Villa,2025-08-14T17:11:44,P002338|P001768|P000878|P000028
M001411,Private Villa,2025-03-06T02:54:42,P002550|P003140|P003370|P002070
M001412,Private Villa,2025-12-18T23:26:17,P002174|P001014|P003394
M001413,Abandoned Factory,2025-02-15T23:56:34,P002738|P001868|P003138|P002228|P001208
M001414,Warehouse District,2025-11-14T04:01:03,P001759|P000349|P001679
M001415,Private Villa,2025-05-18T14:44:48,P002150|P000690|P001410|P002240|P003100
M001416,Private Villa,2025-07-21T12:24:23,P000922|P000552|P002722|P001972|P003282|P003302
M001417,Riverside Docks,2025-11-25T13:17:32,P001845|P000795
M001418,Private Villa,2025-05-25T13:49:14,P002965|P000835|P003265
M001419,Storage Facility 12,2025-08-24T08:12:44,P000503|P001513|P001723|P002843|P000243|P001873
M001420,Warehouse District,2025-09-01T17:48:37,P002867|P001327|P001417|P002537|P000267|P001517
M001421,Private Villa,2025-05-31T18:19:04,P002240|P001410|P000460|P001760|P001240
M001422,Storage Facility 12,2025-04-15T03:52:32,P002908|P002638|P001978|P002718
M001423,Abandoned Factory,2025-04-01T02:01:25,P000649|P003049|P000809
M001424,Abandoned Factory,2025-04-14T18:57:53,P002525|P000535|P002715|P002255|P000655|P000515
M001425,Abandoned Factory,2025-11-22T14:14:14,P002193|P002043|P002823|P000923|P002873
M001426,Private Villa,2025-09-08T06:43:31,P001135|P000295
M001427,Riverside Docks,2025-05-11T06:34:04,P002656|P002216|P003016|P000686|P002976|P000626
M001428,Warehouse District,2025-12-29T05:09:07,P003300|P001910|P000620
M001429,Warehouse District,2025-03-10T22:36:52,P001005|P002845|P003475|P001835|P002035|P002705
M001430,Storage Facility 12,2025-08-12T18:24:38,P002041|P002451|P000831|P002731|P001381
M001431,Downtown Cafe,2025-08-11T06:12:45,P001696|P000716
M001432,Warehouse District,2025-11-13T06:16:41,P000405|P003105
M001433,Downtown Cafe,2025-05-08T21:55:44,P001944|P001544|P001564
M001434,Backroom - Lucky Star Bar,2025-05-07T12:44:43,P000344|P002694|P000924
M001435,Abandoned Factory,2025-07-11T01:08:53,P000533|P002353|P003133|P002863|P002373
M001436,Private Villa,2025-11-24T14:26:48,P000069|P002389|P001039|P000839
M001437,Backroom - Lucky Star Bar,2025-07-16T07:43:54,P001342|P001442|P001812|P001792|P002662|P002152
M001438,Abandoned Factory,2025-09-03T22:05:22,P001089|P000429|P000919|P002109|P003199|P002279
M001439,Parking Garage B,2025-05-19T19:21:36,P000860|P001840|P002820|P001090|P000240|P002250
M001440,Backroom - Lucky Star Bar,2025-04-04T03:12:39,P001085|P002265|P000755|P002035|P000345
M001441,Abandoned Factory,2025-03-11T13:24:07,P003332|P002302|P002952|P001232
M001442,Private Villa,2025-06-02T05:10:28,P002127|P000487|P002747|P002137
M001443,Abandoned Factory,2025-09-10T03:45:40,P002238|P001378
M001444,Riverside Docks,2025-09-14T11:07:21,P002879|P003249|P000799|P001839|P000999
M001445,Backroom - Lucky Star Bar,2025-09-05T07:52:48,P002552|P002632|P002142
M001446,Private Villa,2025-04-07T23:44:26,P001730|P000310
M001447,Private Villa,2025-07-24T00:59:20,P002718|P003028|P001088
M001448,Downtown Cafe,2025-06-30T18:38:06,P003477|P000317|P001237
M001449,Private Villa,2025-04-25T20:44:49,P001685|P002345|P000245|P001395|P002905
M001450,Riverside Docks,2025-04-27T19:32:00,P000689|P000959|P001769|P001729|P003059|P002019
M001451,Warehouse District,2025-04-30T00:11:54,P002229|P000759|P003229|P000949|P000229|P001289
M001452,Private Villa,2025-10-22T02:34:51,P000104|P001584|P002764
M001453,Riverside Docks,2025-09-03T17:18:10,P000194|P000434|P000824|P001294|P000104
M001454,Backroom - Lucky Star Bar,2025-05-16T12:40:16,P003090|P002120|P002220|P001400
M001455,Abandoned Factory,2025-05-09T08:37:10,P001111|P000711|P000401
M001456,Riverside Docks,2025-08-04T21:04:49,P001970|P000380|P002770|P000700|P000780
M001457,Storage Facility 12,2025-01-18T06:20:39,P003193|P003073|P001293
M001458,Warehouse District,2025-12-04T19:04:01,P002438|P000618|P000018|P002998
M001459,Parking Garage B,2025-10-30T22:40:47,P000147|P002057|P000787|P000547|P000707|P002097
M001460,Backroom - Lucky Star Bar,2025-12-27T17:41:14,P000579|P000949|P001979|P001099|P002029
M001461,Backroom - Lucky Star Bar,2025-02-04T01:19:45,P002249|P003449
M001462,Warehouse District,2025-05-08T18:21:10,P002789|P000099|P001449|P000929|P002279
M001463,Storage Facility 12,2025-02-06T09:20:28,P003116|P000676|P000916|P000946
M001464,Private Villa,2025-09-10T08:11:21,P003492|P002602
M001465,Warehouse District,2025-09-27T05:03:16,P001669|P001809|P002309|P001499|P000549
M001466,Warehouse District,2025-01-14T13:47:19,P001583|P001343|P003343|P002183|P000193
M001467,Riverside Docks,2025-08-09T22:19:52,P003253|P000113|P000573|P003153|P000223
M001468,Abandoned Factory,2025-07-22T12:45:15,P002645|P000545|P000885|P001115|P000915|P001195
M001469,Warehouse District,2025-07-30T16:19:10,P001220|P003400|P003080|P002120|P001410
M001470,Abandoned Factory,2025-03-20T11:35:15,P002560|P000360|P001120|P002990
M001471,Parking Garage B,2025-12-04T10:50:34,P003079|P001809|P001369|P000959|P000009|P000279
M001472,Parking Garage B,2025-10-28T03:43:52,P000824|P002104|P002454|P000624|P002284|P001214
M001473,Private Villa,2025-05-31T23:46:42,P001228|P003458|P001378|P003468|P001368
M001474,Downtown Cafe,2025-10-11T18:37:41,P001973|P000563|P001393|P001533|P002033|P002163
M001475,Private Villa,2025-07-09T19:27:14,P001437|P002637|P000917
M001476,Riverside Docks,2025-10-22T14:45:56,P002622|P001402|P001352|P002562|P000382|P002812
M001477,Storage Facility 12,2025-08-21T14:53:37,P003046|P001616|P002906|P003416|P000166|P000566
M001478,Abandoned Factory,2025-03-07T10:22:01,P002596|P001946|P002316|P000386|P000196|P000726
M001479,Warehouse District,2025-04-13T09:08:52,P001126|P001876|P003426
M001480,Warehouse District,2025-03-01T18:33:57,P000429|P000279|P001679|P000479
M001481,Abandoned Factory,2025-02-09T22:50:11,P001538|P002078|P000608
M001482,Storage Facility 12,2025-07-13T12:02:52,P002241|P000521
M001483,Private Villa,2025-12-30T14:18:33,P000818|P003018|P001358
M001484,Parking Garage B,2025-10-15T23:06:54,P002125|P000325|P001425|P002865
M001485,Parking Garage B,2025-09-08T00:01:04,P003003|P002533
M001486,Riverside Docks,2025-08-08T21:43:04,P001231|P000151|P002321|P002171|P003081|P001941
M001487,Storage Facility 12,2025-10-25T09:37:00,P000456|P000296|P003046
M001488,Downtown Cafe,2025-01-13T05:51:39,P000597|P002727|P000277|P002327|P000867
M001489,Parking Garage B,2025-04-16T10:21:47,P000058|P002268|P001838
M001490,Warehouse District,2025-09-19T22:39:50,P001587|P002497|P002567|P001237|P001047|P000477
M001491,Parking Garage B,2025-11-29T06:01:48,P001256|P000226
M001492,Downtown Cafe,2025-03-15T15:33:14,P003423|P001333|P001693
M001493,Storage Facility 12,2025-06-15T03:36:00,P000905|P001105|P002725|P000165|P001325|P002615
M001494,Abandoned Factory,2025-01-27T19:39:34,P002728|P000778
M001495,Private Villa,2025-12-07T18:07:45,P003268|P002328|P001518|P002018|P000548
M001496,Downtown Cafe,2025-06-30T19:31:16,P000913|P000173|P002443|P001613
M001497,Abandoned Factory,2025-05-15T16:19:43,P000293|P000183|P001343|P000373|P003463
M001498,Warehouse District,2025-10-06T22:32:29,P001554|P001364|P000134
M001499,Backroom - Lucky Star Bar,2025-01-28T05:46:00,P001646|P000016|P001836|P000686
M001500,Parking Garage B,2025-12-17T18:09:42,P002069|P000099|P000629|P000759|P001849
M001501,Storage Facility 12,2025-10-25T23:45:14,P000544|P003244|P001344
M001502,Riverside Docks,2025-02-11T13:20:43,P002586|P000856|P000116|P001696|P001156
M001503,Warehouse District,2025-03-23T21:47:34,P000906|P003466|P002786
M001504,Parking Garage B,2025-06-22T06:02:40,P000186|P000126|P003056|P001546|P003406
M001505,Parking Garage B,2025-06-03T03:20:04,P002338|P002088|P001028|P002138
M001506,Private Villa,2025-10-10T22:28:42,P000750|P001840|P003300|P003030|P002010|P003090
M001507,Warehouse District,2025-03-10T00:03:04,P003183|P002423
M001508,Downtown Cafe,2025-04-20T03:54:07,P002428|P003068|P001618|P001428|P002068
M001509,Private Villa,2025-08-11T15:12:50,P001919|P002059|P001279|P002609|P000249
M001510,Storage Facility 12,2025-05-16T06:04:52,P001542|P002262|P003192|P000962|P001332|P003212
M001511,Storage Facility 12,2025-01-02T00:03:04,P001725|P002185|P002715|P000645|P000055
M001512,Backroom - Lucky Star Bar,2025-07-01T08:09:11,P000657|P001427|P000267|P003227|P002207
M001513,Storage Facility 12,2025-09-13T18:03:18,P001230|P002990
M001514,Parking Garage B,2025-01-22T18:07:38,P001288|P002938|P001718|P002108|P000308
M001515,Storage Facility 12,2025-08-12T22:33:17,P002843|P002003|P003163|P001343|P000883|P001293
M001516,Storage Facility 12,2025-03-20T15:31:57,P001941|P003011|P000911|P002601|P000151|P003021
M001517,Riverside Docks,2025-01-30T21:21:49,P001278|P003088|P003418|P002038
M001518,Warehouse District,2025-04-19T03:41:28,P002857|P001737|P001057|P000747
M001519,Private Villa,2025-04-28T01:30:26,P002895|P003175|P002385
M001520,Abandoned Factory,2025-12-07T10:37:43,P000477|P001647|P000157|P003097|P000967|P001167
M001521,Riverside Docks,2025-04-18T06:13:16,P001848|P003288|P002588
M001522,Backroom - Lucky Star Bar,2025-12-15T05:46:18,P003464|P000714|P001264
M001523,Riverside Docks,2025-02-16T02:17:46,P002965|P001145|P002585|P000395|P000165|P001465
M001524,Downtown Cafe,2025-06-24T20:35:20,P003247|P002097|P001037
M001525,Abandoned Factory,2025-07-02T18:27:08,P002260|P002620|P002870
M001526,Riverside Docks,2025-08-04T23:47:33,P001154|P001094|P002754|P002854|P000994|P002254
M001527,Parking Garage B,2025-05-24T15:14:34,P000010|P002170
M001528,Downtown Cafe,2025-06-24T06:17:15,P002151|P000531
M001529,Riverside Docks,2025-07-19T08:56:34,P003099|P002689|P000779
M001530,Storage Facility 12,2025-04-06T08:10:49,P002327|P000157|P000437|P002957
M001531,Storage Facility 12,2025-01-31T22:11:34,P000198|P000718|P001548|P001068|P001198
M001532,Downtown Cafe,2025-04-22T17:45:53,P001839|P000329|P000529|P003269|P001269|P000989
M001533,Abandoned Factory,2025-09-18T22:46:17,P000957|P002937
M001534,Private Villa,2025-06-23T19:05:54,P001838|P000408
M001535,Private Villa,2025-07-03T16:22:10,P002717|P002757
M001536,Riverside Docks,2025-04-09T07:48:17,P001466|P001506|P000276|P000366|P002446|P003446
M001537,Private Villa,2025-08-08T06:35:02,P000950|P002840|P001310|P001640|P002940|P002610
M001538,Abandoned Factory,2025-08-29T03:00:24,P000566|P002646|P002726|P002786|P000126|P002046
M001539,Parking Garage B,2025-10-25T12:46:42,P001060|P000260|P001760|P001920
M001540,Storage Facility 12,2025-08-23T19:49:40,P002181|P001651
M001541,Storage Facility 12,2025-07-13T23:43:36,P000827|P000337|P000357|P003217|P002747
M001542,Storage Facility 12,2025-07-03T04:36:40,P002151|P001391|P003441
M001543,Private Villa,2025-11-28T21:02:29,P001652|P003492|P001722|P001152
M001544,Warehouse District,2025-01-19T01:07:00,P000157|P002007|P002057|P001407
M001545,Abandoned Factory,2025-04-14T10:53:46,P000453|P000793
M001546,Riverside Docks,2025-07-08T14:28:27,P000914|P001564|P002634
M001547,Abandoned Factory,2025-07-20T08:42:25,P001430|P000420
M001548,Storage Facility 12,2025-06-23T21:17:47,P002351|P002101
M001549,Storage Facility 12,2025-06-04T00:50:42,P002681|P002071|P000941|P002561|P002691
M001550,Abandoned Factory,2025-03-16T16:58:51,P002130|P000060
M001551,Storage Facility 12,2025-12-10T17:20:48,P002244|P001494|P002264|P001424|P000034
M001552,Downtown Cafe,2025-08-31T10:47:42,P001881|P001361|P003231
M001553,Parking Garage B,2025-10-08T16:26:40,P003333|P000643|P002083|P000173
M001554,Abandoned Factory,2025-04-25T07:12:23,P001625|P000135|P003485|P001365|P001515|P003075
M001555,Private Villa,2025-11-21T05:38:23,P002081|P000621|P003161|P000591|P000311
M001556,Backroom - Lucky Star Bar,2025-12-20T23:49:10,P001245|P002965|P000115|P001235
M001557,Private Villa,2025-09-20T22:46:27,P000284|P001084|P003394|P000884
M001558,Backroom - Lucky Star Bar,2025-06-06T21:15:43,P000403|P001473|P000843|P001083|P000983|P001103
M001559,Storage Facility 12,2025-03-04T21:47:20,P001945|P000305|P000165
M001560,Downtown Cafe,2025-07-29T12:47:32,P002321|P001651|P003101|P002041|P002881|P002601
M001561,Backroom - Lucky Star Bar,2025-07-18T21:51:40,P002091|P001631
M001562,Abandoned Factory,2025-03-08T09:18:53,P000372|P000432
M001563,Parking Garage B,2025-06-02T03:10:02,P000579|P000489|P002739
M001564,Warehouse District,2025-09-29T09:30:47,P001581|P001971|P000351
M001565,Abandoned Factory,2025-01-10T23:16:42,P000761|P002131
M001566,Riverside Docks,2025-02-05T12:16:13,P002663|P003423
M001567,Abandoned Factory,2025-05-19T23:20:24,P001599|P002429|P000419
M001568,Storage Facility 12,2025-06-05T20:46:06,P002332|P002652|P001282
M001569,Abandoned Factory,2025-05-03T22:03:19,P000093|P001123|P000613
M001570,Private Villa,2025-03-04T16:57:05,P000296|P003156|P000166|P001136|P002996|P001696
M001571,Backroom - Lucky Star Bar,2025-05-11T20:30:00,P001596|P001866|P000876|P000626
M001572,Backroom - Lucky Star Bar,2025-12-16T04:49:50,P001296|P002186|P002076
M001573,Backroom - Lucky Star Bar,2025-08-01T23:11:38,P001639|P002849|P000989
M001574,Private Villa,2025-10-23T20:37:25,P002390|P002310|P001840
M001575,Abandoned Factory,2025-10-27T02:44:23,P002248|P000368
M001576,Private Villa,2025-11-18T14:58:46,P002487|P000947
M001577,Abandoned Factory,2025-09-17T01:30:13,P001272|P001492|P003472|P002442
M001578,Abandoned Factory,2025-01-22T20:24:49,P001357|P000037|P000117
M001579,Warehouse District,2025-10-09T22:23:01,P003175|P001575|P002205
M001580,Parking Garage B,2025-07-24T21:51:26,P000690|P002460|P001890|P000550|P002200
M001581,Storage Facility 12,2025-11-15T21:10:50,P001443|P002873|P000643|P001393|P002143|P002253
M001582,Abandoned Factory,2025-09-21T00:05:18,P001181|P000261
M001583,Warehouse District,2025-10-02T20:52:19,P000911|P002161|P000741|P002881
M001584,Warehouse District,2025-07-12T17:50:52,P003358|P002668|P001868|P001238|P003248
M001585,Abandoned Factory,2025-11-18T13:35:52,P001316|P002346|P002636|P002856
M001586,Riverside Docks,2025-03-19T08:03:00,P001688|P000918|P002858|P002398|P001408|P000208
M001587,Abandoned Factory,2025-05-07T15:45:53,P000159|P001989|P001069|P000829|P002109|P002849
M001588,Downtown Cafe,2025-06-14T04:53:45,P001005|P000235|P002385|P000595
M001589,Riverside Docks,2025-01-01T19:10:19,P000309|P000089|P002269|P002109
M001590,Abandoned Factory,2025-02-18T21:45:10,P001270|P001480|P001930|P002250
M001591,Riverside Docks,2025-08-15T22:16:54,P002279|P000789
M001592,Backroom - Lucky Star Bar,2025-01-10T03:43:36,P002171|P002611|P001921|P001791|P000121|P001841
M001593,Warehouse District,2025-06-19T05:24:00,P002163|P000593|P001723|P000473
M001594,Storage Facility 12,2025-10-20T08:46:35,P001524|P001754|P002704|P001774|P000194
M001595,Backroom - Lucky Star Bar,2025-10-03T23:48:32,P000234|P000054
M001596,Backroom - Lucky Star Bar,2025-05-27T01:12:35,P001974|P000274|P002764|P002034|P001304
M001597,Downtown Cafe,2025-03-04T12:28:36,P001721|P003331|P002471|P003451|P002431|P003321
M001598,Abandoned Factory,2025-07-22T00:02:42,P001597|P000087|P001987|P001077|P003437
M001599,Private Villa,2025-09-21T19:20:34,P000823|P000503|P002833|P001243
M001600,Storage Facility 12,2025-10-22T01:58:21,P000315|P002835
M001601,Private Villa,2025-05-07T20:21:58,P002160|P001060|P000460|P002460
M001602,Parking Garage B,2025-03-19T22:28:48,P002038|P001368|P000928
M001603,Riverside Docks,2025-09-05T02:59:14,P000736|P001296
M001604,Parking Garage B,2025-03-28T05:17:46,P001477|P002567
M001605,Private Villa,2025-09-25T05:55:24,P001140|P003010|P000770|P001770|P001220|P002490
M001606,Parking Garage B,2025-04-22T21:31:41,P001130|P002220|P002300|P002120|P000910
M001607,Abandoned Factory,2025-05-04T09:14:17,P000889|P000389|P003349|P000289
M001608,Riverside Docks,2025-09-24T19:53:54,P000579|P000349
M001609,Storage Facility 12,2025-02-23T12:51:32,P002340|P002820|P001530|P001380|P003350|P000530
M001610,Private Villa,2025-12-20T22:31:40,P000351|P000401
M001611,Backroom - Lucky Star Bar,2025-03-06T02:57:33,P000961|P002141|P002181
M001612,Warehouse District,2025-05-17T06:05:55,P001293|P001413|P002533|P002763
M001613,Warehouse District,2025-11-01T18:58:02,P000594|P002984|P003404|P000174|P002774
M001614,Abandoned Factory,2025-09-12T12:16:26,P001562|P001052
M001615,Abandoned Factory,2025-09-02T10:25:40,P001610|P003250|P001980|P001060|P003490
M001616,Warehouse District,2025-11-15T23:40:17,P001755|P002365|P001325|P003265|P000445|P003415
M001617,Warehouse District,2025-01-30T13:45:55,P001575|P000605
M001618,Storage Facility 12,2025-11-17T00:22:36,P003020|P000460|P002830|P001850
M001619,Backroom - Lucky Star Bar,2025-11-05T14:23:48,P002761|P001661|P001151
M001620,Warehouse District,2025-09-20T10:08:25,P002006|P002766|P003186
M001621,Storage Facility 12,2025-07-06T17:13:31,P001344|P003374|P000664|P000944
M001622,Private Villa,2025-03-20T21:44:22,P000527|P002467
M001623,Riverside Docks,2025-03-31T22:35:16,P002143|P002933|P002353|P000913|P003483
M001624,Riverside Docks,2025-04-11T09:29:09,P002209|P000429
M001625,Riverside Docks,2025-05-10T22:02:54,P001638|P000738|P001388|P000798
M001626,Parking Garage B,2025-02-10T08:18:13,P000555|P000795
M001627,Parking Garage B,2025-11-16T07:01:48,P002168|P000398|P002188
M001628,Abandoned Factory,2025-06-11T05:06:26,P002361|P001821|P001101
M001629,Backroom - Lucky Star Bar,2025-06-23T23:14:20,P002718|P002108
M001630,Warehouse District,2025-07-10T06:20:23,P000394|P003054|P002304|P000434|P000464
M001631,Downtown Cafe,2025-11-10T22:32:16,P002596|P000156
M001632,Parking Garage B,2025-05-21T06:35:17,P000588|P001408|P000648|P000798|P003328|P001488
M001633,Storage Facility 12,2025-08-08T22:37:38,P002895|P001145|P002935|P001975|P000335
M001634,Storage Facility 12,2025-07-02T13:19:09,P001310|P000560|P000530
M001635,Parking Garage B,2025-11-01T03:24:25,P000862|P000022|P000392|P002942
M001636,Riverside Docks,2025-11-10T17:53:01,P002677|P001637|P002517|P001157
M001637,Backroom - Lucky Star Bar,2025-08-21T11:01:43,P001228|P000268|P000538|P001608
M001638,Riverside Docks,2025-07-04T14:53:07,P003112|P000142|P003352|P003182|P002672|P000042
M001639,Backroom - Lucky Star Bar,2025-01-18T18:02:16,P000351|P002521
M001640,Downtown Cafe,2025-01-19T21:48:21,P001597|P000177|P002727|P002477|P002967
M001641,Abandoned Factory,2025-05-29T18:18:27,P002136|P002656|P000866
M001642,Abandoned Factory,2025-11-25T23:42:40,P001224|P003444|P002174
M001643,Warehouse District,2025-12-01T06:22:00,P002863|P000563|P001873|P003253|P000263
M001644,Parking Garage B,2025-03-27T06:34:03,P001928|P003218|P002868|P002178|P002698|P002028
M001645,Parking Garage B,2025-02-05T17:11:40,P000802|P000342
M001646,Riverside Docks,2025-09-06T13:17:30,P001212|P000012|P001682|P000092|P000832|P003002
M001647,Downtown Cafe,2025-07-27T17:33:11,P000842|P002342|P002952
M001648,Backroom - Lucky Star Bar,2025-03-11T05:43:48,P000336|P002116|P001876|P002366|P001466
M001649,Backroom - Lucky Star Bar,2025-07-14T05:13:55,P000979|P003159|P002779|P002899
M001650,Backroom - Lucky Star Bar,2025-03-18T04:18:23,P002245|P002585|P000245|P002775|P000205
M001651,Private Villa,2025-09-22T21:28:09,P002596|P002206|P001836|P001926|P001146
M001652,Backroom - Lucky Star Bar,2025-06-14T11:46:13,P000478|P002558|P002018|P001578|P002628
M001653,Storage Facility 12,2025-05-05T23:50:38,P000511|P003411|P001201|P002501|P002941|P002521
M001654,Backroom - Lucky Star Bar,2025-06-05T19:50:51,P000613|P000773|P003173
M001655,Private Villa,2025-09-21T12:59:02,P001685|P000385|P001195|P003215|P000565|P000345
M001656,Riverside Docks,2025-08-05T09:58:34,P000078|P000868
M001657,Abandoned Factory,2025-06-27T20:14:21,P002244|P000954|P003014|P003084|P003074
M001658,Private Villa,2025-01-26T23:57:20,P000388|P002638|P002468|P001348|P002168
M001659,Backroom - Lucky Star Bar,2025-06-16T09:44:47,P003133|P002883|P000843
M001660,Riverside Docks,2025-01-24T02:48:45,P000809|P001939|P001729|P000739
M001661,Riverside Docks,2025-04-26T20:13:46,P001114|P003494|P001654|P001294|P003234
M001662,Backroom - Lucky Star Bar,2025-05-10T14:13:10,P001958|P000138|P000918|P001498
M001663,Private Villa,2025-05-23T08:50:15,P000494|P001204
M001664,Downtown Cafe,2025-05-05T13:51:59,P000540|P000700|P000710
M001665,Riverside Docks,2025-10-24T06:09:23,P001314|P001514
M001666,Riverside Docks,2025-05-25T15:58:28,P003457|P000517|P002607|P000947
M001667,Storage Facility 12,2025-04-29T14:20:46,P003109|P002619|P002329|P002359|P002759|P002039
M001668,Abandoned Factory,2025-08-07T15:53:28,P002946|P002436|P001666|P002686|P000576
M001669,Storage Facility 12,2025-05-04T01:50:33,P002266|P002466
M001670,Storage Facility 12,2025-11-20T23:47:14,P000159|P000629
M001671,Abandoned Factory,2025-08-06T08:00:03,P000559|P001829|P002749
M001672,Private Villa,2025-09-29T19:56:41,P002873|P002823|P001323|P000903
M001673,Abandoned Factory,2025-04-09T08:27:13,P002398|P001538|P003178|P002468|P000088|P000938
M001674,Backroom - Lucky Star Bar,2025-06-14T14:53:04,P002006|P000296|P001536|P001906|P001526|P002306
M001675,Downtown Cafe,2025-12-30T14:56:36,P002430|P002880|P001800
M001676,Warehouse District,2025-09-24T16:11:20,P001089|P001459
M001677,Backroom - Lucky Star Bar,2025-01-05T07:11:20,P001301|P000431
M001678,Parking Garage B,2025-12-03T03:02:04,P000963|P000623|P001593|P001203
M001679,Warehouse District,2025-01-07T11:09:32,P000392|P000462|P003332|P002282
M001680,Storage Facility 12,2025-12-23T09:29:47,P001491|P002451|P000921
M001681,Parking Garage B,2025-08-22T19:21:59,P001828|P002458|P003478
M001682,Storage Facility 12,2025-01-27T13:03:21,P001204|P000144
M001683,Abandoned Factory,2025-03-18T16:11:07,P001994|P003054|P000234|P000394|P002244
M001684,Storage Facility 12,2025-01-03T06:05:02,P002788|P001108|P000008|P003168|P000238|P002678
M001685,Warehouse District,2025-12-02T19:03:14,P002710|P002780|P000340|P002800|P002760
M001686,Downtown Cafe,2025-05-20T01:20:10,P003425|P002935|P000455|P002355|P000845
M001687,Riverside Docks,2025-06-21T08:18:14,P001901|P002791
M001688,Abandoned Factory,2025-05-17T23:37:23,P002325|P003345
M001689,Private Villa,2025-07-24T18:15:42,P002356|P002646|P003096|P002576|P003236
M001690,Storage Facility 12,2025-11-30T03:55:19,P001066|P002416|P003326
M001691,Backroom - Lucky Star Bar,2025-02-07T02:47:30,P003457|P000727|P002047
M001692,Riverside Docks,2025-07-20T14:50:29,P003345|P001455|P001775|P002645|P002935
M001693,Riverside Docks,2025-09-26T10:38:53,P001929|P002329|P001069|P000329|P003409|P000759
M001694,Abandoned Factory,2025-01-06T16:07:12,P000161|P003351|P000111|P000191|P001731
M001695,Storage Facility 12,2025-01-02T15:03:58,P001716|P000286|P001366
M001696,Backroom - Lucky Star Bar,2025-03-29T20:57:49,P002077|P001697
M001697,Downtown Cafe,2025-10-04T09:03:05,P002067|P003407|P002847|P002377
M001698,Abandoned Factory,2025-07-07T11:21:55,P002628|P001928|P000608|P002438
M001699,Backroom - Lucky Star Bar,2025-08-06T13:11:37,P000803|P000143|P001633|P000083
M001700,Warehouse District,2025-11-01T08:26:33,P000293|P000313|P000693|P001803|P001733|P001353
M001701,Warehouse District,2025-01-06T21:26:11,P000100|P000180|P000400|P001340
M001702,Riverside Docks,2025-09-22T06:31:44,P002555|P001355|P003295|P000015
M001703,Backroom - Lucky Star Bar,2025-10-31T07:00:27,P001146|P000376|P003486
M001704,Backroom - Lucky Star Bar,2025-01-30T21:19:27,P002246|P002916|P003216|P003276|P002476
M001705,Riverside Docks,2025-07-02T08:49:07,P000384|P003244|P001244
M001706,Private Villa,2025-10-09T04:02:35,P001664|P002164|P001784|P001604|P001394|P000864
M001707,Private Villa,2025-10-13T03:13:40,P003230|P002160|P003190|P002860
M001708,Abandoned Factory,2025-07-20T13:20:00,P001974|P003254|P002464|P001184|P003104|P001584
M001709,Private Villa,2025-12-06T16:17:00,P000495|P000235|P001065
M001710,Parking Garage B,2025-05-25T17:12:54,P001995|P001115|P002435|P001565
M001711,Parking Garage B,2025-06-11T15:27:19,P000742|P002452|P002192
M001712,Riverside Docks,2025-03-13T03:44:22,P001798|P003128|P000418|P003318
M001713,Private Villa,2025-11-03T23:15:06,P002985|P001525|P001565|P000985|P001245
M001714,Downtown Cafe,2025-11-12T13:25:27,P000424|P003294|P002874|P002524|P001544
M001715,Abandoned Factory,2025-01-26T23:53:53,P000229|P000239|P001799|P001639|P000569|P003169
M001716,Private Villa,2025-09-12T14:40:15,P000223|P003163|P002903|P001523
M001717,Downtown Cafe,2025-03-14T16:28:50,P002934|P000634|P003164|P000514|P000694|P002504
M001718,Private Villa,2025-01-05T11:10:26,P001158|P001108|P001298|P001458|P003278|P002258
M001719,Storage Facility 12,2025-04-20T01:48:06,P001100|P001280|P001490|P000680|P000210
M001720,Downtown Cafe,2025-06-16T16:27:02,P003260|P000970
M001721,Riverside Docks,2025-08-22T19:40:04,P001240|P003400
M001722,Parking Garage B,2025-11-23T02:54:26,P002832|P000242|P002382
M001723,Private Villa,2025-09-18T12:27:46,P002462|P000052|P002672
M001724,Riverside Docks,2025-12-09T20:09:16,P003125|P002365|P000735|P001815
M001725,Abandoned Factory,2025-06-13T01:33:24,P000806|P000436
M001726,Backroom - Lucky Star Bar,2025-04-07T20:57:25,P003358|P002258|P001598|P002248|P000068|P001768
M001727,Parking Garage B,2025-12-01T09:55:35,P001526|P001986|P001306|P000296
M001728,Downtown Cafe,2025-07-27T04:05:11,P002398|P003338|P001528|P000718|P001748
M001729,Riverside Docks,2025-10-13T03:48:22,P000643|P000923|P000873|P000143|P001603
M001730,Backroom - Lucky Star Bar,2025-12-23T21:28:30,P001955|P000445|P003155
M001731,Riverside Docks,2025-01-29T15:38:46,P002223|P003243|P001633|P001323|P000873|P000473
M001732,Storage Facility 12,2025-03-21T02:06:40,P001877|P000697
M001733,Parking Garage B,2025-03-25T08:21:08,P000223|P003053|P003393|P002893|P003233
M001734,Abandoned Factory,2025-01-29T18:01:14,P001117|P000177|P000927
M001735,Backroom - Lucky Star Bar,2025-03-05T23:10:50,P002582|P003352|P002872|P001922
M001736,Storage Facility 12,2025-08-01T15:46:10,P001772|P001542|P002862|P003352
M001737,Private Villa,2025-10-30T03:48:00,P001514|P002794
M001738,Backroom - Lucky Star Bar,2025-05-17T22:11:53,P001422|P002412|P000352|P001482|P001362|P002332
M001739,Parking Garage B,2025-07-05T14:30:05,P000735|P000755|P002485
M001740,Storage Facility 12,2025-09-09T03:26:25,P001109|P001069|P003429
M001741,Riverside Docks,2025-12-10T13:44:25,P000421|P003441|P003231|P001781
M001742,Private Villa,2025-11-28T03:15:49,P001943|P002853|P000593|P001533|P001273
M001743,Riverside Docks,2025-04-27T22:33:03,P002301|P000551|P002271|P000181
M001744,Storage Facility 12,2025-08-07T03:24:48,P000198|P002938|P003028|P003458
M001745,Storage Facility 12,2025-07-17T16:46:33,P003287|P002947|P002867
M001746,Warehouse District,2025-08-17T05:51:11,P002902|P002582
M001747,Abandoned Factory,2025-11-29T15:26:01,P001514|P001144|P000274|P002844|P001974
M001748,Storage Facility 12,2025-12-12T19:18:26,P001907|P002537|P003397
M001749,Warehouse District,2025-04-30T13:53:21,P002549|P002729|P001369|P001349|P001989|P000439
M001750,Private Villa,2025-03-08T06:11:46,P002299|P001119|P001979
M001751,Riverside Docks,2025-03-22T13:59:19,P000850|P003130|P002770|P003250
M001752,Abandoned Factory,2025-07-04T03:50:14,P001449|P001209|P003109|P000679
M001753,Downtown Cafe,2025-04-04T23:21:17,P003411|P001651|P001861|P002731
M001754,Abandoned Factory,2025-10-04T16:33:49,P001658|P000698|P003138|P001688|P000498
M001755,Backroom - Lucky Star Bar,2025-02-12T20:17:57,P002145|P001055|P000305
M001756,Riverside Docks,2025-01-25T14:46:26,P002253|P000093|P000403|P003443|P001053|P002733
M001757,Private Villa,2025-06-12T18:03:09,P000706|P001096|P000896|P001956|P001216|P000096
M001758,Private Villa,2025-07-21T17:27:35,P001467|P002227|P002627
M001759,Backroom - Lucky Star Bar,2025-09-28T16:12:40,P002423|P000173|P001123|P000363
M001760,Riverside Docks,2025-11-22T07:32:07,P003439|P002469|P002579
M001761,Parking Garage B,2025-08-08T14:33:35,P000155|P002045|P001855|P000885
M001762,Riverside Docks,2025-02-06T18:01:20,P002284|P003284|P000934|P000154
M001763,Warehouse District,2025-12-20T15:54:32,P002206|P002836|P000406|P000526|P001176|P000436
M001764,Abandoned Factory,2025-02-12T06:01:13,P003393|P002693|P000243|P002973|P001233
M001765,Abandoned Factory,2025-04-19T11:53:02,P003278|P002258|P001668|P001208|P000878|P000208
M001766,Backroom - Lucky Star Bar,2025-05-26T21:18:06,P001155|P002795|P001115|P001385
M001767,Backroom - Lucky Star Bar,2025-02-17T09:56:33,P000784|P000574|P002714|P001934|P003094|P001544
M001768,Warehouse District,2025-06-11T16:47:49,P003128|P003408
M001769,Storage Facility 12,2025-10-22T14:11:04,P000490|P001940|P001720|P001900
M001770,Storage Facility 12,2025-02-06T07:11:41,P001377|P002247|P002857|P002837|P002957
M001771,Storage Facility 12,2025-08-25T06:07:19,P000597|P001847
M001772,Warehouse District,2025-07-05T15:51:43,P000278|P002118
M001773,Riverside Docks,2025-03-08T20:05:00,P003255|P002765|P001565|P003375|P001085|P001995
M001774,Backroom - Lucky Star Bar,2025-08-22T08:40:22,P002567|P000227|P001797|P001857|P002797|P001147
M001775,Abandoned Factory,2025-10-06T13:50:27,P002527|P002137|P002537|P001117
M001776,Riverside Docks,2025-07-04T00:40:01,P002272|P000542|P002342|P002252|P000642|P001882
M001777,Parking Garage B,2025-01-21T05:25:06,P002463|P003463|P002283|P002043|P000163|P001413
M001778,Backroom - Lucky Star Bar,2025-12-30T21:11:33,P000863|P002303|P001773|P002593|P002343|P003403
M001779,Storage Facility 12,2025-01-26T13:38:17,P001071|P002451|P001641|P000871
M001780,Abandoned Factory,2025-03-13T03:30:44,P000259|P002909|P002519|P002599|P000429|P002849
M001781,Downtown Cafe,2025-07-19T15:32:47,P001101|P001921|P000531|P000331
M001782,Storage Facility 12,2025-11-16T03:28:12,P001927|P000557|P002097|P003197|P000837|P002027
M001783,Backroom - Lucky Star Bar,2025-04-06T11:04:57,P002704|P002794|P000874
M001784,Storage Facility 12,2025-10-05T15:05:19,P001019|P000369|P002229
M001785,Parking Garage B,2025-09-26T23:26:14,P002649|P001609|P001109|P003219|P002489|P003199
M001786,Private Villa,2025-10-28T12:26:57,P002990|P002050|P002890|P001030
M001787,Abandoned Factory,2025-10-29T21:00:08,P002380|P001920|P000240|P003070|P001740
M001788,Warehouse District,2025-09-07T02:57:27,P002295|P001875|P002465|P003385|P000085|P000805
M001789,Abandoned Factory,2025-07-06T22:15:58,P001252|P000042|P002912|P000762
M001790,Backroom - Lucky Star Bar,2025-01-07T06:14:56,P000189|P000119|P000099|P002769|P000269|P001249
M001791,Abandoned Factory,2025-02-28T07:54:30,P002369|P001629|P002669|P001049|P000349
M001792,Warehouse District,2025-11-19T14:21:30,P003224|P002604|P000604|P000634
M001793,Riverside Docks,2025-01-01T08:59:03,P000166|P002156|P001696|P000466
M001794,Backroom - Lucky Star Bar,2025-03-01T14:41:18,P000655|P002725|P001465|P003225|P003095|P002565
M001795,Warehouse District,2025-11-15T01:15:12,P001868|P001678
M001796,Warehouse District,2025-08-30T05:03:11,P003397|P002137|P002287|P001497|P002067
M001797,Backroom - Lucky Star Bar,2025-07-08T04:02:46,P001410|P000030|P001720|P002180
M001798,Abandoned Factory,2025-06-03T13:01:55,P001246|P000346|P002736|P001486|P000116
M001799,Backroom - Lucky Star Bar,2025-02-06T11:08:41,P002062|P002422|P002772|P002452
M001800,Abandoned Factory,2025-06-20T14:56:39,P002292|P000082|P002772
M001801,Riverside Docks,2025-05-29T21:57:44,P002247|P001227|P001947|P002317
M001802,Downtown Cafe,2025-12-05T20:44:27,P001632|P001242|P000762|P000192|P002762|P002792
M001803,Riverside Docks,2025-11-02T19:56:37,P003467|P002607|P000177|P003127|P002237|P000067
M001804,Private Villa,2025-01-11T15:29:15,P002919|P001509|P001609|P000689|P000259|P000329
M001805,Backroom - Lucky Star Bar,2025-03-15T23:38:17,P003212|P000572|P001582
M001806,Abandoned Factory,2025-11-24T21:56:17,P001491|P002381|P000441|P000581|P003041
M001807,Downtown Cafe,2025-06-26T07:05:06,P002887|P002627|P000397|P000117
M001808,Downtown Cafe,2025-01-12T20:13:46,P001622|P000622|P000722
M001809,Parking Garage B,2025-09-07T23:41:36,P001750|P002110|P001400
M001810,Abandoned Factory,2025-07-14T02:55:25,P001641|P002831|P000921|P001511
M001811,Backroom - Lucky Star Bar,2025-02-26T17:14:27,P000260|P003490|P001890|P003110
M001812,Parking Garage B,2025-05-19T03:19:57,P002166|P002356|P002106|P001826|P000136|P000356
M001813,Warehouse District,2025-02-17T15:50:17,P003300|P001760|P000360|P002960|P000410|P000450
M001814,Downtown Cafe,2025-03-16T02:38:51,P002443|P002963
M001815,Downtown Cafe,2025-07-12T19:29:16,P000715|P000675|P000445|P002165|P001825|P002245
M001816,Abandoned Factory,2025-11-13T21:22:25,P003122|P001422|P003012|P001402|P000852|P002812
M001817,Backroom - Lucky Star Bar,2025-06-04T01:32:17,P001780|P002550|P002330|P001150|P001560
M001818,Downtown Cafe,2025-09-04T10:37:21,P002004|P000164
M001819,Private Villa,2025-06-04T17:39:32,P002994|P001434|P002674
M001820,Backroom - Lucky Star Bar,2025-04-29T11:12:18,P000069|P001159|P002229
M001821,Abandoned Factory,2025-05-20T17:46:36,P002858|P002358
M001822,Private Villa,2025-07-25T22:21:01,P001337|P002887|P003357|P003007|P002427|P002637
M001823,Warehouse District,2025-07-07T08:13:37,P000813|P001363|P000103|P002403
M001824,Riverside Docks,2025-07-12T22:24:30,P002208|P000008|P003078|P000238
M001825,Abandoned Factory,2025-11-12T04:01:02,P002061|P002081
M001826,Parking Garage B,2025-05-13T04:14:50,P000076|P002936|P001136
M001827,Backroom - Lucky Star Bar,2025-12-20T04:30:58,P000772|P002222|P000102
M001828,Private Villa,2025-05-17T08:06:42,P001978|P002528|P001018
M001829,Private Villa,2025-11-25T09:46:25,P001818|P002138|P002458|P001358|P003398
M001830,Downtown Cafe,2025-12-17T15:54:41,P002188|P001328|P000888|P003428|P003158
M001831,Backroom - Lucky Star Bar,2025-05-22T23:52:01,P000768|P000808|P002988|P000378|P002148|P002818
M001832,Riverside Docks,2025-11-09T21:40:48,P003374|P000974|P002584|P003004|P002444
M001833,Private Villa,2025-06-03T00:34:06,P000950|P003040|P002040|P000470|P002520
M001834,Private Villa,2025-07-08T16:30:02,P000331|P003221|P002661|P002701|P000161|P002171
M001835,Parking Garage B,2025-02-27T05:30:04,P002775|P003065|P002645|P000685
M001836,Backroom - Lucky Star Bar,2025-06-30T22:20:09,P000027|P002047|P002687|P001287
M001837,Backroom - Lucky Star Bar,2025-02-10T18:52:46,P000635|P001535|P000935|P000855|P001215|P000925
M001838,Warehouse District,2025-03-17T20:15:52,P000543|P000363|P003433
M001839,Backroom - Lucky Star Bar,2025-03-15T19:27:11,P001581|P000221|P002421|P003341|P001091|P000001
M001840,Downtown Cafe,2025-11-19T14:02:39,P002650|P000950|P000920
M001841,Abandoned Factory,2025-01-02T22:01:28,P002423|P000473
M001842,Private Villa,2025-07-21T11:23:44,P002398|P002288
M001843,Parking Garage B,2025-03-11T00:39:39,P001171|P001631|P001481|P002521
M001844,Warehouse District,2025-01-10T01:31:58,P000517|P000707|P003397|P000897
M001845,Storage Facility 12,2025-12-06T18:40:39,P001656|P003136|P001386|P000626|P001826
M001846,Warehouse District,2025-12-24T03:31:55,P000564|P000894|P000304|P001204
M001847,Downtown Cafe,2025-07-15T00:43:34,P003011|P003481|P001921|P000531|P001841|P001181
M001848,Warehouse District,2025-08-09T02:42:44,P003109|P001449|P002629|P000409
M001849,Downtown Cafe,2025-10-20T12:51:08,P003348|P000918|P001048|P002678|P002578
M001850,Abandoned Factory,2025-08-18T07:01:18,P000948|P001268
M001851,Riverside Docks,2025-10-27T15:35:36,P001372|P002132
M001852,Downtown Cafe,2025-12-03T18:34:46,P000915|P002075
M001853,Riverside Docks,2025-03-03T13:01:37,P001309|P001379|P001189|P000509|P001449|P002409
M001854,Storage Facility 12,2025-08-28T05:36:34,P003336|P000476
M001855,Private Villa,2025-08-01T11:57:47,P002890|P000080
M001856,Private Villa,2025-01-17T13:26:19,P001233|P000563
M001857,Riverside Docks,2025-04-05T02:30:24,P002497|P000857|P001787|P002457
M001858,Warehouse District,2025-02-01T05:01:16,P002615|P000435|P001035|P003355|P000325
M001859,Riverside Docks,2025-12-21T02:25:37,P002930|P001700|P001970|P002490|P003480
M001860,Storage Facility 12,2025-04-11T20:45:57,P003240|P003280|P001430
M001861,Storage Facility 12,2025-06-10T20:47:07,P002798|P000938|P001928|P003268|P002958|P002378
M001862,Parking Garage B,2025-02-15T15:50:33,P002793|P002363|P003173|P000393|P001033|P002603
M001863,Warehouse District,2025-07-19T13:30:31,P002376|P000066|P002846|P001726|P002746
M001864,Private Villa,2025-03-13T19:48:14,P000544|P000154|P003134|P002534
M001865,Abandoned Factory,2025-02-11T11:20:18,P000828|P000408|P002008|P002748
M001866,Abandoned Factory,2025-10-25T20:43:41,P001141|P002911|P000651|P000631|P000571|P003191
M001867,Warehouse District,2025-08-20T11:14:03,P002102|P002112|P002552|P000692|P000362|P001882
M001868,Parking Garage B,2025-03-16T03:52:42,P002466|P001796|P001496|P001866|P003396
M001869,Parking Garage B,2025-10-31T23:45:33,P000840|P001050|P002080|P003480|P000480|P002860
M001870,Riverside Docks,2025-09-28T01:09:09,P001624|P000254|P001284|P002004|P000114|P003284
M001871,Parking Garage B,2025-05-29T01:24:55,P001390|P001490|P000150|P002920|P002900|P002670
M001872,Warehouse District,2025-11-26T22:46:24,P002340|P001860
M001873,Backroom - Lucky Star Bar,2025-07-01T20:49:19,P002567|P002517|P000837|P000727|P000747
M001874,Storage Facility 12,2025-10-19T11:15:30,P003470|P000500|P000160|P001540
M001875,Backroom - Lucky Star Bar,2025-06-07T18:59:26,P001826|P002286|P000966|P000266
M001876,Private Villa,2025-01-12T16:29:52,P002026|P000466|P001116|P002466
M001877,Downtown Cafe,2025-06-05T07:14:04,P001844|P001034|P000394
M001878,Warehouse District,2025-08-18T23:52:44,P001648|P001478|P003018|P003148|P001628|P003058
M001879,Downtown Cafe,2025-09-22T21:39:43,P001748|P003398|P001948
M001880,Private Villa,2025-06-03T09:42:41,P003407|P001097|P000777
M001881,Private Villa,2025-09-20T21:49:19,P000310|P001160|P003050|P002120
M001882,Parking Garage B,2025-11-02T08:51:56,P002708|P002658|P001038|P001898|P001388
M001883,Warehouse District,2025-04-14T11:24:04,P000955|P002955|P002015
M001884,Abandoned Factory,2025-10-18T05:10:36,P001608|P002688|P000758|P000058
M001885,Storage Facility 12,2025-01-14T17:58:05,P001711|P002711|P001621|P000431|P003281
M001886,Private Villa,2025-01-26T10:18:15,P002165|P001665|P000165|P001515|P003265
M001887,Parking Garage B,2025-11-10T05:13:50,P002898|P001968|P002688
M001888,Private Villa,2025-04-28T20:30:38,P001231|P002301|P001391|P001581|P002511|P001171
M001889,Abandoned Factory,2025-05-18T10:41:59,P001059|P002699|P001889|P002429|P001769|P000549
M001890,Storage Facility 12,2025-09-05T07:35:25,P000956|P001966|P001726|P000526
M001891,Storage Facility 12,2025-12-27T03:51:52,P003179|P003439|P003339|P003079|P000879
M001892,Private Villa,2025-11-09T02:09:14,P002552|P002192|P001902|P000322
M001893,Parking Garage B,2025-02-23T00:15:18,P002658|P001128
M001894,Downtown Cafe,2025-12-05T19:48:00,P003097|P000257|P002407|P001727
M001895,Storage Facility 12,2025-02-07T20:30:51,P001825|P000595
M001896,Storage Facility 12,2025-10-26T19:18:26,P001269|P000639
M001897,Backroom - Lucky Star Bar,2025-04-17T13:39:15,P003401|P003111|P003001|P001681|P002871|P000461
M001898,Parking Garage B,2025-09-24T00:58:26,P001116|P002166|P002196|P001976|P003046|P000896
M001899,Downtown Cafe,2025-05-03T14:58:54,P001473|P000763|P001913|P002483|P002903|P002673
M001900,Backroom - Lucky Star Bar,2025-01-18T20:39:24,P001625|P000685
M001901,Backroom - Lucky Star Bar,2025-02-14T23:20:46,P000163|P003023|P000473|P001493|P000513
M001902,Storage Facility 12,2025-07-11T14:23:26,P002623|P002713
M001903,Private Villa,2025-12-09T16:36:32,P000866|P002016|P001096|P001926|P000726
M001904,Backroom - Lucky Star Bar,2025-09-24T22:29:58,P002832|P001562|P003092|P001922|P002022
M001905,Warehouse District,2025-01-21T04:50:05,P000625|P003365|P002185|P003465|P000495|P001125
M001906,Riverside Docks,2025-09-12T22:59:56,P001943|P002203|P000483|P002963|P001193
M001907,Storage Facility 12,2025-02-20T12:31:54,P001743|P000793|P002473|P002263
M001908,Warehouse District,2025-08-13T15:23:35,P002427|P001337|P000277
M001909,Abandoned Factory,2025-11-26T11:55:17,P001654|P001214|P000154|P003024|P000754|P000014
M001910,Storage Facility 12,2025-03-02T17:31:50,P002636|P000156|P002906|P001536|P002426
M001911,Private Villa,2025-06-08T04:59:17,P000166|P000256|P001166|P001786|P003066|P001606
M001912,Parking Garage B,2025-05-26T06:18:00,P001355|P001945|P003025|P002375
M001913,Downtown Cafe,2025-01-13T22:10:28,P002341|P000501|P002031
M001914,Riverside Docks,2025-01-15T06:58:45,P002449|P003029
M001915,Riverside Docks,2025-10-22T11:55:52,P000004|P002134|P002214|P003404|P001314
M001916,Abandoned Factory,2025-12-26T23:35:47,P003122|P002152|P002832
M001917,Warehouse District,2025-07-20T03:07:41,P002712|P000432|P000212|P001032
M001918,Private Villa,2025-05-23T00:43:07,P003426|P000746|P003146
M001919,Storage Facility 12,2025-07-27T19:57:51,P000515|P003075|P000005|P000585|P002275|P001675
M001920,Storage Facility 12,2025-02-16T01:40:22,P003113|P000423
M001921,Downtown Cafe,2025-10-26T04:09:39,P001967|P002747
M001922,Warehouse District,2025-12-28T12:55:54,P002837|P002677
M001923,Riverside Docks,2025-05-01T01:23:46,P003106|P000376
M001924,Riverside Docks,2025-08-16T21:45:31,P003437|P001847|P001997|P002847|P003177|P001867
M001925,Warehouse District,2025-11-30T15:43:19,P000970|P003170
M001926,Private Villa,2025-10-25T09:15:50,P000377|P001287|P001707
M001927,Riverside Docks,2025-07-15T05:50:52,P002139|P001049
M001928,Riverside Docks,2025-09-04T04:02:09,P002521|P003141|P000541|P002341|P002981|P002541
M001929,Storage Facility 12,2025-10-26T21:34:47,P003099|P002769|P000709|P000489|P001839|P001709
M001930,Parking Garage B,2025-09-22T16:56:41,P000800|P002170|P000890|P002580|P003340|P001200
M001931,Parking Garage B,2025-05-19T11:10:04,P000959|P002419|P000949|P001579|P000419|P002009
M001932,Riverside Docks,2025-05-16T16:31:37,P003354|P000414|P000014
M001933,Backroom - Lucky Star Bar,2025-07-04T20:36:35,P001851|P003401|P002861|P003391
M001934,Warehouse District,2025-02-24T11:25:03,P000568|P000468|P001178|P001088|P002928
M001935,Riverside Docks,2025-04-18T04:52:08,P000810|P000410|P000580|P001510|P002420
M001936,Parking Garage B,2025-08-01T16:38:30,P000794|P001994
M001937,Backroom - Lucky Star Bar,2025-10-24T01:09:07,P001890|P000710|P000550|P000060|P003230|P000360
M001938,Riverside Docks,2025-11-20T07:53:32,P000836|P003386|P003356|P002406|P001566
M001939,Riverside Docks,2025-01-28T08:00:03,P000660|P002510|P002610|P001760|P000390
M001940,Riverside Docks,2025-03-29T12:28:20,P000439|P002589|P002539|P000779|P003169|P003349
M001941,Downtown Cafe,2025-05-10T15:41:30,P000169|P000969|P000769|P001259|P002409
M001942,Private Villa,2025-01-11T14:51:37,P002054|P002764|P001694|P001584|P001924|P003264
M001943,Storage Facility 12,2025-01-23T02:11:34,P002773|P000773|P000013|P002793|P001633|P002223
M001944,Warehouse District,2025-03-05T07:10:46,P002685|P001375|P000855|P002285
M001945,Storage Facility 12,2025-05-15T05:04:02,P000349|P000439|P001509|P000499|P003449|P000969
M001946,Parking Garage B,2025-04-03T03:36:35,P003254|P001204
M001947,Warehouse District,2025-11-02T19:09:29,P002799|P002489|P002459
M001948,Warehouse District,2025-01-03T13:20:37,P000891|P001701|P000991|P002501|P003291
M001949,Parking Garage B,2025-08-03T20:46:49,P002267|P001187|P000687|P000517|P002817|P002357
M001950,Parking Garage B,2025-02-25T15:55:57,P000094|P003274|P002594|P000774
M001951,Parking Garage B,2025-10-19T15:50:20,P000934|P002234|P003494|P001964|P000574
M001952,Abandoned Factory,2025-11-29T21:48:34,P003368|P000798|P003388|P001878|P001628
M001953,Private Villa,2025-05-24T01:59:53,P000969|P001479
M001954,Private Villa,2025-08-26T20:11:48,P000420|P002580|P002510|P003440|P001540
M001955,Abandoned Factory,2025-11-26T07:30:53,P001364|P002204|P000584
M001956,Parking Garage B,2025-08-03T11:05:25,P001161|P000611
M001957,Riverside Docks,2025-10-19T10:15:05,P002001|P001171|P000981|P002471|P001521|P002071
M001958,Warehouse District,2025-01-03T01:30:03,P001773|P001043|P002843
M001959,Warehouse District,2025-08-28T07:53:27,P000030|P002720|P003090|P001660
M001960,Private Villa,2025-06-15T08:33:10,P002231|P002361
M001961,Warehouse District,2025-07-07T07:57:19,P000586|P000166|P002236|P001376
M001962,Downtown Cafe,2025-08-25T00:48:42,P000408|P001348|P003408
M001963,Backroom - Lucky Star Bar,2025-12-08T07:15:59,P001904|P000824
M001964,Storage Facility 12,2025-05-02T06:56:32,P000351|P001531
M001965,Storage Facility 12,2025-07-26T03:43:24,P003458|P000378|P000288|P001278
M001966,Parking Garage B,2025-09-01T15:50:54,P003058|P002438|P002848|P000858
M001967,Private Villa,2025-09-10T00:53:27,P000298|P000218|P002558
M001968,Downtown Cafe,2025-01-01T15:09:56,P003258|P002918|P000968|P001078|P002528
M001969,Backroom - Lucky Star Bar,2025-05-05T15:28:18,P002954|P002024|P002084|P002254|P001054
M001970,Parking Garage B,2025-01-22T22:11:57,P003473|P001953|P001773|P000593|P001183
M001971,Backroom - Lucky Star Bar,2025-07-22T03:08:59,P001440|P002600|P000340|P000020
M001972,Riverside Docks,2025-10-13T10:58:15,P000327|P001817|P002407
M001973,Private Villa,2025-04-16T00:38:45,P002878|P000678|P002598
M001974,Private Villa,2025-04-06T07:58:23,P003033|P000153|P002363|P001903
M001975,Private Villa,2025-07-29T03:37:03,P001365|P002295
M001976,Private Villa,2025-11-12T01:02:33,P002253|P002933
M001977,Riverside Docks,2025-07-27T08:39:57,P002675|P000485|P000105|P002765|P002035|P000375
M001978,Abandoned Factory,2025-08-12T06:09:31,P003341|P003161|P003471|P002081
M001979,Private Villa,2025-11-09T09:21:29,P000126|P000066
M001980,Warehouse District,2025-02-11T11:25:19,P002105|P002185|P001255|P000505|P001045
M001981,Storage Facility 12,2025-11-24T00:04:49,P001843|P000463|P000233|P001363
M001982,Riverside Docks,2025-12-31T17:40:43,P000150|P000860
M001983,Warehouse District,2025-07-08T19:46:42,P000322|P001182|P002202|P001092|P001932
M001984,Warehouse District,2025-02-06T12:52:15,P003292|P002022
M001985,Riverside Docks,2025-12-01T04:52:23,P002363|P002233|P002123|P003363|P002993|P002573
M001986,Warehouse District,2025-07-02T06:29:43,P002221|P001211|P001481|P002561|P003471
M001987,Backroom - Lucky Star Bar,2025-07-13T23:30:47,P002308|P002768
M001988,Abandoned Factory,2025-05-24T03:24:37,P000352|P001712
M001989,Abandoned Factory,2025-01-09T15:04:14,P000161|P001811|P001071|P000031|P000461|P002381
M001990,Parking Garage B,2025-04-08T21:08:48,P003348|P000848|P000708
M001991,Riverside Docks,2025-07-07T23:42:42,P001110|P001180|P003340|P000760|P000270
M001992,Downtown Cafe,2025-08-22T07:46:11,P001974|P000444|P002084
M001993,Parking Garage B,2025-11-19T10:39:20,P002427|P002727|P002457|P000977
M001994,Downtown Cafe,2025-06-18T19:56:08,P002879|P000189
M001995,Abandoned Factory,2025-01-27T15:45:26,P002845|P001125
M001996,Riverside Docks,2025-12-08T22:44:13,P002452|P000472|P003192|P000962|P002042|P002062
M001997,Storage Facility 12,2025-05-30T21:02:46,P002522|P001242|P001202
M001998,Warehouse District,2025-10-27T19:12:06,P000017|P002857|P001017
M001999,Riverside Docks,2025-09-02T07:07:55,P001848|P002328|P002448|P001868|P003298
M002000,Abandoned Factory,2025-05-26T00:56:12,P003246|P003266
M002001,Parking Garage B,2025-04-05T11:29:16,P001564|P001414
M002002,Riverside Docks,2025-05-16T06:53:23,P001728|P001938|P000888
M002003,Abandoned Factory,2025-04-22T02:50:01,P000564|P001154
M002004,Parking Garage B,2025-07-02T06:05:11,P002025|P000755
M002005,Private Villa,2025-02-03T00:37:17,P002928|P003418|P003348
M002006,Backroom - Lucky Star Bar,2025-11-01T18:54:00,P000134|P001714|P001014|P002204
M002007,Warehouse District,2025-03-16T19:02:38,P002326|P000886|P001396
M002008,Backroom - Lucky Star Bar,2025-02-14T10:12:30,P003225|P002135|P000345|P001385|P000825
M002009,Abandoned Factory,2025-02-28T19:12:08,P000326|P001726|P001586|P001546
M002010,Downtown Cafe,2025-10-24T17:27:45,P001341|P000221|P001511
M002011,Parking Garage B,2025-04-05T23:22:13,P000148|P003138|P000308|P001628
M002012,Private Villa,2025-03-23T09:57:51,P000912|P003312|P002922|P002292|P002612
M002013,Parking Garage B,2025-07-29T06:55:29,P000458|P001758|P000598|P000758|P001828|P000478
M002014,Parking Garage B,2025-09-19T11:22:15,P000037|P002547|P001887|P002707
M002015,Parking Garage B,2025-11-02T19:14:22,P000280|P002000|P001260|P003260|P003280
M002016,Riverside Docks,2025-10-09T02:16:11,P000267|P000947|P001147|P000237
M002017,Parking Garage B,2025-01-16T11:57:41,P000804|P001384|P003034
M002018,Parking Garage B,2025-08-12T07:51:18,P001266|P001896
M002019,Backroom - Lucky Star Bar,2025-06-24T21:37:00,P002210|P003330|P001930
M002020,Backroom - Lucky Star Bar,2025-12-30T22:16:43,P001294|P003084|P001524
M002021,Riverside Docks,2025-03-14T20:39:30,P000880|P001920|P003120|P002970
M002022,Parking Garage B,2025-09-06T20:02:46,P002716|P001176|P001256|P001166|P002836
M002023,Backroom - Lucky Star Bar,2025-10-30T23:51:51,P002381|P002311|P002071
M002024,Warehouse District,2025-05-31T22:12:34,P001709|P002559|P001099|P002059|P002419|P000459
M002025,Storage Facility 12,2025-01-14T08:44:52,P000012|P002512
M002026,Downtown Cafe,2025-04-27T15:04:37,P001306|P001206|P000216|P002936|P002816|P000136
M002027,Downtown Cafe,2025-08-10T16:07:38,P003336|P001906|P001346|P001026|P000966|P003246
M002028,Downtown Cafe,2025-10-18T08:58:28,P002304|P000264|P001374|P003044|P000834|P002544
M002029,Abandoned Factory,2025-09-03T06:15:37,P000908|P000828|P002728
M002030,Storage Facility 12,2025-09-24T08:42:31,P001719|P002479|P002519
M002031,Parking Garage B,2025-05-06T18:52:43,P003282|P003372|P000672|P001162
M002032,Storage Facility 12,2025-10-07T03:30:46,P003215|P001255|P003055
M002033,Private Villa,2025-08-31T05:19:16,P000712|P002942|P000212|P001382|P003432|P003162
M002034,Warehouse District,2025-03-03T02:31:33,P002783|P002443
M002035,Storage Facility 12,2025-01-05T23:14:55,P000951|P001601|P002971|P001261|P000181
M002036,Storage Facility 12,2025-07-06T10:37:59,P001369|P000939
M002037,Storage Facility 12,2025-04-20T23:39:26,P000531|P001571|P000291
M002038,Parking Garage B,2025-08-05T08:45:29,P002176|P000876|P003066|P000426|P000536
M002039,Riverside Docks,2025-01-10T06:48:42,P002617|P002097|P002417|P000437|P000987
M002040,Riverside Docks,2025-07-26T05:43:40,P003199|P002209
M002041,Abandoned Factory,2025-10-24T12:19:11,P000472|P001972|P002952
M002042,Parking Garage B,2025-02-02T01:37:52,P001213|P002363|P000053|P002923|P002053|P001593
M002043,Private Villa,2025-12-11T11:17:16,P000161|P001781|P002721|P002641
M002044,Backroom - Lucky Star Bar,2025-06-05T21:20:54,P002456|P003016|P003426|P003026|P002486|P000976
M002045,Backroom - Lucky Star Bar,2025-06-06T00:10:28,P002809|P003189
M002046,Storage Facility 12,2025-01-25T02:29:55,P001518|P000378|P002598|P001298
M002047,Private Villa,2025-12-04T01:04:02,P002597|P000317
M002048,Storage Facility 12,2025-04-05T00:30:09,P000168|P001758|P000708
M002049,Downtown Cafe,2025-08-21T23:08:56,P000392|P003022|P000322|P002752
M002050,Storage Facility 12,2025-03-05T03:45:43,P000326|P003026|P000216
M002051,Downtown Cafe,2025-02-23T12:03:32,P002866|P000886
M002052,Warehouse District,2025-07-27T10:47:40,P001380|P003010|P000940|P002840|P002370
M002053,Downtown Cafe,2025-06-09T09:46:08,P002727|P000687|P003467
M002054,Abandoned Factory,2025-08-19T02:08:07,P000868|P001788|P003338
M002055,Parking Garage B,2025-05-25T02:50:59,P002323|P002653|P001903|P000963|P000603
M002056,Backroom - Lucky Star Bar,2025-12-31T03:57:59,P001534|P000754|P000054|P001804|P002104
M002057,Riverside Docks,2025-12-16T14:01:34,P002592|P001672|P000222
M002058,Warehouse District,2025-08-08T02:12:32,P000562|P000782|P002152|P002602
M002059,Riverside Docks,2025-02-19T19:43:00,P001570|P001240|P002410|P002250
M002060,Parking Garage B,2025-06-22T16:39:01,P000154|P003454|P002444|P001344|P002384
M002061,Downtown Cafe,2025-07-21T01:47:12,P003000|P000080|P002640
M002062,Downtown Cafe,2025-06-27T19:44:49,P002673|P002483
M002063,Private Villa,2025-11-11T04:59:18,P000019|P000229|P002139|P001909|P000949
M002064,Warehouse District,2025-08-09T07:11:21,P002891|P001501
M002065,Parking Garage B,2025-05-20T21:00:31,P002587|P000547
M002066,Parking Garage B,2025-11-06T17:35:05,P002799|P000149|P001499|P000249
M002067,Downtown Cafe,2025-09-29T01:06:11,P001956|P000546|P000836|P000106|P002646
M002068,Private Villa,2025-12-05T10:52:49,P003406|P001346
M002069,Abandoned Factory,2025-12-03T04:10:16,P003367|P001277|P002707|P003167
M002070,Abandoned Factory,2025-09-04T12:24:16,P001486|P002466
M002071,Downtown Cafe,2025-05-10T01:34:02,P000726|P002546|P002966
M002072,Downtown Cafe,2025-01-17T13:46:55,P001410|P000560|P003280|P003340|P003400
M002073,Warehouse District,2025-06-07T00:13:19,P002237|P003257|P001377|P001817|P002727
M002074,Backroom - Lucky Star Bar,2025-05-03T04:10:18,P003206|P001436|P001976|P000026|P002816
M002075,Warehouse District,2025-10-21T04:19:56,P001946|P002146|P001806|P002716|P003136|P001676
M002076,Parking Garage B,2025-06-25T07:59:10,P001633|P002623
M002077,Parking Garage B,2025-09-20T18:15:44,P000864|P001604|P003004
M002078,Downtown Cafe,2025-03-22T22:37:25,P002576|P001236|P001216|P000796|P000806
M002079,Private Villa,2025-07-28T22:02:25,P002557|P001767|P001897|P003077
M002080,Backroom - Lucky Star Bar,2025-01-25T18:00:50,P000413|P001543|P002133|P002523|P002323|P000743
M002081,Storage Facility 12,2025-11-13T17:48:00,P003367|P000317|P000847
M002082,Backroom - Lucky Star Bar,2025-09-09T16:53:26,P003420|P000230
M002083,Backroom - Lucky Star Bar,2025-10-02T23:54:01,P001577|P003037|P002037|P001637
M002084,Downtown Cafe,2025-10-01T11:57:16,P002448|P000488|P000588|P000668
M002085,Downtown Cafe,2025-05-14T08:47:16,P003121|P002311|P001301|P000661
M002086,Abandoned Factory,2025-11-23T22:23:38,P001300|P001000
M002087,Backroom - Lucky Star Bar,2025-01-23T17:19:33,P000973|P001293|P000743
M002088,Riverside Docks,2025-05-17T18:54:57,P002095|P000825|P001325
M002089,Parking Garage B,2025-01-19T02:40:23,P002263|P002983|P001813|P000623|P000063|P002293
M002090,Storage Facility 12,2025-02-15T09:37:09,P000066|P002566|P001606|P000116|P002586|P002926
M002091,Storage Facility 12,2025-12-13T02:17:07,P001668|P001488|P000708|P002028
M002092,Parking Garage B,2025-05-18T23:25:11,P001445|P001785|P000735|P003475|P003445
M002093,Downtown Cafe,2025-12-12T23:51:46,P001187|P001577|P000057|P001787|P000237|P002737
M002094,Storage Facility 12,2025-11-02T13:25:51,P001014|P002064|P002684|P002414|P001504
M002095,Warehouse District,2025-08-11T04:46:54,P001215|P001785|P003045|P002895|P000355|P001025
M002096,Backroom - Lucky Star Bar,2025-08-01T12:05:23,P000819|P000759|P000469|P001489|P001579
M002097,Parking Garage B,2025-12-03T20:56:52,P003157|P000027|P000977
M002098,Private Villa,2025-11-29T13:30:48,P003418|P001238
M002099,Downtown Cafe,2025-03-16T19:43:08,P002231|P000641|P003051|P000381|P002301
M002100,Downtown Cafe,2025-05-29T02:09:25,P001288|P002178|P001848|P000368|P000868
M002101,Riverside Docks,2025-02-10T15:37:51,P002837|P000267
M002102,Parking Garage B,2025-02-17T05:32:00,P003301|P000221|P003401|P003311|P003091|P003491
M002103,Downtown Cafe,2025-12-15T16:10:54,P003484|P002734|P000734
M002104,Warehouse District,2025-05-20T16:59:40,P002690|P001060|P002490|P003050
M002105,Abandoned Factory,2025-01-15T16:52:17,P001321|P000191
M002106,Backroom - Lucky Star Bar,2025-12-09T07:27:22,P000297|P001437
M002107,Warehouse District,2025-10-21T18:46:45,P002397|P001007
M002108,Warehouse District,2025-11-07T20:59:12,P000840|P003160|P002010|P002820
M002109,Storage Facility 12,2025-03-26T13:39:42,P000925|P000525|P001575|P001365|P003055
M002110,Abandoned Factory,2025-12-11T00:09:42,P003236|P000936|P002756|P000676|P002396
M002111,Downtown Cafe,2025-04-13T06:13:58,P000970|P001760|P000180|P002920|P001300|P000910
M002112,Abandoned Factory,2025-12-22T06:52:17,P000692|P002772
M002113,Parking Garage B,2025-05-24T14:07:20,P002924|P002104|P001804|P003394
M002114,Abandoned Factory,2025-10-15T21:38:25,P000690|P001720|P002820|P002150|P002260
M002115,Backroom - Lucky Star Bar,2025-02-14T13:45:23,P000688|P000908|P000668|P001148|P003198
M002116,Abandoned Factory,2025-07-10T23:30:23,P000983|P002283
M002117,Private Villa,2025-07-12T17:13:58,P003091|P001181|P002071|P003491|P003211|P000401
M002118,Parking Garage B,2025-09-24T09:12:26,P003173|P000083|P002713|P003243|P003343|P001193
M002119,Private Villa,2025-04-02T09:35:06,P002202|P001682|P001072|P001792|P002172
M002120,Abandoned Factory,2025-02-18T14:40:27,P002025|P001025|P001945|P002815|P001565|P001275
M002121,Warehouse District,2025-05-26T00:29:15,P002600|P000430|P002340|P002540|P000630
M002122,Abandoned Factory,2025-03-30T02:00:50,P001501|P002561|P002571|P001991|P001961
M002123,Warehouse District,2025-05-07T09:12:34,P000203|P003253|P003283|P000713|P003013
M002124,Private Villa,2025-12-29T07:13:25,P001194|P000024|P002724|P000204
M002125,Private Villa,2025-08-04T16:19:07,P001134|P000484
M002126,Downtown Cafe,2025-04-05T09:14:58,P002827|P002797|P000797|P002627|P001467
M002127,Abandoned Factory,2025-06-18T13:27:59,P000817|P003297|P002347|P001947|P002517
M002128,Backroom - Lucky Star Bar,2025-04-30T00:00:17,P001552|P000302|P001662
M002129,Downtown Cafe,2025-01-06T11:14:08,P000281|P001631
M002130,Abandoned Factory,2025-03-21T02:15:23,P002011|P001501|P000181
M002131,Storage Facility 12,2025-06-19T05:19:08,P002303|P000713|P002893|P002453|P000433|P002853
M002132,Abandoned Factory,2025-10-11T19:50:41,P000045|P001535
M002133,Backroom - Lucky Star Bar,2025-09-20T07:26:47,P002279|P002219|P002529|P002039
M002134,Private Villa,2025-07-19T03:16:25,P002140|P000420|P000740|P002430|P002220|P003280
M002135,Storage Facility 12,2025-06-18T13:36:08,P000156|P002566|P002426|P001816|P000456
M002136,Private Villa,2025-12-29T17:29:56,P000605|P002455
M002137,Downtown Cafe,2025-01-31T10:25:55,P001963|P000633|P001303|P000663
M002138,Abandoned Factory,2025-08-16T21:29:04,P002371|P000511|P000111|P003121
M002139,Abandoned Factory,2025-08-25T13:09:25,P001476|P002286
M002140,Warehouse District,2025-09-29T20:39:26,P001921|P001101|P002681
M002141,Warehouse District,2025-03-02T06:39:47,P002165|P001265|P002065
M002142,Downtown Cafe,2025-08-05T04:47:11,P003455|P001575|P001055|P001045|P000335|P002685
M002143,Abandoned Factory,2025-10-06T01:42:52,P002091|P001871|P000411|P000801|P000681|P001411
M002144,Private Villa,2025-12-07T04:04:56,P003470|P000190
M002145,Riverside Docks,2025-07-23T15:50:12,P003283|P000173|P001423|P001393
M002146,Downtown Cafe,2025-05-30T12:32:25,P002297|P000677|P002427|P000317|P001877
M002147,Backroom - Lucky Star Bar,2025-02-11T07:33:34,P003107|P001857
M002148,Warehouse District,2025-09-11T12:00:07,P003306|P000436|P003176|P001876|P002896|P002176
M002149,Private Villa,2025-10-28T13:41:35,P000273|P002183
M002150,Downtown Cafe,2025-10-31T11:20:11,P003423|P000243|P001393|P002043
M002151,Backroom - Lucky Star Bar,2025-10-06T13:49:55,P002207|P001787|P003317|P003417|P000507|P003247
M002152,Backroom - Lucky Star Bar,2025-11-18T09:58:23,P001439|P000199|P000539|P001959|P002799|P001319
M002153,Riverside Docks,2025-07-29T11:51:17,P001862|P003152|P000882|P002922|P000852|P002592
M002154,Storage Facility 12,2025-10-07T00:34:25,P002809|P002389|P002879|P002429|P002519
M002155,Abandoned Factory,2025-12-12T13:14:58,P002990|P002290
M002156,Parking Garage B,2025-01-18T13:47:25,P002663|P000173|P002223
M002157,Riverside Docks,2025-04-29T07:37:57,P000199|P002529
M002158,Private Villa,2025-10-18T21:18:23,P000261|P001101|P003331|P003441|P000031|P002391
M002159,Backroom - Lucky Star Bar,2025-06-28T14:47:33,P000860|P003200
M002160,Warehouse District,2025-10-25T13:18:32,P002319|P002399|P000139
M002161,Abandoned Factory,2025-02-14T05:21:24,P003191|P000061
M002162,Abandoned Factory,2025-04-11T09:54:20,P001845|P002865|P001205|P001635|P002675
M002163,Warehouse District,2025-11-27T08:21:03,P002957|P000517|P001667|P000167|P000507|P002427
M002164,Abandoned Factory,2025-12-06T00:57:08,P002122|P002252|P000872|P001962|P002742
M002165,Storage Facility 12,2025-08-19T02:31:59,P002926|P000086|P003466|P001586
M002166,Warehouse District,2025-07-24T08:27:36,P001565|P002035
M002167,Parking Garage B,2025-09-10T00:06:20,P001507|P000497|P000697|P000177
M002168,Riverside Docks,2025-03-11T15:00:15,P001418|P002518|P001968|P001568|P001578
M002169,Parking Garage B,2025-07-29T22:55:23,P000135|P002655
M002170,Storage Facility 12,2025-12-27T13:10:41,P002398|P001998|P001758|P002298|P003348
M002171,Parking Garage B,2025-10-22T23:25:18,P000816|P000706
M002172,Warehouse District,2025-12-01T12:08:01,P001210|P000410|P000600|P001650|P000080|P003110
M002173,Downtown Cafe,2025-07-20T17:24:24,P003171|P001261|P002271
M002174,Storage Facility 12,2025-05-16T22:44:11,P003051|P001031
M002175,Warehouse District,2025-03-23T09:40:44,P003289|P000409|P001939|P000879
M002176,Warehouse District,2025-07-31T04:56:30,P001905|P001715|P000235|P001255|P001415|P001955
M002177,Private Villa,2025-11-28T20:55:21,P002855|P002285|P000525|P003235|P000765
M002178,Parking Garage B,2025-05-09T21:24:51,P001625|P002055|P002825
M002179,Private Villa,2025-01-23T10:16:43,P001529|P000859|P001779|P001989
M002180,Warehouse District,2025-07-06T08:12:21,P002492|P000652|P001652|P002002
M002181,Warehouse District,2025-06-20T01:02:34,P003385|P000815|P003265
M002182,Parking Garage B,2025-11-19T19:41:41,P002812|P001312|P000132|P001182|P001102|P003242
M002183,Warehouse District,2025-01-14T16:00:16,P000525|P003035
M002184,Warehouse District,2025-07-08T03:49:36,P002763|P003483|P000893
M002185,Downtown Cafe,2025-05-07T08:37:51,P000111|P000931|P002471|P000411|P001931|P000991
M002186,Storage Facility 12,2025-09-24T05:07:25,P000896|P000856|P001116|P001256|P002996
M002187,Parking Garage B,2025-10-08T04:52:01,P002445|P000225|P003195|P000045
M002188,Parking Garage B,2025-01-10T10:19:05,P003112|P001062|P001242|P000502|P001272|P000822
M002189,Storage Facility 12,2025-04-06T17:05:33,P001601|P000671
M002190,Private Villa,2025-10-28T22:18:41,P000249|P002889|P002189|P002429|P000339
M002191,Abandoned Factory,2025-12-11T12:54:56,P000860|P001220|P003030|P001650|P001730
M002192,Warehouse District,2025-07-17T04:05:59,P003189|P001669|P000589
M002193,Backroom - Lucky Star Bar,2025-05-11T16:34:26,P000094|P002174|P002674|P000464
M002194,Warehouse District,2025-01-06T04:44:05,P001816|P000966|P002306|P000766|P003216
M002195,Abandoned Factory,2025-08-29T15:04:33,P001691|P002991
M002196,Abandoned Factory,2025-03-28T22:00:57,P000720|P003030
M002197,Private Villa,2025-07-16T22:17:02,P003132|P002912
M002198,Abandoned Factory,2025-03-02T16:04:56,P002848|P000128|P002228|P001708|P001168
M002199,Backroom - Lucky Star Bar,2025-09-17T09:50:01,P001494|P002914|P002304
M002200,Parking Garage B,2025-10-23T02:06:26,P000474|P002514|P002434|P001074
M002201,Abandoned Factory,2025-12-05T14:36:50,P002800|P003200|P002610|P000050|P000890
M002202,Riverside Docks,2025-09-15T02:35:13,P000777|P002887|P000757|P000927|P001317
M002203,Parking Garage B,2025-08-23T23:21:32,P001597|P002227|P001007
M002204,Abandoned Factory,2025-12-27T10:23:27,P001618|P001338
M002205,Backroom - Lucky Star Bar,2025-04-01T15:08:10,P002534|P000634
M002206,Parking Garage B,2025-03-05T00:31:18,P001084|P003034|P001294|P002364
M002207,Riverside Docks,2025-12-23T03:58:54,P002356|P000156|P000396|P001356|P003086|P002096
M002208,Riverside Docks,2025-10-02T15:45:35,P002864|P001014|P001754|P003064
M002209,Parking Garage B,2025-03-03T22:56:09,P001710|P003430|P002190
M002210,Storage Facility 12,2025-07-21T16:33:08,P001225|P002095|P002745|P002725
M002211,Backroom - Lucky Star Bar,2025-10-19T20:56:23,P001633|P000173|P003173
M002212,Private Villa,2025-11-04T23:09:43,P002897|P001197|P002927|P003187|P003057
M002213,Parking Garage B,2025-04-24T11:08:45,P000658|P001818
M002214,Downtown Cafe,2025-01-05T18:21:33,P001127|P003187|P001087|P003347
M002215,Warehouse District,2025-07-19T16:49:39,P003093|P000823
M002216,Storage Facility 12,2025-02-17T07:59:57,P002343|P002043|P001943|P000433|P002373|P002163
M002217,Warehouse District,2025-07-13T05:02:15,P003066|P001276|P000556|P001846|P003326
M002218,Parking Garage B,2025-04-30T07:38:06,P000256|P001666
M002219,Riverside Docks,2025-06-12T23:29:00,P002492|P002452|P000442|P003382|P001582|P002462
M002220,Backroom - Lucky Star Bar,2025-12-06T22:04:47,P000127|P000307|P000967
M002221,Abandoned Factory,2025-11-03T16:36:42,P000417|P002857|P001527
M002222,Backroom - Lucky Star Bar,2025-11-12T19:16:22,P002198|P000768|P003318|P000438
M002223,Warehouse District,2025-12-30T11:58:05,P000889|P003419|P000399|P002319|P001239
M002224,Riverside Docks,2025-11-22T23:27:19,P003245|P002975
M002225,Parking Garage B,2025-04-05T15:13:41,P002338|P000538|P001298|P002628
M002226,Storage Facility 12,2025-09-01T10:28:33,P000425|P001005
M002227,Parking Garage B,2025-12-20T02:16:27,P001420|P000140
M002228,Downtown Cafe,2025-06-08T20:37:14,P001351|P000811|P002431
M002229,Warehouse District,2025-02-23T17:16:31,P002936|P001596|P000606|P002836|P003466
M002230,Riverside Docks,2025-08-08T05:54:43,P000656|P002316|P000686
M002231,Warehouse District,2025-05-15T05:15:52,P000403|P000113|P000353|P002613
M002232,Riverside Docks,2025-12-15T21:42:42,P002126|P000126
M002233,Abandoned Factory,2025-04-21T22:10:04,P001138|P001948|P003328|P001478|P000468|P001648
M002234,Parking Garage B,2025-10-19T08:35:52,P001828|P000348|P003148
M002235,Parking Garage B,2025-04-01T15:55:42,P001076|P002926
M002236,Parking Garage B,2025-05-26T02:05:52,P001900|P001810|P002980
M002237,Riverside Docks,2025-12-24T03:18:19,P001919|P002909|P000159
M002238,Parking Garage B,2025-08-15T13:34:32,P002171|P003411|P002381|P002991|P001671|P002361
M002239,Backroom - Lucky Star Bar,2025-04-28T10:48:42,P000616|P002846|P001056|P002026|P001676|P001666
M002240,Abandoned Factory,2025-09-06T17:38:20,P002303|P001293|P000013|P000493|P002993|P001463
M002241,Storage Facility 12,2025-05-19T03:20:42,P000248|P001188
M002242,Riverside Docks,2025-02-21T22:03:31,P001090|P002370|P001680|P002700|P002130|P002550
M002243,Riverside Docks,2025-11-28T23:37:45,P002655|P003275
M002244,Backroom - Lucky Star Bar,2025-05-27T18:22:51,P001718|P001748|P002728|P001238|P001068
M002245,Warehouse District,2025-10-09T07:04:02,P002311|P001061|P002301|P000351|P001321
M002246,Abandoned Factory,2025-08-02T12:21:14,P002135|P000865|P001785|P003325|P000795|P002025
M002247,Parking Garage B,2025-05-25T01:42:17,P003287|P001027|P001697|P001367
M002248,Riverside Docks,2025-06-18T21:58:14,P000123|P000983|P003083|P001683
M002249,Backroom - Lucky Star Bar,2025-11-20T23:36:10,P000354|P000794|P002924|P002644
M002250,Warehouse District,2025-11-18T10:46:51,P002048|P000568|P001288|P002798|P001078
M002251,Private Villa,2025-08-12T09:38:04,P003155|P001465|P003365|P002795
M002252,Backroom - Lucky Star Bar,2025-09-10T10:36:04,P001700|P001880|P001650|P003290|P002390|P001010
M002253,Parking Garage B,2025-07-02T00:05:28,P000533|P003143
M002254,Riverside Docks,2025-04-22T18:33:58,P001775|P003285|P003405|P001805
M002255,Parking Garage B,2025-12-10T06:52:08,P000962|P003102|P001012
M002256,Riverside Docks,2025-07-15T13:39:31,P000279|P002379|P001059
M002257,Backroom - Lucky Star Bar,2025-07-29T22:55:57,P000451|P001681|P001091|P000961|P003491|P002651
M002258,Downtown Cafe,2025-04-03T02:39:47,P002503|P000563|P002403
M002259,Downtown Cafe,2025-03-25T22:52:46,P001422|P002542|P001682|P002972
M002260,Storage Facility 12,2025-11-26T00:12:30,P001112|P001312|P002722|P002212|P002152|P002862
M002261,Parking Garage B,2025-11-14T14:48:10,P000898|P002518|P000518|P000918|P000618
M002262,Warehouse District,2025-07-14T01:13:07,P001920|P000940|P000260|P002490|P001720|P000710
M002263,Private Villa,2025-12-15T18:40:20,P002077|P001037|P000107|P002437
M002264,Riverside Docks,2025-11-27T05:33:38,P002007|P000627
M002265,Riverside Docks,2025-05-03T18:16:48,P002466|P000126|P000676|P001576|P001306|P000146
M002266,Storage Facility 12,2025-02-23T06:14:08,P000114|P003154
M002267,Private Villa,2025-06-08T07:12:33,P002127|P003017
M002268,Riverside Docks,2025-01-06T13:40:14,P000123|P003213|P003303|P002543
M002269,Abandoned Factory,2025-01-11T12:28:15,P000558|P001578|P000018|P001018|P000108
M002270,Parking Garage B,2025-03-28T01:05:23,P000894|P001504|P000464|P000684|P001274
M002271,Downtown Cafe,2025-10-18T13:18:50,P001882|P000152
M002272,Parking Garage B,2025-09-29T09:32:04,P000652|P003312
M002273,Downtown Cafe,2025-12-09T13:44:16,P002842|P002832|P001462|P003042|P000362
M002274,Parking Garage B,2025-11-08T10:16:10,P000848|P000858|P000368
M002275,Riverside Docks,2025-05-15T03:54:42,P001609|P000749|P003099|P001689|P000759|P003289
M002276,Riverside Docks,2025-02-19T18:54:09,P000989|P000839|P002249|P002999|P000429
M002277,Abandoned Factory,2025-07-26T17:29:18,P002893|P001423
M002278,Warehouse District,2025-05-30T08:21:22,P000599|P003279|P003269|P001309|P001219
M002279,Backroom - Lucky Star Bar,2025-03-19T03:02:39,P001656|P001516|P002426
M002280,Abandoned Factory,2025-09-21T14:50:59,P001035|P000475|P000645|P003285|P003335
M002281,Warehouse District,2025-10-04T11:45:29,P002167|P002957|P002837
M002282,Riverside Docks,2025-11-25T21:22:53,P002311|P001981
M002283,Abandoned Factory,2025-03-28T02:14:32,P002160|P002640|P002280|P000260
M002284,Downtown Cafe,2025-11-27T19:53:44,P002098|P001418|P003008|P002878|P003328|P002338
M002285,Riverside Docks,2025-05-05T20:32:03,P000439|P001889|P002339|P002679
M002286,Riverside Docks,2025-09-05T08:04:36,P003478|P001308|P002738|P001148|P002778|P000218
M002287,Private Villa,2025-03-03T07:05:47,P002457|P001377
M002288,Backroom - Lucky Star Bar,2025-10-16T17:02:32,P001445|P002035|P002575
M002289,Warehouse District,2025-08-31T19:41:50,P001564|P002654|P001154
M002290,Warehouse District,2025-09-23T03:51:03,P002783|P001983|P001623|P001993
M002291,Storage Facility 12,2025-12-24T23:44:34,P002233|P000363|P002703|P003233
M002292,Riverside Docks,2025-12-04T00:38:54,P002065|P003015|P002625|P002115|P002825
M002293,Storage Facility 12,2025-04-05T16:37:30,P001035|P000555|P002225|P002285|P002385|P002995
M002294,Parking Garage B,2025-12-26T12:18:36,P001120|P002210
M002295,Storage Facility 12,2025-03-03T04:40:39,P001912|P001602|P002452|P001042|P002162|P002362
M002296,Riverside Docks,2025-03-29T20:37:26,P002038|P003218|P001178|P001648
M002297,Downtown Cafe,2025-11-09T23:25:25,P000423|P002963|P003293|P002163|P002833|P000923
M002298,Storage Facility 12,2025-05-23T18:15:24,P000609|P003399|P000349|P000939|P000459|P001509
M002299,Backroom - Lucky Star Bar,2025-12-21T05:21:23,P002628|P002478|P001088|P002218|P001728|P002408
M002300,Backroom - Lucky Star Bar,2025-05-18T10:18:23,P003479|P000029|P001219|P002949|P000979|P003449
M002301,Parking Garage B,2025-01-11T21:38:16,P002029|P001669|P002729
M002302,Private Villa,2025-09-13T05:26:24,P001571|P003071|P000941|P001241|P001261|P001681
M002303,Riverside Docks,2025-02-09T23:46:52,P001793|P000493|P000353
M002304,Storage Facility 12,2025-08-15T15:26:56,P003176|P000226
M002305,Parking Garage B,2025-03-25T01:17:36,P003062|P000592|P002102|P001192|P002412
M002306,Riverside Docks,2025-01-03T13:27:12,P000850|P002540|P000140
M002307,Downtown Cafe,2025-03-18T11:58:37,P002696|P003186|P001096|P000776|P003206|P002106
M002308,Storage Facility 12,2025-06-01T17:25:37,P000920|P002020
M002309,Downtown Cafe,2025-08-24T01:13:01,P001504|P002374|P000864|P003444
M002310,Abandoned Factory,2025-08-02T14:10:57,P002128|P000358
M002311,Private Villa,2025-01-20T16:26:39,P002795|P002185|P001595
M002312,Parking Garage B,2025-02-07T22:34:29,P001606|P003346|P002686|P003166|P001056
M002313,Warehouse District,2025-01-28T12:10:31,P000525|P002155
M002314,Downtown Cafe,2025-06-17T20:17:08,P002673|P002573|P001283|P001523|P002123|P002403
M002315,Private Villa,2025-11-08T01:32:16,P001437|P000587|P003367
M002316,Parking Garage B,2025-07-07T09:15:51,P001164|P002394|P000174|P001534|P000584|P001474
M002317,Warehouse District,2025-04-12T04:48:57,P001005|P000475|P000775
M002318,Parking Garage B,2025-03-14T01:50:41,P000376|P002426|P000116|P003206|P000516|P001296
M002319,Storage Facility 12,2025-10-20T03:48:32,P001942|P003082|P001632|P003332|P002412
M002320,Downtown Cafe,2025-12-19T08:12:35,P002444|P000454|P000584|P000364|P002214|P002494
M002321,Private Villa,2025-01-17T09:30:49,P002838|P000628|P003038|P002108|P003158|P001738
M002322,Riverside Docks,2025-04-20T08:46:58,P001049|P002429|P000149|P000679|P002749|P002509
M002323,Storage Facility 12,2025-10-06T13:56:53,P002912|P001932|P003442|P001232|P001002|P000992
M002324,Warehouse District,2025-01-27T15:42:32,P001293|P000593|P000693|P000713|P002833|P002393
M002325,Warehouse District,2025-03-02T12:53:38,P000955|P000215|P000425|P002485|P002725
M002326,Backroom - Lucky Star Bar,2025-12-18T09:56:57,P002919|P002519
M002327,Warehouse District,2025-12-29T22:49:23,P002683|P003303
M002328,Private Villa,2025-07-17T00:20:47,P000043|P000643|P002643|P002333|P000853|P000443
M002329,Abandoned Factory,2025-01-20T19:18:38,P002843|P000303|P000623
M002330,Storage Facility 12,2025-01-24T11:30:55,P001341|P002671|P001091
M002331,Private Villa,2025-05-16T04:22:43,P001156|P000376|P000526
M002332,Private Villa,2025-04-08T16:40:21,P003224|P000184
M002333,Private Villa,2025-06-21T07:16:31,P002523|P001163|P000443
M002334,Warehouse District,2025-10-08T18:22:56,P002302|P001342
M002335,Warehouse District,2025-03-29T13:48:07,P000739|P001659|P000279
M002336,Downtown Cafe,2025-07-15T05:39:25,P002823|P000313|P002143|P002283|P002003|P001653
M002337,Riverside Docks,2025-09-21T22:46:59,P000405|P000125|P002025|P002095|P000975
M002338,Private Villa,2025-04-26T09:45:57,P003419|P000379|P003079
M002339,Private Villa,2025-12-19T09:54:20,P000748|P002308|P002578|P000488
M002340,Private Villa,2025-03-26T04:13:54,P001958|P003008|P000148|P002128
M002341,Storage Facility 12,2025-03-10T17:33:32,P002459|P001089|P001279|P001849
M002342,Riverside Docks,2025-01-17T09:07:54,P001408|P003318|P002508
M002343,Warehouse District,2025-03-02T03:49:02,P002918|P003178|P003348|P001698|P002878
M002344,Riverside Docks,2025-12-26T05:15:29,P003473|P002003|P000433|P002863|P000293
M002345,Parking Garage B,2025-05-08T08:46:57,P003294|P001934|P003304|P001624|P001454|P001994
M002346,Backroom - Lucky Star Bar,2025-04-09T05:51:57,P003072|P001662
M002347,Private Villa,2025-06-13T00:49:59,P000031|P001861|P000611|P001191
M002348,Warehouse District,2025-02-14T12:21:16,P001795|P001385|P002025|P002035
M002349,Abandoned Factory,2025-12-05T16:25:43,P000875|P002225|P000525|P000205
M002350,Riverside Docks,2025-09-18T22:56:29,P001824|P001194
M002351,Private Villa,2025-04-11T23:06:57,P000146|P000126|P002796|P002326|P000246|P000626
M002352,Private Villa,2025-07-11T02:44:01,P003302|P003182|P002012
M002353,Downtown Cafe,2025-12-22T10:01:28,P001972|P000122|P001772
M002354,Private Villa,2025-12-12T23:48:13,P001933|P002793|P002023|P003273|P001743
M002355,Warehouse District,2025-04-02T04:26:41,P002973|P003453|P003293|P001213
M002356,Riverside Docks,2025-11-11T00:07:39,P001183|P001333|P001963
M002357,Backroom - Lucky Star Bar,2025-12-21T13:48:13,P002197|P000637|P001477|P003407|P000757
M002358,Abandoned Factory,2025-10-05T23:44:23,P001021|P001371|P001671|P002591
M002359,Private Villa,2025-08-25T17:15:12,P001456|P000766|P001996|P003196|P002406
M002360,Riverside Docks,2025-04-16T07:32:26,P000438|P000228|P003018|P002068
M002361,Warehouse District,2025-06-27T10:21:35,P001301|P003471|P001931
M002362,Parking Garage B,2025-09-02T12:36:45,P000686|P003346|P001396|P000626
M002363,Downtown Cafe,2025-05-30T02:01:33,P001850|P003370|P001930|P001280|P002360|P000680
M002364,Warehouse District,2025-03-29T09:02:13,P000094|P002734|P001994|P000354
M002365,Parking Garage B,2025-02-03T07:15:30,P002489|P000929|P002119|P002029
M002366,Private Villa,2025-08-15T16:40:15,P002392|P001012
M002367,Downtown Cafe,2025-03-25T09:22:25,P000296|P001366|P001686|P003216
M002368,Abandoned Factory,2025-11-09T22:00:00,P001059|P000069|P001589
M002369,Private Villa,2025-01-24T16:29:27,P001792|P002202
M002370,Storage Facility 12,2025-06-09T20:29:12,P000534|P001684
M002371,Downtown Cafe,2025-09-11T04:29:31,P003349|P001609|P001599
M002372,Backroom - Lucky Star Bar,2025-02-17T05:55:38,P002644|P001464|P001084|P003464|P000644
M002373,Downtown Cafe,2025-02-23T17:58:38,P001102|P002472|P002532
M002374,Riverside Docks,2025-02-06T19:18:28,P000049|P001669|P000319|P000479
M002375,Riverside Docks,2025-11-13T16:35:23,P001699|P001529|P001149
M002376,Warehouse District,2025-07-23T18:05:20,P000025|P002205|P000795|P002125
M002377,Downtown Cafe,2025-04-12T10:08:15,P001213|P003243|P002863|P000393|P002493|P000723
M002378,Backroom - Lucky Star Bar,2025-12-13T15:45:58,P001398|P000758|P002498|P003118|P002678
M002379,Abandoned Factory,2025-02-04T23:54:01,P001651|P000351
M002380,Private Villa,2025-07-27T09:51:26,P002360|P003410|P000830|P003230
M002381,Riverside Docks,2025-02-01T17:22:39,P002226|P001096
M002382,Downtown Cafe,2025-03-10T02:52:44,P000080|P000060|P000750|P003020|P002650|P002770
M002383,Downtown Cafe,2025-05-12T12:50:53,P001024|P000944|P001814|P002664|P003264
M002384,Private Villa,2025-04-23T05:22:07,P002066|P002956|P002806|P002606|P000076|P001496
M002385,Private Villa,2025-03-14T04:09:51,P000490|P000500|P002140
M002386,Abandoned Factory,2025-11-20T04:17:31,P002772|P001762|P001882
M002387,Parking Garage B,2025-09-15T23:43:10,P002734|P002954|P003174
M002388,Private Villa,2025-04-26T12:19:18,P001581|P002581|P001981
M002389,Riverside Docks,2025-03-30T04:00:27,P003033|P000283|P002843|P003253|P000173|P000053
M002390,Abandoned Factory,2025-05-15T09:09:37,P003399|P000269|P001069|P002719|P000279
M002391,Downtown Cafe,2025-05-08T11:31:23,P002803|P002993|P002813|P000563|P001403
M002392,Backroom - Lucky Star Bar,2025-07-18T06:29:11,P003482|P000072
M002393,Backroom - Lucky Star Bar,2025-09-15T09:37:18,P000113|P002993|P003493|P003383
M002394,Parking Garage B,2025-08-24T18:35:27,P001326|P001576|P001126|P003226|P000996|P002836
M002395,Downtown Cafe,2025-05-29T08:05:54,P003084|P000314|P001744|P000124
M002396,Parking Garage B,2025-02-22T10:37:03,P002319|P002039|P001669|P002109|P003329|P002349
M002397,Parking Garage B,2025-02-27T07:00:40,P000852|P001852|P001942|P001222|P003492
M002398,Riverside Docks,2025-11-11T10:51:12,P002830|P001300|P001650|P001960|P001120|P001620
M002399,Abandoned Factory,2025-08-16T06:17:17,P000307|P001927|P001697|P001857|P000667|P003437
M002400,Parking Garage B,2025-05-06T07:08:06,P000374|P001694|P002084|P002124|P001934|P002804
M002401,Abandoned Factory,2025-07-22T16:40:55,P000714|P000904|P002844
M002402,Warehouse District,2025-05-24T06:51:36,P001014|P000104
M002403,Downtown Cafe,2025-11-13T23:37:20,P002309|P003159|P001479|P000669|P000699|P001709
M002404,Riverside Docks,2025-04-29T09:25:50,P002922|P000652|P001942|P001282
M002405,Riverside Docks,2025-08-23T15:39:59,P003487|P001587|P003317|P000187|P000427
M002406,Downtown Cafe,2025-06-01T21:07:23,P002749|P001079|P001579
M002407,Storage Facility 12,2025-07-19T08:01:46,P001059|P002219|P002199|P001899|P000149|P002979
M002408,Downtown Cafe,2025-04-15T10:27:35,P002991|P000491|P003301|P000911|P000601|P000041
M002409,Riverside Docks,2025-10-09T11:47:34,P000713|P003103|P000573|P003353|P001233
M002410,Abandoned Factory,2025-07-03T17:49:38,P002817|P001867|P002137|P002757|P001437
M002411,Warehouse District,2025-09-29T09:46:55,P000924|P000944|P000794|P000084|P003314
M002412,Abandoned Factory,2025-04-26T16:00:37,P001842|P001452|P002582|P001562|P003012
M002413,Private Villa,2025-07-15T02:03:52,P001368|P001678|P002058
M002414,Warehouse District,2025-06-23T10:47:33,P000456|P000746|P000486
M002415,Storage Facility 12,2025-09-28T22:28:13,P000277|P003017|P003487
M002416,Downtown Cafe,2025-09-21T20:03:48,P001529|P002869|P002139|P001929|P001849
M002417,Private Villa,2025-01-08T00:04:01,P001866|P002346|P001556|P002416
M002418,Private Villa,2025-03-08T22:37:38,P002585|P001715|P001485|P003295|P000185
M002419,Parking Garage B,2025-03-18T01:33:41,P001569|P001969
M002420,Abandoned Factory,2025-04-17T11:49:55,P002788|P001828|P001278|P001438|P001058
M002421,Warehouse District,2025-01-11T08:03:49,P001999|P001539|P000689|P002019
M002422,Abandoned Factory,2025-04-26T07:03:17,P001910|P000340
M002423,Storage Facility 12,2025-11-21T06:12:25,P001359|P002789|P001389|P000649|P002219|P002779
M002424,Private Villa,2025-10-16T17:05:56,P000787|P001747
M002425,Private Villa,2025-11-15T13:28:19,P001215|P001935
M002426,Downtown Cafe,2025-02-05T13:05:20,P003131|P003031
M002427,Backroom - Lucky Star Bar,2025-03-27T11:36:42,P002316|P002026|P002186|P002836
M002428,Private Villa,2025-03-18T00:09:08,P001990|P000360
M002429,Riverside Docks,2025-07-10T14:56:39,P002922|P002852
M002430,Storage Facility 12,2025-09-23T10:59:15,P000388|P000158|P000258|P001708|P003268
M002431,Storage Facility 12,2025-07-07T01:56:33,P002148|P000958|P000028|P002478
M002432,Parking Garage B,2025-03-06T17:56:46,P001875|P002525|P000685|P001365|P002085
M002433,Abandoned Factory,2025-07-05T18:52:08,P002174|P000734
M002434,Downtown Cafe,2025-10-30T08:50:05,P002742|P001082
M002435,Warehouse District,2025-11-18T00:25:20,P000968|P000888|P003038
M002436,Warehouse District,2025-01-20T05:54:42,P001854|P002284
M002437,Parking Garage B,2025-12-19T05:35:48,P003323|P000923
M002438,Parking Garage B,2025-01-16T14:33:14,P003040|P001260
M002439,Riverside Docks,2025-01-24T18:23:10,P001414|P000134|P001004|P001724
M002440,Warehouse District,2025-11-18T08:47:15,P002114|P001084|P003124|P003184|P000784
M002441,Downtown Cafe,2025-09-06T11:49:25,P000865|P002425|P001025
M002442,Storage Facility 12,2025-12-06T20:27:14,P000783|P002293|P001393|P001613
M002443,Warehouse District,2025-04-25T10:29:05,P000507|P002457|P000207|P001677|P003477|P002447
M002444,Downtown Cafe,2025-05-08T06:31:50,P001592|P002092|P002082
M002445,Riverside Docks,2025-01-26T20:08:50,P002946|P000926
M002446,Storage Facility 12,2025-11-28T18:23:19,P001095|P002155|P000125
M002447,Abandoned Factory,2025-07-27T00:45:28,P002086|P002906|P001696|P003006|P000586
M002448,Private Villa,2025-07-21T14:53:42,P001748|P001568|P002048
M002449,Backroom - Lucky Star Bar,2025-01-05T02:40:12,P000787|P003337|P001617|P001147|P000527
M002450,Riverside Docks,2025-09-17T14:42:15,P000774|P002894
M002451,Warehouse District,2025-01-29T23:43:35,P000432|P003072|P002312|P000202
M002452,Downtown Cafe,2025-04-09T21:18:54,P003084|P001074|P002704
M002453,Backroom - Lucky Star Bar,2025-06-20T13:23:12,P003063|P002203|P000693|P000163
M002454,Parking Garage B,2025-06-30T11:39:12,P002782|P002662|P000812|P001682
M002455,Private Villa,2025-10-30T16:38:17,P000644|P002994
M002456,Storage Facility 12,2025-04-17T08:31:40,P001788|P000588|P001328|P002028|P002018
M002457,Private Villa,2025-08-17T04:47:37,P000452|P001722|P000122|P003382
M002458,Private Villa,2025-09-16T15:09:41,P003297|P001437
M002459,Storage Facility 12,2025-07-08T01:02:00,P003256|P000846|P001786
M002460,Backroom - Lucky Star Bar,2025-09-27T17:50:48,P001641|P000701|P000651
M002461,Warehouse District,2025-01-25T04:37:36,P002522|P002012|P003212|P003152|P001202
M002462,Private Villa,2025-11-26T08:30:38,P001088|P002158|P002358
M002463,Warehouse District,2025-11-24T00:15:47,P001845|P001295|P001395|P003435
M002464,Abandoned Factory,2025-02-16T03:50:36,P001309|P001919|P000469|P001379|P003459|P001889
M002465,Private Villa,2025-07-22T17:48:18,P000657|P001027
M002466,Backroom - Lucky Star Bar,2025-07-18T15:31:57,P001477|P001407|P002537|P002617|P001347|P002437
M002467,Riverside Docks,2025-04-23T19:31:46,P003461|P000101|P001761|P001491|P000541
M002468,Downtown Cafe,2025-05-27T08:37:23,P001582|P000852|P002552
M002469,Warehouse District,2025-03-31T01:10:31,P002672|P002592
M002470,Parking Garage B,2025-08-09T18:13:09,P003186|P002236|P001486|P002096|P001656
M002471,Backroom - Lucky Star Bar,2025-07-07T06:36:26,P002592|P003492|P000862
M002472,Downtown Cafe,2025-02-26T06:47:17,P001606|P001696
M002473,Private Villa,2025-06-15T15:33:00,P002794|P000354
M002474,Warehouse District,2025-12-21T22:09:15,P001898|P003028
M002475,Riverside Docks,2025-07-31T12:17:07,P002072|P002892|P001082|P000172|P000462
M002476,Private Villa,2025-09-09T08:09:21,P002615|P001285|P000575|P002025|P001805|P001275
M002477,Downtown Cafe,2025-07-03T03:00:45,P001931|P000711|P001641|P000971|P002631
M002478,Downtown Cafe,2025-05-14T17:48:45,P000295|P000865|P003285|P000115|P000445|P001685
M002479,Warehouse District,2025-01-26T11:52:14,P002877|P001497
M002480,Backroom - Lucky Star Bar,2025-04-24T20:38:07,P001330|P000400|P003160|P002700
M002481,Riverside Docks,2025-02-16T10:07:25,P003338|P002148|P002758|P000378
M002482,Abandoned Factory,2025-02-13T07:35:23,P001172|P000322|P001982|P002362
M002483,Riverside Docks,2025-01-18T13:26:15,P002595|P003405
M002484,Parking Garage B,2025-12-09T20:30:57,P003161|P002761|P000431
M002485,Storage Facility 12,2025-03-23T00:23:56,P003326|P002556|P003146|P002296|P003086|P002606
M002486,Warehouse District,2025-01-29T04:08:44,P002474|P003094
M002487,Private Villa,2025-11-07T02:07:58,P000221|P002051|P002411
M002488,Riverside Docks,2025-08-25T13:09:25,P003235|P001795|P000755|P002255|P000455
M002489,Private Villa,2025-08-13T07:01:55,P000241|P002901
M002490,Backroom - Lucky Star Bar,2025-09-13T08:29:07,P000616|P000196|P002976|P000796|P000216|P002476
M002491,Warehouse District,2025-04-06T02:26:53,P001054|P000374|P001374|P001254|P000464|P000924
M002492,Private Villa,2025-10-14T21:26:27,P003492|P002312
M002493,Backroom - Lucky Star Bar,2025-09-27T05:30:31,P002377|P001267|P002527|P000917|P000417|P002917
M002494,Private Villa,2025-01-05T07:17:40,P000123|P000593|P002033
M002495,Riverside Docks,2025-08-23T04:15:13,P000809|P002979|P000239|P003059|P000839|P001049
M002496,Parking Garage B,2025-04-02T02:01:56,P000818|P000148|P002118|P000108|P001788
M002497,Riverside Docks,2025-05-08T14:26:21,P002904|P003194|P001894|P000294
M002498,Downtown Cafe,2025-06-02T22:53:13,P003214|P000064|P002714
M002499,Parking Garage B,2025-02-08T13:18:52,P003268|P003348|P001538|P000508|P002778
M002500,Backroom - Lucky Star Bar,2025-11-10T22:03:35,P000894|P001834|P000134|P003264|P001854|P003194
M002501,Warehouse District,2025-02-22T01:09:07,P000008|P000058|P000808|P001428|P000228
M002502,Storage Facility 12,2025-05-26T22:16:38,P001478|P000318|P000018
M002503,Private Villa,2025-11-24T04:00:52,P002759|P000869|P002879|P000569|P002199|P001909
M002504,Storage Facility 12,2025-09-17T12:28:40,P001957|P003207|P002157|P000937|P000847|P001927
M002505,Abandoned Factory,2025-05-18T07:56:50,P003428|P000468
M002506,Backroom - Lucky Star Bar,2025-04-20T15:49:04,P000063|P002563
M002507,Backroom - Lucky Star Bar,2025-04-01T01:00:17,P000637|P000707|P001087|P000257|P002287
M002508,Riverside Docks,2025-05-13T10:07:36,P000377|P003097|P001507
M002509,Parking Garage B,2025-10-26T06:56:18,P000707|P000577|P003207|P001147
M002510,Warehouse District,2025-02-25T08:04:43,P000061|P000811
M002511,Storage Facility 12,2025-08-18T13:09:12,P000960|P001470|P000750|P002200|P002280|P000020
M002512,Private Villa,2025-09-16T18:48:33,P002253|P000013|P000043|P003163
M002513,Private Villa,2025-07-09T16:31:49,P001693|P000543|P000393
M002514,Storage Facility 12,2025-05-12T19:07:54,P002591|P000161|P000541|P003361|P000911|P000921
M002515,Warehouse District,2025-01-20T09:03:24,P000665|P000515|P001405|P000205
M002516,Storage Facility 12,2025-05-08T22:16:35,P001809|P002099
M002517,Warehouse District,2025-06-10T03:01:03,P001339|P002549|P002579
M002518,Abandoned Factory,2025-07-12T03:24:55,P002346|P002586|P002266|P002416
M002519,Private Villa,2025-11-01T03:02:04,P001139|P001379|P003099
M002520,Private Villa,2025-07-08T08:52:18,P003014|P000604|P000184
M002521,Riverside Docks,2025-01-23T08:02:01,P002203|P001383|P001483|P001353
M002522,Riverside Docks,2025-08-24T06:58:34,P003008|P000778|P001988|P001148|P000058|P002448
M002523,Storage Facility 12,2025-06-17T17:08:15,P001148|P000648|P002018
M002524,Private Villa,2025-04-25T00:29:26,P001702|P001092
M002525,Warehouse District,2025-09-27T02:54:50,P003372|P001502|P003152|P003172|P002852|P002322
M002526,Riverside Docks,2025-05-08T05:17:24,P002236|P001576|P000446|P002616|P002156|P002506
M002527,Warehouse District,2025-04-29T16:11:07,P000502|P000512|P003362|P002082
M002528,Warehouse District,2025-07-13T22:13:59,P000499|P000289|P001299|P002319
M002529,Parking Garage B,2025-07-03T11:09:36,P002518|P000528
M002530,Parking Garage B,2025-05-13T22:12:49,P001781|P002381|P003371|P003151|P002561
M002531,Backroom - Lucky Star Bar,2025-09-29T10:28:24,P002833|P002783|P000923
M002532,Downtown Cafe,2025-08-08T10:20:35,P001576|P000266|P000826|P001106|P003366
M002533,Backroom - Lucky Star Bar,2025-11-23T00:44:13,P002886|P002376|P001026|P003286|P001416
M002534,Parking Garage B,2025-10-05T05:13:08,P002681|P002951|P003221|P000701|P003351|P000391
M002535,Warehouse District,2025-06-18T13:38:20,P000461|P001201|P000421|P001281
M002536,Abandoned Factory,2025-02-10T14:44:44,P003331|P001491|P001701|P002161|P002311|P001471
M002537,Warehouse District,2025-09-27T00:08:41,P002652|P002382
M002538,Riverside Docks,2025-04-16T04:07:34,P003220|P002800|P001220|P000220
M002539,Downtown Cafe,2025-04-03T21:33:55,P002865|P001015|P000425
M002540,Private Villa,2025-04-08T09:18:25,P001589|P002809|P001409
M002541,Warehouse District,2025-04-27T08:13:52,P002720|P000070
M002542,Riverside Docks,2025-05-22T16:27:57,P002212|P001822|P002152|P002412|P002642
M002543,Private Villa,2025-10-27T22:18:14,P002033|P003183
M002544,Warehouse District,2025-09-18T16:08:04,P003363|P000473|P002563|P001723|P000113|P001253
M002545,Riverside Docks,2025-04-03T04:08:44,P001033|P000563
M002546,Downtown Cafe,2025-08-18T10:07:13,P000643|P000173|P002573|P000653
M002547,Warehouse District,2025-10-16T11:00:15,P002055|P002655|P001565|P002345|P002795
M002548,Parking Garage B,2025-12-15T22:02:56,P002098|P000028|P001578|P003478
M002549,Storage Facility 12,2025-11-28T01:37:54,P000314|P001104|P003054|P000124|P001264
M002550,Abandoned Factory,2025-04-19T00:38:34,P002206|P002796|P001496|P003446|P002236|P003186
M002551,Storage Facility 12,2025-07-30T00:37:45,P002755|P000115
M002552,Private Villa,2025-07-26T03:45:44,P001854|P001224|P003284|P000644|P000054|P000274
M002553,Storage Facility 12,2025-11-15T00:19:33,P000791|P001211|P001721|P001881|P001081
M002554,Riverside Docks,2025-06-22T13:08:14,P000061|P003211|P002531|P002001
M002555,Warehouse District,2025-09-24T08:44:15,P001213|P003283
M002556,Parking Garage B,2025-08-10T11:24:48,P000339|P000729
M002557,Storage Facility 12,2025-05-05T05:37:03,P002116|P002516|P001616|P003196|P003396
M002558,Private Villa,2025-11-17T20:37:40,P002877|P001597|P002507|P000457|P002657|P000617
M002559,Storage Facility 12,2025-04-21T22:31:06,P002773|P001163|P002003|P000983|P003203
M002560,Backroom - Lucky Star Bar,2025-10-29T10:46:43,P001679|P000909|P003269|P001119|P002969
M002561,Private Villa,2025-08-06T06:39:53,P001539|P000959|P000399
M002562,Storage Facility 12,2025-03-10T04:37:39,P002650|P001800|P001220|P002420|P000250|P000940
M002563,Warehouse District,2025-01-05T09:26:36,P000367|P001907|P001857
M002564,Private Villa,2025-03-24T21:01:05,P003169|P002999
M002565,Storage Facility 12,2025-09-04T05:45:10,P002967|P000787|P000427|P002507|P002697
M002566,Abandoned Factory,2025-10-09T04:14:43,P000779|P002439|P001789|P002299|P000699
M002567,Abandoned Factory,2025-05-17T07:12:11,P000651|P003171
M002568,Backroom - Lucky Star Bar,2025-08-29T13:37:51,P001075|P000095|P001105|P002815
M002569,Private Villa,2025-07-11T20:25:45,P000387|P002867|P001917|P000437|P002457
M002570,Private Villa,2025-08-24T05:15:12,P001169|P000569|P001809
M002571,Warehouse District,2025-12-21T22:14:45,P000709|P000389
M002572,Downtown Cafe,2025-09-24T21:51:18,P001764|P001124
M002573,Riverside Docks,2025-03-24T00:33:17,P000940|P002660|P002900|P001050|P003460|P002640
M002574,Warehouse District,2025-03-12T16:03:24,P002593|P000333|P001803|P002873
M002575,Riverside Docks,2025-08-27T14:13:24,P003005|P002095|P003065|P001495|P000825
M002576,Riverside Docks,2025-02-16T23:56:09,P000632|P001312|P000042|P002922|P002592
M002577,Private Villa,2025-03-14T23:26:47,P001631|P001151|P001861|P001691
M002578,Riverside Docks,2025-02-18T00:24:17,P001517|P001407|P001227
M002579,Storage Facility 12,2025-01-10T06:58:14,P002109|P003389|P000399|P000689
M002580,Warehouse District,2025-06-07T18:20:58,P002588|P000548
M002581,Parking Garage B,2025-08-26T10:14:30,P001624|P000854|P002044|P000464|P002624
M002582,Downtown Cafe,2025-08-02T22:07:11,P001546|P002366|P002406|P003406|P001906
M002583,Parking Garage B,2025-04-30T00:17:56,P001796|P002866
M002584,Parking Garage B,2025-06-25T14:00:06,P003243|P001423|P001893|P000893|P001353|P002853
M002585,Storage Facility 12,2025-02-10T08:33:58,P001312|P000882|P003462
M002586,Warehouse District,2025-10-24T13:09:13,P002404|P001364|P000794
M002587,Private Villa,2025-06-21T17:19:49,P002388|P003458|P001128|P003218|P003378|P000258
M002588,Storage Facility 12,2025-12-28T13:22:12,P000715|P000525|P001245
M002589,Storage Facility 12,2025-06-21T22:29:37,P003437|P002787|P000457|P003327
M002590,Backroom - Lucky Star Bar,2025-10-11T18:31:17,P002146|P001606|P002966|P003256|P001176|P001256
M002591,Abandoned Factory,2025-12-23T02:21:41,P001649|P001769|P002159
M002592,Storage Facility 12,2025-03-23T05:35:26,P002606|P000706
M002593,Abandoned Factory,2025-02-03T21:05:45,P001744|P000954|P000944
M002594,Storage Facility 12,2025-12-28T05:17:49,P000881|P002751|P001731|P003331|P002091
M002595,Backroom - Lucky Star Bar,2025-07-02T05:49:53,P000089|P000249|P001049
M002596,Downtown Cafe,2025-05-27T01:21:25,P000014|P002934|P001544|P000784|P000144
M002597,Private Villa,2025-01-06T01:09:02,P002394|P000874|P002294|P000254|P002064|P003034
M002598,Riverside Docks,2025-09-06T15:24:35,P003393|P001583|P001063
M002599,Private Villa,2025-11-30T10:00:59,P001584|P001114
M002600,Storage Facility 12,2025-06-24T19:47:56,P000799|P000469|P001479
M002601,Parking Garage B,2025-11-17T08:25:03,P002568|P001338|P003358
M002602,Downtown Cafe,2025-01-03T22:23:15,P003313|P001483|P002713|P000463|P001283|P000303
M002603,Abandoned Factory,2025-02-19T19:31:44,P002633|P001963|P001713
M002604,Abandoned Factory,2025-07-30T16:44:29,P002334|P003334|P002914|P002454|P002264|P000734
M002605,Parking Garage B,2025-08-02T01:39:22,P000570|P002210|P002880|P003080
M002606,Riverside Docks,2025-01-19T20:35:20,P000357|P002507|P001867
M002607,Riverside Docks,2025-05-12T19:41:06,P000338|P002058|P002188|P001748
M002608,Warehouse District,2025-04-11T18:59:10,P002674|P001734|P000664|P001754
M002609,Riverside Docks,2025-05-05T18:49:37,P001804|P002764|P001364|P001644|P003194|P000644
M002610,Warehouse District,2025-10-13T13:05:17,P001230|P001160|P002410|P002520|P000110
M002611,Backroom - Lucky Star Bar,2025-07-23T11:07:46,P001866|P000486|P001616|P001586|P000886|P002896
M002612,Riverside Docks,2025-01-30T14:21:00,P002053|P001193|P000723|P000673|P000053
M002613,Warehouse District,2025-07-30T20:44:01,P001886|P003186
M002614,Backroom - Lucky Star Bar,2025-10-06T01:19:04,P001936|P003066|P001676|P002516|P000646
M002615,Warehouse District,2025-05-02T06:36:36,P000778|P003488
M002616,Downtown Cafe,2025-03-11T18:36:01,P000299|P001889|P002219|P002509
M002617,Riverside Docks,2025-07-14T12:24:46,P002299|P002939|P001119|P002509|P000389
M002618,Storage Facility 12,2025-03-19T11:11:21,P002423|P003133
M002619,Parking Garage B,2025-08-30T07:47:17,P001377|P000767|P002767
M002620,Warehouse District,2025-05-03T09:47:59,P000666|P002666|P001826|P001876
M002621,Downtown Cafe,2025-10-27T10:19:58,P001734|P000394|P002964|P002194|P000784
M002622,Private Villa,2025-09-11T22:44:58,P002993|P001363|P002253
M002623,Parking Garage B,2025-01-05T20:11:05,P000884|P003354|P002324|P000964
M002624,Riverside Docks,2025-11-04T03:00:06,P002448|P003278|P003008
M002625,Backroom - Lucky Star Bar,2025-09-03T05:10:13,P002813|P000763
M002626,Downtown Cafe,2025-02-22T09:45:16,P001763|P001173|P000913|P000573
M002627,Backroom - Lucky Star Bar,2025-04-10T14:04:40,P000701|P001621|P000861|P003471|P000721
M002628,Storage Facility 12,2025-09-24T17:35:27,P000610|P002600|P000830|P003150|P000210
M002629,Storage Facility 12,2025-01-25T10:16:55,P002359|P000359|P002259
M002630,Storage Facility 12,2025-05-20T13:15:59,P001052|P000422|P000192
M002631,Storage Facility 12,2025-06-23T06:20:00,P001459|P002749|P002529
M002632,Abandoned Factory,2025-03-11T09:01:35,P001947|P002437|P001767|P002347|P002947
M002633,Private Villa,2025-09-02T21:03:33,P002913|P002953|P000213
M002634,Warehouse District,2025-09-10T00:36:18,P003207|P002267
M002635,Storage Facility 12,2025-12-25T05:24:10,P000574|P003184|P002684|P000854|P002864|P000124
M002636,Parking Garage B,2025-02-05T16:03:13,P001686|P000066|P000086
M002637,Private Villa,2025-01-18T17:47:28,P002431|P002701|P003081|P002661|P003121
M002638,Downtown Cafe,2025-02-04T17:33:41,P002762|P002042|P002492|P000392|P000622|P003232
M002639,Private Villa,2025-03-26T21:30:52,P002877|P000967|P002417|P002927
M002640,Storage Facility 12,2025-11-19T18:34:57,P000731|P001921
M002641,Storage Facility 12,2025-07-26T15:18:38,P000472|P001472|P002432|P000812|P002202
M002642,Abandoned Factory,2025-10-22T19:22:40,P000330|P001730|P003280|P000260
M002643,Backroom - Lucky Star Bar,2025-05-18T02:15:05,P001281|P000071|P000181|P000291|P003451
M002644,Abandoned Factory,2025-02-17T09:08:17,P000242|P000502
M002645,Abandoned Factory,2025-03-15T06:35:40,P003228|P001338|P002718|P001638|P001168
M002646,Riverside Docks,2025-04-13T14:11:11,P000020|P001470
M002647,Private Villa,2025-03-30T21:17:15,P000492|P001442|P003422|P002172|P000722
M002648,Private Villa,2025-01-21T18:11:39,P001147|P003037|P001737
M002649,Backroom - Lucky Star Bar,2025-02-04T17:34:55,P003159|P000119|P001389|P000699|P000019|P002129
M002650,Abandoned Factory,2025-07-12T14:52:58,P001991|P003121
M002651,Abandoned Factory,2025-02-06T20:51:17,P002979|P000339|P002179|P002939
M002652,Abandoned Factory,2025-09-06T13:03:57,P002614|P003064|P000484|P003094
M002653,Backroom - Lucky Star Bar,2025-09-18T22:28:43,P000251|P003111|P000861|P001281|P003031|P003391
M002654,Warehouse District,2025-09-18T18:39:15,P001648|P000938
M002655,Abandoned Factory,2025-01-06T00:03:42,P002598|P001448|P003468|P001538
M002656,Warehouse District,2025-12-29T21:02:39,P000981|P003071|P001011|P001091|P001151|P000201
M002657,Storage Facility 12,2025-10-16T05:25:11,P000448|P002928|P001068|P001018|P002518
M002658,Parking Garage B,2025-09-13T09:51:37,P002919|P001739|P003309|P000249|P000579|P002799
M002659,Private Villa,2025-12-31T14:19:39,P001114|P001594|P001464|P000984|P001834|P001494
M002660,Parking Garage B,2025-04-26T23:19:16,P000103|P002433|P002363|P000123|P001103
M002661,Backroom - Lucky Star Bar,2025-08-10T17:33:39,P000701|P003381|P002521
M002662,Riverside Docks,2025-11-06T23:16:43,P003413|P002303|P000833|P001353|P000933
M002663,Riverside Docks,2025-03-03T02:05:22,P000299|P001409|P000659|P003099|P001759
M002664,Parking Garage B,2025-06-07T22:03:31,P001009|P000209|P003169
M002665,Parking Garage B,2025-09-14T18:36:08,P000505|P000055|P000395|P002965|P000215|P000605
M002666,Parking Garage B,2025-02-17T06:16:43,P002465|P001565|P000595|P001245|P000675
M002667,Private Villa,2025-05-22T22:52:29,P000174|P001414|P000604
M002668,Storage Facility 12,2025-11-08T21:29:58,P000407|P002457|P001707
M002669,Riverside Docks,2025-06-20T18:56:27,P002936|P001736
M002670,Abandoned Factory,2025-03-16T12:34:17,P003300|P000990
M002671,Parking Garage B,2025-02-22T08:00:58,P001173|P000743
M002672,Downtown Cafe,2025-02-01T14:16:34,P002785|P000585
M002673,Abandoned Factory,2025-03-11T11:03:54,P000084|P001634|P002284|P003314|P000324
M002674,Storage Facility 12,2025-06-29T15:03:35,P000496|P000016|P002176|P000816|P000626|P003236
M002675,Riverside Docks,2025-08-01T06:37:58,P001462|P001582|P002032|P000422
M002676,Warehouse District,2025-02-13T18:16:02,P001118|P002768|P001598|P002368|P001658|P002148
M002677,Warehouse District,2025-10-04T10:03:46,P001581|P000901|P001761|P002951|P003221
M002678,Riverside Docks,2025-02-26T15:17:47,P000633|P000773|P003393|P001363|P002003|P000363
M002679,Private Villa,2025-11-03T00:00:32,P003209|P001959|P000919|P000769|P000529|P000089
M002680,Parking Garage B,2025-10-31T05:28:23,P002691|P000551|P001131
M002681,Parking Garage B,2025-11-20T05:24:42,P000877|P000677
M002682,Backroom - Lucky Star Bar,2025-07-27T08:59:22,P000232|P002502
M002683,Backroom - Lucky Star Bar,2025-01-21T22:36:00,P002754|P000544|P002514|P001654|P000574
M002684,Abandoned Factory,2025-10-16T05:05:03,P002206|P002016|P002666
M002685,Storage Facility 12,2025-07-01T01:39:42,P002816|P003316|P000336|P000086
M002686,Warehouse District,2025-05-21T19:49:26,P001717|P001897|P001677|P000077|P001167|P002077
M002687,Riverside Docks,2025-08-16T02:07:26,P002354|P000634
M002688,Warehouse District,2025-05-14T20:10:41,P000129|P001509|P002819|P001049|P001709|P000239
M002689,Storage Facility 12,2025-12-11T02:32:05,P003315|P002525
M002690,Storage Facility 12,2025-01-20T01:50:38,P001543|P002743
M002691,Downtown Cafe,2025-09-30T05:34:13,P003110|P000390|P002870|P000400|P002440
M002692,Riverside Docks,2025-09-18T13:51:20,P000457|P002007|P001007|P001637|P002657
M002693,Abandoned Factory,2025-07-06T07:11:49,P002492|P003022|P000502|P002532
M002694,Warehouse District,2025-12-07T23:26:40,P001670|P000340|P002930|P001320
M002695,Riverside Docks,2025-03-03T10:34:25,P002162|P000312
M002696,Riverside Docks,2025-01-18T21:20:10,P002889|P002139|P000699|P000999
M002697,Backroom - Lucky Star Bar,2025-05-22T12:57:12,P003101|P000661
M002698,Storage Facility 12,2025-09-26T16:09:52,P002339|P001359
M002699,Private Villa,2025-12-04T05:45:01,P000807|P001097
M002700,Parking Garage B,2025-11-26T11:32:59,P003342|P002382
M002701,Downtown Cafe,2025-07-27T23:39:33,P001258|P002768
M002702,Warehouse District,2025-07-27T17:22:44,P002556|P002436|P002616
M002703,Storage Facility 12,2025-06-09T22:50:05,P001439|P002529|P003259|P003139|P000109
M002704,Riverside Docks,2025-06-23T12:09:51,P001986|P000776|P002816
M002705,Warehouse District,2025-07-17T20:36:40,P000634|P002834|P002514|P002794|P001634|P003044
M002706,Private Villa,2025-02-22T21:02:50,P002788|P000868|P002768|P001298|P001308
M002707,Downtown Cafe,2025-10-07T02:40:55,P002539|P001419|P001099|P001929|P000739
M002708,Storage Facility 12,2025-08-02T14:48:05,P002596|P002436|P000866
M002709,Parking Garage B,2025-10-04T05:32:50,P002843|P001233|P001533|P001963|P000983
M002710,Downtown Cafe,2025-05-20T21:04:44,P000439|P001029|P000699|P000739
M002711,Storage Facility 12,2025-04-05T14:47:25,P002637|P003277|P002847|P001887
M002712,Private Villa,2025-01-12T04:38:22,P003429|P000059
M002713,Riverside Docks,2025-08-20T21:46:17,P002218|P000528|P002128|P001868|P002908
M002714,Parking Garage B,2025-08-23T06:01:48,P002565|P000725
M002715,Private Villa,2025-11-06T17:25:31,P000174|P002124|P001024|P000414|P002554
M002716,Warehouse District,2025-04-27T01:04:16,P000436|P000206
M002717,Private Villa,2025-10-30T12:54:37,P000387|P003067|P003277|P000167|P002007
M002718,Riverside Docks,2025-08-09T15:47:58,P000915|P000095|P003265|P001175|P001875
M002719,Parking Garage B,2025-10-23T22:41:07,P003493|P002823|P002213|P000863|P002893
M002720,Riverside Docks,2025-05-31T07:20:49,P001503|P002263|P003253|P002383
M002721,Abandoned Factory,2025-01-04T07:23:27,P001067|P003487|P000467|P002497|P002957|P001747
M002722,Storage Facility 12,2025-10-03T20:59:35,P002523|P000723|P001993
M002723,Storage Facility 12,2025-07-26T11:36:11,P001873|P002103
M002724,Abandoned Factory,2025-08-15T07:11:10,P000954|P001394|P001354|P002484|P000404|P002244
M002725,Parking Garage B,2025-03-18T07:52:46,P002964|P001974|P003274|P000714
M002726,Abandoned Factory,2025-09-09T19:08:54,P000778|P003218|P001208|P002768|P002008|P003038
M002727,Abandoned Factory,2025-05-27T18:53:52,P001139|P003299|P001029|P001829|P003179|P001379
M002728,Parking Garage B,2025-02-22T10:40:05,P003075|P001795|P000345|P000085|P000215
M002729,Parking Garage B,2025-08-02T04:40:37,P001008|P001738
M002730,Abandoned Factory,2025-05-17T16:56:37,P000933|P003423|P000623|P001503
M002731,Backroom - Lucky Star Bar,2025-03-28T09:23:43,P000391|P001451|P002201|P002931|P002801
M002732,Abandoned Factory,2025-11-30T00:51:36,P000113|P000263|P002543|P002943
M002733,Abandoned Factory,2025-10-04T18:58:34,P000537|P003177
M002734,Private Villa,2025-06-19T07:30:34,P001147|P001687
M002735,Private Villa,2025-03-10T17:20:18,P000091|P001191|P000431|P000211|P002251|P003271
M002736,Parking Garage B,2025-12-18T01:45:07,P000059|P003159|P000689
M002737,Backroom - Lucky Star Bar,2025-01-13T00:30:10,P003073|P000783|P001963|P000143
M002738,Storage Facility 12,2025-10-08T15:53:22,P002502|P001502|P001382
M002739,Abandoned Factory,2025-07-29T03:29:05,P001063|P002143|P001733|P000413
M002740,Warehouse District,2025-03-23T17:25:30,P002186|P002396|P000946|P001326
M002741,Backroom - Lucky Star Bar,2025-06-09T07:52:37,P002935|P002705|P002485|P002545|P001575|P000525
M002742,Abandoned Factory,2025-07-09T18:39:20,P000384|P003024|P001434|P001764|P002724|P003184
M002743,Private Villa,2025-03-06T10:18:02,P002568|P003108
M002744,Backroom - Lucky Star Bar,2025-01-20T02:29:22,P002888|P000858|P002178|P002948
M002745,Riverside Docks,2025-04-07T08:34:04,P000630|P001920|P000950
M002746,Riverside Docks,2025-01-18T10:25:33,P002634|P003094|P002134
M002747,Storage Facility 12,2025-12-06T03:56:20,P001985|P002865|P002095|P002965|P002455
M002748,Downtown Cafe,2025-12-08T15:07:47,P000719|P002739|P002159|P001429|P002869
M002749,Downtown Cafe,2025-11-29T09:41:23,P002164|P000944|P002114
M002750,Warehouse District,2025-05-17T21:57:43,P000839|P002939
M002751,Downtown Cafe,2025-08-04T19:25:36,P001692|P000432|P002112|P001852|P000682|P003352
M002752,Abandoned Factory,2025-10-28T17:37:40,P001460|P001590|P002340
M002753,Storage Facility 12,2025-10-07T01:04:14,P001629|P002139|P001099
M002754,Abandoned Factory,2025-11-18T10:10:58,P000693|P001603
M002755,Downtown Cafe,2025-02-12T19:36:52,P002663|P001703|P002213|P001013
M002756,Riverside Docks,2025-10-18T00:54:30,P003176|P002366|P000416|P001996|P001316
M002757,Storage Facility 12,2025-07-06T08:41:35,P001993|P001853|P001393|P002473
M002758,Private Villa,2025-09-03T22:16:15,P001355|P001005|P000445|P002365
M002759,Storage Facility 12,2025-08-23T01:16:26,P002708|P001818|P002898
M002760,Riverside Docks,2025-09-03T13:18:24,P000342|P000162|P002012|P001622|P000232|P000722
M002761,Riverside Docks,2025-09-25T15:39:36,P001088|P002018|P002378|P000608|P002258|P003358
M002762,Private Villa,2025-12-28T16:24:38,P000142|P001462|P000002
M002763,Parking Garage B,2025-01-30T07:53:00,P001079|P002589|P001459
M002764,Private Villa,2025-07-09T06:08:16,P000724|P000244|P000144|P002924
M002765,Parking Garage B,2025-04-20T22:53:07,P002945|P002475|P003175|P003275|P001505
M002766,Private Villa,2025-12-01T22:06:24,P001370|P000500|P003040|P002080
M002767,Abandoned Factory,2025-03-31T15:03:34,P001731|P000271
M002768,Parking Garage B,2025-11-01T01:19:43,P002722|P000372|P002392|P001102|P002532
M002769,Storage Facility 12,2025-08-25T16:18:14,P002179|P001809|P002089|P000139|P001179
M002770,Storage Facility 12,2025-01-07T03:21:13,P000329|P003279|P001319|P002259|P001949|P001149
M002771,Abandoned Factory,2025-01-29T18:04:36,P000805|P002475|P003245
M002772,Riverside Docks,2025-03-25T21:54:02,P002214|P000884
M002773,Abandoned Factory,2025-11-27T04:04:01,P000345|P003275|P001495
M002774,Abandoned Factory,2025-10-18T13:41:14,P002691|P003331|P002001|P000251|P002461
M002775,Downtown Cafe,2025-07-30T09:55:37,P001227|P000097
M002776,Abandoned Factory,2025-09-01T04:01:38,P001441|P003351|P000501
M002777,Warehouse District,2025-09-28T22:48:36,P003062|P000382
M002778,Riverside Docks,2025-04-19T17:32:51,P003492|P003392|P000632|P003092
M002779,Private Villa,2025-04-17T16:57:32,P002043|P002953
M002780,Parking Garage B,2025-01-18T19:41:39,P001055|P002485|P000645|P002745|P000725|P001685
M002781,Storage Facility 12,2025-09-11T11:37:50,P001377|P000517|P002397|P001207
M002782,Parking Garage B,2025-12-05T08:20:24,P001342|P003102
M002783,Private Villa,2025-05-25T15:49:41,P003073|P002963|P002073|P002853|P003103|P000093
M002784,Backroom - Lucky Star Bar,2025-10-27T16:48:22,P001325|P002075|P001915|P002395|P001935
M002785,Riverside Docks,2025-10-15T01:55:38,P003215|P002355
M002786,Private Villa,2025-01-01T02:16:28,P002412|P000252|P000222|P002592|P001752|P000292
M002787,Private Villa,2025-04-16T09:18:16,P002471|P003001
M002788,Riverside Docks,2025-07-28T03:07:15,P001780|P001050|P001590|P001800
M002789,Backroom - Lucky Star Bar,2025-06-02T19:30:47,P003100|P000160|P001300|P003320|P001800
M002790,Private Villa,2025-04-18T09:06:07,P003429|P000699|P001099|P002459|P000409|P000769
M002791,Warehouse District,2025-08-06T00:14:01,P000718|P001448|P002018|P000668|P002198
M002792,Riverside Docks,2025-11-24T07:55:17,P000597|P003077|P002877|P000497|P002107|P002407
M002793,Backroom - Lucky Star Bar,2025-06-20T03:05:25,P001872|P002122|P001782|P000942|P001802
M002794,Downtown Cafe,2025-03-31T13:06:18,P002055|P002605|P000265|P001035
M002795,Private Villa,2025-04-15T17:04:09,P000891|P002301|P001141|P001821|P001731|P002201
M002796,Storage Facility 12,2025-01-10T01:27:03,P002225|P001155|P002115|P000415|P001965
M002797,Backroom - Lucky Star Bar,2025-06-06T14:55:52,P000896|P000396|P001686|P000266|P002816
M002798,Warehouse District,2025-12-07T23:17:23,P001255|P001835|P002475
M002799,Storage Facility 12,2025-06-25T23:50:41,P000077|P003437|P002197|P002087|P001907|P000317
M002800,Storage Facility 12,2025-03-28T10:59:18,P003024|P002344
M002801,Downtown Cafe,2025-02-14T22:57:12,P000986|P003456|P001046|P002446
M002802,Riverside Docks,2025-11-30T19:21:02,P000419|P001759|P000569|P003049|P002099|P000189
M002803,Storage Facility 12,2025-03-05T07:27:17,P002557|P003457|P002797
M002804,Downtown Cafe,2025-01-26T01:42:37,P002596|P000806
M002805,Storage Facility 12,2025-02-26T03:09:12,P000196|P002146|P001766|P001826|P003246
M002806,Private Villa,2025-07-04T10:21:48,P001778|P002228|P000758|P002038
M002807,Warehouse District,2025-11-07T20:15:34,P002011|P000011|P002131
M002808,Parking Garage B,2025-04-22T17:46:22,P003477|P002777|P001927
M002809,Riverside Docks,2025-08-19T07:38:32,P000102|P002142|P001282
M002810,Riverside Docks,2025-10-22T15:28:39,P001902|P003332|P001572|P002532
M002811,Riverside Docks,2025-03-26T05:54:19,P002890|P003270
M002812,Backroom - Lucky Star Bar,2025-11-24T15:02:33,P000685|P000595|P000075|P002505
M002813,Storage Facility 12,2025-05-23T15:09:20,P001490|P000460|P002510
M002814,Private Villa,2025-10-13T15:05:38,P003357|P002227|P000207
M002815,Downtown Cafe,2025-08-19T20:33:55,P002789|P000039
M002816,Parking Garage B,2025-06-24T08:31:52,P001803|P000953|P003143
M002817,Abandoned Factory,2025-11-15T02:14:27,P000134|P000854
M002818,Parking Garage B,2025-02-10T14:32:35,P000347|P001487|P002487|P003327|P003217|P000177
M002819,Private Villa,2025-03-25T22:22:02,P002429|P001439|P003249|P000739|P000169
M002820,Downtown Cafe,2025-12-01T00:58:39,P000711|P003281|P000131|P000411|P000101|P002211
M002821,Downtown Cafe,2025-10-04T10:43:49,P000073|P000603|P003073|P002193
M002822,Private Villa,2025-06-16T09:18:46,P002358|P003488|P002798|P001438
M002823,Parking Garage B,2025-05-05T04:07:01,P000207|P001947|P000377
M002824,Riverside Docks,2025-04-21T12:28:57,P001708|P001268|P000578|P002898
M002825,Backroom - Lucky Star Bar,2025-02-25T00:41:53,P002039|P000859|P002269|P003229|P002209|P001479
M002826,Warehouse District,2025-01-12T02:28:26,P002860|P002450|P003480|P000250|P001850
M002827,Warehouse District,2025-04-24T10:57:15,P000892|P002192
M002828,Riverside Docks,2025-09-21T12:19:17,P002868|P001858|P000808|P002328|P000828|P001138
M002829,Backroom - Lucky Star Bar,2025-10-29T06:46:27,P001029|P000209|P001189
M002830,Warehouse District,2025-02-07T19:56:02,P003436|P002366|P000286|P001896
M002831,Parking Garage B,2025-05-02T12:14:40,P002233|P002213|P001283|P000373|P000963
M002832,Parking Garage B,2025-06-14T06:01:30,P002186|P001906|P003476|P003326|P003246|P002286
M002833,Warehouse District,2025-08-26T21:30:45,P000489|P001759|P000249|P000079|P002899|P000859
M002834,Riverside Docks,2025-05-07T07:34:01,P001422|P000672|P002062|P002582|P001912|P000882
M002835,Private Villa,2025-05-04T21:15:43,P000702|P003132|P000432
M002836,Storage Facility 12,2025-12-13T02:56:03,P000304|P001384
M002837,Private Villa,2025-01-26T05:51:50,P003441|P000021|P000451
M002838,Parking Garage B,2025-09-21T09:46:48,P000340|P002700|P002800|P003070|P000800
M002839,Parking Garage B,2025-05-03T22:55:49,P002915|P003425|P003435
M002840,Riverside Docks,2025-10-23T02:52:40,P002916|P002706|P000996
M002841,Private Villa,2025-12-02T23:53:26,P000712|P002332|P001692|P003192|P000812
M002842,Storage Facility 12,2025-10-19T05:00:15,P000444|P002024|P001854|P000834
M002843,Abandoned Factory,2025-10-14T14:11:22,P002511|P001351|P000981|P003221|P003021|P001011
M002844,Downtown Cafe,2025-10-23T15:18:18,P000525|P000895|P000045|P000675|P001725
M002845,Parking Garage B,2025-07-30T16:50:10,P002583|P000343
M002846,Storage Facility 12,2025-12-18T20:36:26,P002535|P001735|P002815|P000125|P001355
M002847,Parking Garage B,2025-12-17T09:49:45,P000202|P000442|P002502
M002848,Downtown Cafe,2025-08-04T17:59:23,P000416|P002336|P003156|P002576
M002849,Parking Garage B,2025-09-14T02:52:04,P003201|P003421|P000491|P002231|P000211|P002551
M002850,Parking Garage B,2025-06-15T03:26:40,P001877|P002997|P001497|P002847
M002851,Storage Facility 12,2025-02-10T12:30:45,P003048|P002638|P000058|P001578
M002852,Downtown Cafe,2025-01-30T17:59:06,P002450|P002830|P001470|P000370
M002853,Backroom - Lucky Star Bar,2025-06-24T21:59:44,P002276|P000736|P000746
M002854,Parking Garage B,2025-04-14T21:22:10,P003005|P002615|P000005|P000565|P000735
M002855,Abandoned Factory,2025-09-10T09:16:12,P000053|P002803|P002243
M002856,Backroom - Lucky Star Bar,2025-06-06T12:38:09,P003373|P002353
M002857,Parking Garage B,2025-05-02T23:03:12,P000532|P002632|P001542|P003232|P000702|P000762
M002858,Private Villa,2025-01-28T17:52:46,P002631|P002191|P002861|P001611|P000161
M002859,Storage Facility 12,2025-04-10T20:43:23,P003119|P003259|P000909
M002860,Abandoned Factory,2025-08-26T01:10:07,P001971|P000891|P000521|P003291|P003111|P001301
M002861,Warehouse District,2025-06-26T02:18:39,P002594|P000864|P003164|P002504|P001024
M002862,Downtown Cafe,2025-04-17T20:43:09,P000221|P003171|P002941|P000061|P002021|P000021
M002863,Private Villa,2025-02-02T22:48:08,P003114|P000444|P002934|P001464|P002254|P002764
M002864,Abandoned Factory,2025-05-23T15:07:17,P000071|P002111|P001061|P002201|P000581|P000081
M002865,Downtown Cafe,2025-11-26T20:13:19,P001121|P001041|P001961|P002461|P003081
M002866,Backroom - Lucky Star Bar,2025-02-18T01:13:31,P002357|P002467|P003187|P000637|P001687
M002867,Storage Facility 12,2025-12-02T23:49:51,P001044|P002074|P002604|P001004|P001144|P003094
M002868,Warehouse District,2025-03-26T18:39:44,P002673|P000183|P003113
M002869,Warehouse District,2025-08-31T14:13:31,P002182|P002992|P000932|P002932
M002870,Storage Facility 12,2025-06-21T23:09:25,P003073|P003053|P002093|P003443|P002393|P002163
M002871,Backroom - Lucky Star Bar,2025-05-17T12:33:11,P002311|P001961|P000381
M002872,Backroom - Lucky Star Bar,2025-04-06T06:51:10,P001293|P000893|P000843|P000653|P003133
M002873,Storage Facility 12,2025-06-22T22:58:57,P001723|P002563|P003053|P002643|P001753
M002874,Abandoned Factory,2025-02-07T00:25:48,P001902|P000352|P001882|P002162
M002875,Storage Facility 12,2025-03-20T18:08:37,P001122|P000042|P001402|P002452|P000452
M002876,Parking Garage B,2025-12-01T07:32:08,P000269|P003009|P000549
M002877,Riverside Docks,2025-06-28T15:41:32,P001517|P002257|P001407|P001737|P002587
M002878,Parking Garage B,2025-11-14T00:38:20,P001876|P001056|P002366|P002986|P001306|P001806
M002879,Abandoned Factory,2025-06-05T21:48:46,P002528|P000668|P003408|P001608|P002828|P001918
M002880,Backroom - Lucky Star Bar,2025-05-22T22:50:41,P002899|P001979|P002479|P002759|P001299
M002881,Parking Garage B,2025-04-20T05:26:24,P002488|P002438
M002882,Private Villa,2025-06-15T18:57:42,P000981|P001981|P000441|P001451|P001911
M002883,Parking Garage B,2025-06-05T23:29:49,P002571|P003471|P001951|P001661
M002884,Storage Facility 12,2025-11-14T01:57:12,P003265|P003105|P000925|P002585|P000775
M002885,Abandoned Factory,2025-08-26T16:51:02,P001194|P000214|P001394
M002886,Backroom - Lucky Star Bar,2025-06-29T20:54:28,P000630|P002650
M002887,Private Villa,2025-11-10T18:43:04,P000883|P003323|P003483|P001813|P001463
M002888,Backroom - Lucky Star Bar,2025-03-14T13:25:05,P000174|P000904|P001324|P000024
M002889,Storage Facility 12,2025-07-24T13:10:19,P000138|P001408
M002890,Parking Garage B,2025-08-24T09:54:59,P000390|P002660|P000690|P000510|P003280|P003410
M002891,Downtown Cafe,2025-03-04T21:53:19,P001587|P001207|P002457|P002707|P002337
M002892,Private Villa,2025-12-21T10:28:24,P000071|P003001|P001771
M002893,Parking Garage B,2025-09-13T05:35:34,P001267|P000687|P002997
M002894,Abandoned Factory,2025-05-22T16:17:46,P003190|P001130|P000520|P001420|P000360|P000590
M002895,Parking Garage B,2025-04-06T05:26:16,P000745|P002775|P000645|P003255|P001495
M002896,Parking Garage B,2025-04-15T08:30:22,P002937|P002917|P000137
M002897,Parking Garage B,2025-07-16T21:09:46,P003434|P001354|P000494|P001304
M002898,Private Villa,2025-11-18T08:34:27,P000995|P000825|P002255|P003105|P000045
M002899,Parking Garage B,2025-08-15T20:58:21,P003328|P001248|P002098|P000548
M002900,Private Villa,2025-11-18T02:09:23,P003338|P002818|P002358|P001638|P002798|P000798
M002901,Riverside Docks,2025-11-29T12:21:41,P002433|P001773|P000893|P001343
M002902,Downtown Cafe,2025-01-26T13:07:26,P000090|P003130|P000570
M002903,Warehouse District,2025-10-13T22:14:47,P001101|P003091|P001381|P001691
M002904,Abandoned Factory,2025-10-05T14:31:40,P002826|P002866|P000096
M002905,Parking Garage B,2025-07-25T14:56:40,P001322|P003062|P002422|P001062|P002912
M002906,Downtown Cafe,2025-01-18T19:17:14,P002237|P000897|P000427
M002907,Backroom - Lucky Star Bar,2025-05-10T13:18:03,P002599|P002099|P002319|P000329
M002908,Warehouse District,2025-04-01T16:15:43,P001338|P001088
M002909,Riverside Docks,2025-10-28T02:48:58,P000006|P002106|P002156|P001656
M002910,Riverside Docks,2025-08-23T17:47:42,P002680|P003110|P001910|P001780|P002830
M002911,Warehouse District,2025-02-28T17:51:12,P002883|P001203|P001913|P000473|P002323|P003083
M002912,Abandoned Factory,2025-09-16T02:09:11,P001576|P002576
M002913,Private Villa,2025-12-19T16:34:25,P002834|P002314|P001674|P002064|P002584
M002914,Riverside Docks,2025-04-11T00:47:03,P000679|P001049
M002915,Parking Garage B,2025-01-21T04:46:29,P001674|P002594
M002916,Warehouse District,2025-06-22T09:25:54,P002035|P002875|P001605|P000445
M002917,Private Villa,2025-05-16T13:15:55,P002114|P003394
M002918,Riverside Docks,2025-07-29T23:50:56,P000435|P001825|P000425|P002915
M002919,Warehouse District,2025-03-11T23:48:53,P002331|P002971|P002221|P001361|P000291|P002021
M002920,Warehouse District,2025-09-10T12:10:43,P001344|P001604|P000814|P001904|P001284
M002921,Downtown Cafe,2025-01-31T08:41:22,P002966|P000696|P001656|P003366|P002636|P001196
M002922,Warehouse District,2025-09-20T18:16:47,P000432|P000592|P001902
M002923,Storage Facility 12,2025-12-03T14:24:58,P001873|P000543
M002924,Storage Facility 12,2025-03-13T18:08:42,P002022|P000152
M002925,Backroom - Lucky Star Bar,2025-02-09T09:30:21,P000075|P003085|P000615
M002926,Parking Garage B,2025-12-08T23:12:57,P001972|P001502|P001722|P001672|P001012
M002927,Parking Garage B,2025-07-06T16:47:11,P003321|P000231
M002928,Parking Garage B,2025-11-30T08:00:33,P002843|P002893|P001273
M002929,Riverside Docks,2025-04-04T22:30:31,P000323|P000113|P003213|P002503
M002930,Riverside Docks,2025-08-11T11:39:05,P000135|P000605|P001205
M002931,Abandoned Factory,2025-05-02T03:39:53,P002907|P002397
M002932,Riverside Docks,2025-03-30T20:34:18,P001586|P000146
M002933,Warehouse District,2025-08-05T02:37:34,P003413|P000563
M002934,Storage Facility 12,2025-08-24T08:23:37,P000369|P000189
M002935,Abandoned Factory,2025-04-29T19:10:50,P002828|P000598|P002848|P002948|P001378|P001588
M002936,Abandoned Factory,2025-06-05T11:44:00,P001716|P002906|P001626|P001046|P000586
M002937,Downtown Cafe,2025-10-03T16:33:10,P001193|P000713
M002938,Backroom - Lucky Star Bar,2025-06-24T12:35:15,P000400|P000250|P000740|P000490
M002939,Parking Garage B,2025-02-26T07:43:33,P000883|P001603
M002940,Riverside Docks,2025-09-29T04:21:11,P001337|P000067|P000887
M002941,Parking Garage B,2025-09-11T07:46:49,P001190|P002030|P001450|P003080|P000370
M002942,Warehouse District,2025-03-25T12:08:40,P002509|P000219|P002019|P003009|P001479|P002169
M002943,Riverside Docks,2025-06-05T01:18:10,P000587|P002697
M002944,Backroom - Lucky Star Bar,2025-06-11T02:04:00,P000282|P002892|P002112|P000702|P003292|P001682
M002945,Riverside Docks,2025-10-31T17:33:44,P003047|P000947|P003247|P000957
M002946,Riverside Docks,2025-07-01T14:22:29,P002634|P003114|P001474
M002947,Private Villa,2025-09-29T15:29:30,P002177|P000547|P002347|P001997|P002317|P003477
M002948,Storage Facility 12,2025-08-22T17:19:45,P003458|P003438
M002949,Warehouse District,2025-01-02T17:33:01,P000111|P002741|P002611|P001711|P001731
M002950,Abandoned Factory,2025-07-03T00:51:08,P003212|P002922|P000892|P003192|P001922
M002951,Riverside Docks,2025-01-16T13:49:42,P001405|P003075|P000675|P002905|P002995
M002952,Private Villa,2025-03-11T22:37:46,P002712|P000232|P000682
M002953,Backroom - Lucky Star Bar,2025-01-04T13:48:01,P001207|P002897|P002807|P001957|P002067|P002047
M002954,Storage Facility 12,2025-09-16T16:26:37,P000172|P000042|P002492|P001182|P001752
M002955,Storage Facility 12,2025-08-26T18:28:18,P003143|P001673|P001603|P001883|P000133|P002943
M002956,Parking Garage B,2025-02-24T11:25:30,P000661|P001781
M002957,Parking Garage B,2025-03-25T08:12:12,P002077|P000517|P001067|P001577
M002958,Warehouse District,2025-12-06T10:13:30,P001866|P001216|P002016|P000056
M002959,Private Villa,2025-09-21T08:26:18,P001587|P001337|P000437|P002997|P003407
M002960,Parking Garage B,2025-06-30T22:09:41,P000084|P002064|P002104|P000424|P000104|P001974
M002961,Private Villa,2025-06-09T02:36:17,P000389|P002809
M002962,Abandoned Factory,2025-11-20T16:52:40,P002733|P003103|P001183|P003363
M002963,Parking Garage B,2025-03-28T09:34:55,P000906|P003156
M002964,Storage Facility 12,2025-04-15T13:56:43,P003471|P003131
M002965,Riverside Docks,2025-05-22T01:28:14,P001631|P000201|P000171
M002966,Private Villa,2025-06-19T08:19:57,P002495|P001255
M002967,Backroom - Lucky Star Bar,2025-09-24T19:21:30,P000600|P003160|P000540|P001530|P000200
M002968,Riverside Docks,2025-07-02T05:01:55,P002419|P000739|P002809
M002969,Backroom - Lucky Star Bar,2025-08-10T08:43:49,P000697|P002327|P003127|P000927|P001587|P000667
M002970,Abandoned Factory,2025-04-26T09:09:36,P000033|P003233|P001103|P001083
M002971,Parking Garage B,2025-04-03T01:45:03,P001737|P002367|P001667
M002972,Storage Facility 12,2025-03-11T22:02:55,P000832|P002122|P002832
M002973,Private Villa,2025-10-23T19:56:46,P002458|P000768|P001878
M002974,Storage Facility 12,2025-02-07T22:27:11,P001354|P000154|P000464|P002594|P001324|P001544
M002975,Abandoned Factory,2025-11-09T16:11:34,P000260|P003070
M002976,Parking Garage B,2025-02-04T07:48:40,P003238|P000528
M002977,Downtown Cafe,2025-08-18T02:05:26,P002277|P000367|P001647|P001497|P002357
M002978,Abandoned Factory,2025-12-31T11:55:41,P002126|P001506
M002979,Downtown Cafe,2025-12-17T09:38:32,P001056|P001906|P003116
M002980,Private Villa,2025-09-04T05:14:49,P002143|P001223|P000543|P003383
M002981,Abandoned Factory,2025-01-18T21:46:27,P002926|P002786|P002896|P002736
M002982,Parking Garage B,2025-06-06T07:38:55,P000897|P001957|P001347
M002983,Riverside Docks,2025-05-20T11:29:33,P001682|P001172|P000332
M002984,Parking Garage B,2025-03-20T16:12:49,P001007|P000377|P001767
M002985,Warehouse District,2025-02-27T02:20:29,P001258|P001068|P001378|P003358|P001118
M002986,Storage Facility 12,2025-11-02T21:53:58,P002815|P000005|P000625|P001285|P002455|P001925
M002987,Warehouse District,2025-11-25T08:42:59,P000137|P001307|P002677
M002988,Private Villa,2025-12-27T13:51:29,P003230|P000900|P000560|P000330
M002989,Warehouse District,2025-03-27T10:59:00,P003079|P000289|P002919|P001869
M002990,Riverside Docks,2025-05-04T01:38:16,P002971|P000241|P002111|P000491|P003421
M002991,Abandoned Factory,2025-04-23T00:37:05,P000319|P001359
M002992,Private Villa,2025-10-23T18:15:18,P000295|P000735|P001725|P002555|P000135
M002993,Warehouse District,2025-02-18T14:46:18,P000047|P001657|P002027|P002167|P000647
M002994,Warehouse District,2025-12-08T14:00:24,P002073|P000303|P000133
M002995,Backroom - Lucky Star Bar,2025-10-12T01:29:23,P000613|P000763|P003073|P001063
M002996,Parking Garage B,2025-09-04T07:20:25,P002294|P003144|P000154|P003014|P001694
M002997,Backroom - Lucky Star Bar,2025-07-30T12:08:54,P001207|P002127|P002147|P000417
M002998,Riverside Docks,2025-01-11T22:29:42,P003013|P001473|P003403|P003293
M002999,Warehouse District,2025-08-31T10:31:49,P003210|P001620|P002050|P003080|P002330
M003000,Private Villa,2025-11-19T19:31:12,P000100|P002320|P000080|P000930
M003001,Riverside Docks,2025-05-12T02:23:57,P001330|P000200|P000330
M003002,Abandoned Factory,2025-07-12T14:31:45,P002937|P001407
M003003,Private Villa,2025-01-31T23:34:17,P002210|P001130|P001630|P001020|P002620|P003170
M003004,Storage Facility 12,2025-01-16T12:23:23,P001546|P003216|P001676|P002786|P002466|P000486
M003005,Backroom - Lucky Star Bar,2025-05-27T22:15:44,P000081|P000811
M003006,Backroom - Lucky Star Bar,2025-09-29T04:08:18,P001394|P003164|P003134|P002644|P002074
M003007,Private Villa,2025-12-13T08:13:02,P000672|P000492
M003008,Parking Garage B,2025-02-05T23:57:50,P002013|P003483
M003009,Private Villa,2025-03-04T12:11:33,P001240|P001690|P002120
M003010,Private Villa,2025-12-07T19:58:35,P002118|P001858|P000378|P002968|P002008
M003011,Riverside Docks,2025-11-08T01:33:11,P002032|P001492|P003122|P000132|P000972|P000722
M003012,Downtown Cafe,2025-01-02T08:41:35,P000854|P002284|P000164|P001264|P001544
M003013,Backroom - Lucky Star Bar,2025-10-30T23:05:50,P002931|P001301|P002611|P001871|P000611
M003014,Warehouse District,2025-09-22T19:07:33,P000433|P001203|P002143|P000613
M003015,Private Villa,2025-10-16T07:00:58,P001800|P002850|P003440|P001770|P000560
M003016,Storage Facility 12,2025-09-28T18:16:33,P001876|P000166
M003017,Abandoned Factory,2025-09-08T14:13:34,P001759|P001729|P003399
M003018,Abandoned Factory,2025-12-21T19:46:21,P000655|P002475|P000045|P000545|P001935|P002865
M003019,Downtown Cafe,2025-12-11T23:14:44,P001991|P000861|P002291|P000351
M003020,Parking Garage B,2025-09-09T23:17:03,P002932|P002872|P000882|P000242|P002692|P002912
M003021,Storage Facility 12,2025-05-30T05:10:02,P000938|P000478
M003022,Storage Facility 12,2025-12-03T09:56:03,P002334|P000964|P002674|P000044
M003023,Private Villa,2025-05-07T21:31:34,P000020|P001890|P002630|P001090
M003024,Private Villa,2025-02-14T21:08:26,P003246|P000836|P001256|P002376
M003025,Abandoned Factory,2025-12-21T06:33:50,P002751|P003431
M003026,Backroom - Lucky Star Bar,2025-08-18T05:16:00,P000392|P001342|P000342|P002212|P002352|P003062
M003027,Abandoned Factory,2025-08-04T01:06:50,P003246|P001756|P002306|P000936|P003336|P002636
M003028,Private Villa,2025-12-23T02:38:56,P002110|P001530
M003029,Warehouse District,2025-04-28T19:01:48,P000416|P001786
M003030,Abandoned Factory,2025-11-10T18:41:15,P002585|P002415|P002595|P000175|P000285
M003031,Backroom - Lucky Star Bar,2025-12-30T16:32:12,P002457|P000157
M003032,Parking Garage B,2025-05-14T17:37:28,P000569|P003069|P001719
M003033,Warehouse District,2025-12-04T12:24:52,P002940|P001520|P000070|P003390|P001300|P001600
M003034,Parking Garage B,2025-03-15T17:14:56,P000756|P002096|P003106|P001296
M003035,Downtown Cafe,2025-04-27T03:23:02,P001265|P003245|P002185
M003036,Parking Garage B,2025-11-07T05:39:50,P001235|P001975|P001225|P003215
M003037,Downtown Cafe,2025-09-26T12:25:08,P002841|P000481|P002811|P000221
M003038,Riverside Docks,2025-09-26T22:46:39,P001254|P001324|P002364
M003039,Backroom - Lucky Star Bar,2025-09-30T18:35:33,P000659|P001599|P001359|P002449|P001629
M003040,Storage Facility 12,2025-06-06T10:01:57,P002614|P002474|P002164|P002774|P000934
M003041,Backroom - Lucky Star Bar,2025-07-11T01:02:33,P003307|P002257|P003317|P001417|P000927|P003007
M003042,Parking Garage B,2025-01-19T13:07:00,P001627|P000847
M003043,Riverside Docks,2025-10-10T03:01:48,P000628|P000568|P001228
M003044,Abandoned Factory,2025-10-16T00:20:44,P000140|P000010|P003370|P000700|P002450|P001650
M003045,Downtown Cafe,2025-08-29T20:55:29,P001944|P002544|P002514
M003046,Backroom - Lucky Star Bar,2025-02-26T09:45:59,P001683|P000803|P001933|P000103|P001963|P000483
M003047,Downtown Cafe,2025-04-15T17:24:31,P003246|P001796|P001986|P002666|P002836|P002766
M003048,Storage Facility 12,2025-12-04T14:32:00,P001225|P003325|P000985|P001665|P002005
M003049,Warehouse District,2025-04-30T13:50:11,P000073|P001023|P002363|P001053|P001913|P000603
M003050,Storage Facility 12,2025-09-10T14:48:31,P000267|P002737|P002567
M003051,Storage Facility 12,2025-05-18T04:14:19,P002520|P003320|P002040|P002430
M003052,Storage Facility 12,2025-05-29T12:51:20,P000133|P002513|P001233
M003053,Storage Facility 12,2025-08-07T13:13:34,P002756|P002706|P001116
M003054,Downtown Cafe,2025-08-16T09:33:16,P001798|P002258|P000818|P002858|P002598
M003055,Backroom - Lucky Star Bar,2025-08-15T22:40:44,P001105|P001885|P002285|P001285
M003056,Riverside Docks,2025-09-02T14:41:57,P003382|P000622|P001382|P000302
M003057,Storage Facility 12,2025-09-13T05:44:54,P000118|P001828|P000858
M003058,Storage Facility 12,2025-10-05T15:35:13,P001023|P000103|P001623|P002503
M003059,Parking Garage B,2025-03-05T04:16:45,P001041|P003491|P002101
M003060,Private Villa,2025-01-10T21:11:35,P001284|P000034
M003061,Parking Garage B,2025-03-16T12:48:08,P001963|P002243|P002703|P000773
M003062,Warehouse District,2025-06-14T12:58:00,P000132|P002012|P001822
M003063,Backroom - Lucky Star Bar,2025-10-28T06:33:36,P000765|P002105|P002525|P003375|P002925|P002475
M003064,Riverside Docks,2025-02-04T14:53:46,P001549|P001739|P000539
M003065,Downtown Cafe,2025-01-21T19:08:12,P002188|P002698|P001618|P002198|P003058|P002428
M003066,Storage Facility 12,2025-01-17T10:00:39,P002814|P001004
M003067,Warehouse District,2025-11-15T21:03:08,P000770|P002720|P000390|P001300|P000270
M003068,Abandoned Factory,2025-08-29T09:55:48,P002504|P003034|P002954|P000054
M003069,Storage Facility 12,2025-06-21T04:37:37,P000069|P000569|P002939|P003309|P002169
M003070,Parking Garage B,2025-06-15T20:05:53,P002074|P002874
M003071,Abandoned Factory,2025-07-31T08:18:30,P000706|P002546|P000126|P003326|P000576
M003072,Storage Facility 12,2025-11-06T07:35:05,P000013|P000093|P002093|P002473|P001473
M003073,Abandoned Factory,2025-03-26T08:01:36,P002716|P001606|P002146
M003074,Riverside Docks,2025-01-26T04:47:44,P003006|P001616|P000216
M003075,Backroom - Lucky Star Bar,2025-06-09T10:17:05,P001838|P003258
M003076,Private Villa,2025-08-28T13:42:24,P000491|P002191
M003077,Backroom - Lucky Star Bar,2025-11-19T18:40:00,P001312|P002092
M003078,Backroom - Lucky Star Bar,2025-05-09T04:12:17,P002637|P002927|P001827
M003079,Private Villa,2025-07-28T05:06:40,P000254|P002504|P000634|P003494|P003314
M003080,Riverside Docks,2025-10-22T03:35:56,P000793|P002553|P002883|P002603
M003081,Backroom - Lucky Star Bar,2025-01-31T06:09:09,P001215|P000655|P000555|P003485|P002885
M003082,Parking Garage B,2025-11-27T18:57:48,P000055|P003075|P002655
M003083,Riverside Docks,2025-04-29T01:34:30,P000155|P003455|P000025|P002425|P001945|P001995
M003084,Riverside Docks,2025-11-01T11:54:44,P002206|P001546|P003186|P003136
M003085,Warehouse District,2025-07-06T04:37:44,P002922|P001612|P000112|P001582|P000002
M003086,Backroom - Lucky Star Bar,2025-04-19T15:58:26,P002842|P000292|P002342|P002702
M003087,Warehouse District,2025-10-23T20:18:01,P003441|P000941|P002731|P000691
M003088,Private Villa,2025-06-26T15:45:51,P003244|P001054
M003089,Backroom - Lucky Star Bar,2025-09-11T17:07:01,P002286|P001866|P000146|P001856|P001256
M003090,Storage Facility 12,2025-04-04T11:33:21,P002412|P001562
M003091,Storage Facility 12,2025-08-29T19:32:06,P001865|P003415|P000795|P002455|P002975
M003092,Downtown Cafe,2025-10-07T11:34:23,P001416|P001656|P003016|P001436
M003093,Storage Facility 12,2025-08-19T21:29:10,P001474|P001494|P001084|P002334
M003094,Backroom - Lucky Star Bar,2025-06-23T08:55:03,P002844|P001104|P002894|P002334
M003095,Parking Garage B,2025-12-11T09:37:48,P002725|P000785|P000015|P000655
M003096,Backroom - Lucky Star Bar,2025-07-11T06:12:51,P003352|P002832
M003097,Private Villa,2025-06-08T02:27:14,P000352|P000792|P000842|P000942|P002942|P003032
M003098,Parking Garage B,2025-10-18T16:31:05,P000170|P003110|P003000|P003030
M003099,Abandoned Factory,2025-10-19T16:47:05,P001736|P000516|P003366|P003146
M003100,Riverside Docks,2025-11-03T14:21:40,P002326|P000996|P001296|P003426|P000006
M003101,Riverside Docks,2025-11-25T18:09:59,P002789|P001609|P002939|P002399|P002959
M003102,Warehouse District,2025-07-08T02:43:37,P000559|P002259|P000459
M003103,Riverside Docks,2025-08-27T12:35:17,P001960|P003360
M003104,Abandoned Factory,2025-04-28T14:13:49,P000227|P002187|P002647|P001037|P000387|P001787
M003105,Parking Garage B,2025-07-18T03:52:05,P002383|P002223|P001273|P002763|P001013|P000463
M003106,Backroom - Lucky Star Bar,2025-08-18T19:37:25,P001255|P000465
M003107,Backroom - Lucky Star Bar,2025-02-26T05:29:22,P001540|P000670|P002620
M003108,Parking Garage B,2025-04-21T10:58:31,P000025|P001235
M003109,Private Villa,2025-04-06T00:27:21,P000489|P003009|P000539|P000269|P001019
M003110,Parking Garage B,2025-07-18T13:25:52,P001508|P000498
M003111,Parking Garage B,2025-10-14T21:26:50,P001602|P001852|P002532
M003112,Parking Garage B,2025-09-03T09:20:43,P001009|P002589|P002049
M003113,Storage Facility 12,2025-05-30T16:28:04,P001252|P002912
M003114,Downtown Cafe,2025-10-18T22:12:20,P002273|P000513|P000553|P001983
M003115,Backroom - Lucky Star Bar,2025-04-28T15:26:42,P001257|P002727|P001697
M003116,Private Villa,2025-07-30T15:40:49,P000615|P002865|P001445|P000985|P003045
M003117,Riverside Docks,2025-05-06T16:14:09,P002812|P000272|P002652
M003118,Parking Garage B,2025-11-20T01:15:06,P002652|P000522|P002442
M003119,Abandoned Factory,2025-10-04T22:36:49,P001321|P002731|P000621|P000141
M003120,Backroom - Lucky Star Bar,2025-08-12T14:11:13,P001050|P003210|P003470
M003121,Downtown Cafe,2025-05-27T20:37:03,P003122|P000232
M003122,Private Villa,2025-10-28T07:03:35,P000195|P001655|P001155|P001575|P000575|P003215
M003123,Riverside Docks,2025-06-18T16:15:17,P002997|P001937|P002487|P001347|P002107|P000357
M003124,Warehouse District,2025-08-28T13:09:48,P001983|P001093
M003125,Private Villa,2025-02-17T22:00:58,P000224|P000804|P003144
M003126,Riverside Docks,2025-07-11T00:13:13,P000733|P001373|P001833
M003127,Private Villa,2025-08-01T17:50:17,P001164|P001294|P001034|P000644|P002114
M003128,Abandoned Factory,2025-12-28T00:06:44,P003186|P001886|P002906|P001946|P002286
M003129,Parking Garage B,2025-10-25T22:52:19,P000628|P001908|P002588
M003130,Private Villa,2025-02-19T02:27:21,P003358|P001328|P003478
M003131,Private Villa,2025-01-27T02:39:41,P002480|P000700|P003130|P000250|P001020|P001130
M003132,Private Villa,2025-06-30T16:04:14,P002675|P000765|P000785|P001375
M003133,Storage Facility 12,2025-12-31T03:47:20,P000572|P002172|P001532|P000962|P001562
M003134,Downtown Cafe,2025-03-05T08:57:05,P001958|P001028|P000138|P002138|P000158|P001858
M003135,Storage Facility 12,2025-12-17T10:15:44,P002445|P002395|P003025|P000215|P001325
M003136,Warehouse District,2025-12-21T02:14:12,P001278|P001868|P001268|P000348|P000908|P002048
M003137,Private Villa,2025-05-10T14:49:47,P001733|P000053
M003138,Private Villa,2025-03-24T12:02:12,P000007|P001407|P002537|P001677
M003139,Abandoned Factory,2025-09-04T02:20:48,P001339|P002229|P000209|P000829|P002939
M003140,Parking Garage B,2025-08-06T14:08:25,P003034|P002524
M003141,Private Villa,2025-08-04T05:58:19,P000409|P001589
M003142,Parking Garage B,2025-04-24T15:29:26,P002386|P001706|P001216|P001376|P000016
M003143,Private Villa,2025-04-23T10:38:17,P002328|P002418|P003168|P001858|P000868|P001748
M003144,Riverside Docks,2025-11-22T04:26:10,P001762|P003002|P001382|P002572
M003145,Private Villa,2025-03-03T05:31:25,P001384|P000654|P002074|P003104|P002724
M003146,Warehouse District,2025-10-04T17:10:57,P002476|P001026|P002156|P000176|P003286|P001986
M003147,Abandoned Factory,2025-09-22T15:03:53,P000069|P000109|P000469|P000319
M003148,Warehouse District,2025-05-23T07:10:48,P002177|P000437|P003387
M003149,Backroom - Lucky Star Bar,2025-07-22T11:28:01,P001979|P002779|P002189|P000829
M003150,Storage Facility 12,2025-01-17T23:53:33,P001137|P000147
M003151,Private Villa,2025-05-06T20:41:30,P001081|P002951|P001271|P002131
M003152,Parking Garage B,2025-09-04T12:56:32,P001115|P003145|P000025|P002765
M003153,Abandoned Factory,2025-01-19T03:38:21,P003324|P002464
M003154,Backroom - Lucky Star Bar,2025-06-09T22:10:45,P001783|P002243|P000113|P001603|P002533
M003155,Riverside Docks,2025-07-19T06:26:39,P002884|P001854
M003156,Storage Facility 12,2025-06-22T18:18:06,P002720|P001950|P001470|P000950
M003157,Warehouse District,2025-12-19T17:35:15,P002863|P000573
M003158,Private Villa,2025-08-07T20:16:13,P002586|P000286
M003159,Warehouse District,2025-02-15T20:29:58,P002042|P001902|P000902
M003160,Downtown Cafe,2025-06-26T01:50:54,P000418|P001798|P002428
M003161,Storage Facility 12,2025-06-09T03:08:17,P000630|P000110|P002480|P001200|P002830|P002060
M003162,Backroom - Lucky Star Bar,2025-03-27T10:07:55,P001678|P003408|P003398|P002098|P001858
M003163,Private Villa,2025-09-26T21:05:08,P003025|P002125
M003164,Storage Facility 12,2025-02-24T13:06:57,P000398|P000458|P001688|P002918|P001578
M003165,Riverside Docks,2025-08-03T19:13:38,P001310|P000420|P000650|P001820
M003166,Downtown Cafe,2025-08-06T13:34:25,P003062|P003122|P002452
M003167,Abandoned Factory,2025-03-23T13:58:54,P000187|P003077
M003168,Abandoned Factory,2025-03-23T11:25:41,P002919|P001429
M003169,Private Villa,2025-07-04T23:46:30,P000549|P002959
M003170,Riverside Docks,2025-05-15T12:36:43,P001123|P002363|P001103|P000793|P001953|P001483
M003171,Parking Garage B,2025-10-10T00:21:22,P001162|P000822
M003172,Backroom - Lucky Star Bar,2025-06-22T11:20:24,P003157|P003167
M003173,Warehouse District,2025-03-29T07:03:55,P002222|P000132
M003174,Private Villa,2025-01-25T14:12:46,P000444|P000904|P000094|P003334
M003175,Abandoned Factory,2025-04-17T05:18:51,P001993|P000853
M003176,Riverside Docks,2025-09-20T03:28:27,P002945|P003355|P000985|P001675
M003177,Backroom - Lucky Star Bar,2025-10-27T05:41:34,P001362|P001972
M003178,Abandoned Factory,2025-05-26T00:21:52,P000893|P003233|P003313|P002073|P001903
M003179,Riverside Docks,2025-07-11T10:09:52,P000376|P001776|P000336|P001816|P001426|P002636
M003180,Downtown Cafe,2025-03-06T05:53:23,P001337|P001497|P001917|P001027
M003181,Private Villa,2025-04-22T08:56:19,P002699|P001999|P002299|P001879
M003182,Warehouse District,2025-01-14T01:27:52,P000273|P001723|P000843
M003183,Private Villa,2025-08-26T06:35:25,P002616|P002376
M003184,Warehouse District,2025-06-25T09:35:46,P000360|P000160|P000400|P002600|P000720
M003185,Warehouse District,2025-04-15T11:28:41,P000468|P002438|P000798|P001858|P002148|P001228
M003186,Warehouse District,2025-10-08T22:47:32,P003240|P001440|P003490
M003187,Downtown Cafe,2025-11-13T18:22:31,P002697|P002137|P000407|P001147
M003188,Riverside Docks,2025-08-13T12:08:38,P001515|P000275|P003085|P001685|P000655|P002405
M003189,Abandoned Factory,2025-07-11T09:22:27,P001432|P001612
M003190,Storage Facility 12,2025-08-06T22:59:41,P001989|P003099|P002969|P003179|P000229
M003191,Private Villa,2025-12-18T18:46:48,P001159|P001079|P001509
M003192,Abandoned Factory,2025-06-28T14:45:03,P003410|P000570|P003290|P001940|P002650|P000320
M003193,Downtown Cafe,2025-08-05T00:53:52,P001350|P001700|P003340|P002440|P002760
M003194,Private Villa,2025-02-12T23:51:30,P002095|P001015|P003045
M003195,Downtown Cafe,2025-05-08T01:21:02,P002231|P003451|P002611|P002281
M003196,Warehouse District,2025-10-05T11:46:53,P001697|P003417
M003197,Storage Facility 12,2025-07-12T00:13:56,P001802|P003172|P002352
M003198,Private Villa,2025-02-11T11:40:29,P002466|P000366
M003199,Downtown Cafe,2025-03-24T06:50:26,P003448|P002878
M003200,Backroom - Lucky Star Bar,2025-06-08T16:54:11,P001482|P001602|P001522|P003392
M003201,Parking Garage B,2025-08-25T18:11:32,P000766|P000906|P001696|P002676
M003202,Parking Garage B,2025-05-21T20:18:58,P002840|P000030|P002750
M003203,Warehouse District,2025-03-11T14:12:51,P001559|P002659|P001829
M003204,Riverside Docks,2025-07-11T21:13:20,P001501|P001441|P002341|P002721|P002761|P001231
M003205,Abandoned Factory,2025-09-20T20:36:55,P001103|P003493|P000213
M003206,Riverside Docks,2025-02-07T11:53:22,P000440|P001540|P001730|P003350|P002870
M003207,Abandoned Factory,2025-01-08T14:39:06,P003201|P003481|P002121|P003331|P002741|P002701
M003208,Abandoned Factory,2025-09-10T00:31:34,P000684|P002334|P000724|P002374|P002514
M003209,Riverside Docks,2025-05-23T17:41:46,P000554|P001574|P000964|P003434
M003210,Riverside Docks,2025-12-04T03:51:05,P001212|P003392|P002062
M003211,Riverside Docks,2025-11-28T08:24:39,P000650|P002050|P001480
M003212,Riverside Docks,2025-10-04T01:07:15,P003456|P001536|P001886|P001036
M003213,Abandoned Factory,2025-07-05T10:45:50,P003329|P001719|P002809
M003214,Backroom - Lucky Star Bar,2025-08-07T05:32:29,P002246|P003026|P003336|P003386|P003286
M003215,Warehouse District,2025-12-21T08:46:50,P003318|P002078|P001488|P001038|P002058
M003216,Riverside Docks,2025-06-18T21:35:35,P001535|P001355|P002715|P002045|P003365|P001815
M003217,Backroom - Lucky Star Bar,2025-01-07T03:06:52,P002270|P000430|P000260
M003218,Downtown Cafe,2025-04-21T20:38:20,P000698|P002688|P000928|P000498|P000408|P000918
M003219,Parking Garage B,2025-04-13T05:49:05,P000285|P002385|P001535|P000015
M003220,Warehouse District,2025-10-30T07:01:55,P001604|P001824
M003221,Warehouse District,2025-07-21T02:48:35,P000947|P000147|P000637|P002987|P003447|P002197
M003222,Backroom - Lucky Star Bar,2025-07-27T18:58:29,P002066|P002566|P002156|P001506
M003223,Warehouse District,2025-12-07T08:12:52,P002611|P001001|P000231|P002731
M003224,Downtown Cafe,2025-04-22T05:33:08,P000127|P001407|P002267|P000727
M003225,Parking Garage B,2025-06-14T03:11:28,P002554|P003154|P003194|P002624|P000674
M003226,Private Villa,2025-07-15T21:33:07,P000345|P003385|P000945|P002335|P000245|P003015
M003227,Warehouse District,2025-10-08T17:35:06,P001748|P001508|P002938
M003228,Warehouse District,2025-10-24T18:04:02,P002312|P001552|P000152|P002302|P000242|P003352
M003229,Downtown Cafe,2025-03-16T01:48:10,P000810|P000640|P000370|P001880
M003230,Parking Garage B,2025-04-29T15:27:41,P000097|P001497|P000937
M003231,Backroom - Lucky Star Bar,2025-10-30T02:35:14,P001400|P002090|P000130|P001700|P000570
M003232,Abandoned Factory,2025-03-13T05:33:13,P001614|P000254|P000554
M003233,Storage Facility 12,2025-08-08T11:04:11,P001523|P001123
M003234,Storage Facility 12,2025-03-11T11:21:38,P001214|P000084|P001334|P002874
M003235,Storage Facility 12,2025-07-29T08:34:59,P002863|P002633|P001673|P000523
M003236,Private Villa,2025-07-06T17:25:35,P000308|P000888|P001318
M003237,Riverside Docks,2025-07-17T09:36:21,P000013|P002073|P002943
M003238,Riverside Docks,2025-04-16T21:18:57,P002835|P003115
M003239,Warehouse District,2025-10-16T04:11:09,P002102|P000642|P002832|P000392|P000432
M003240,Abandoned Factory,2025-12-11T18:25:30,P001763|P000103
M003241,Backroom - Lucky Star Bar,2025-05-03T07:40:12,P001884|P002454|P000294
M003242,Riverside Docks,2025-08-23T00:09:53,P001094|P001034
M003243,Private Villa,2025-11-10T01:14:00,P003380|P001330|P002550|P002880|P003420
M003244,Storage Facility 12,2025-05-21T18:54:28,P002064|P000224|P003244|P001224
M003245,Private Villa,2025-05-16T03:30:50,P003300|P000750|P003110|P001620|P001200
M003246,Riverside Docks,2025-06-07T12:30:52,P000535|P002965|P000665|P003105|P000645
M003247,Storage Facility 12,2025-03-25T22:34:38,P001936|P001846
M003248,Riverside Docks,2025-01-03T18:05:35,P003118|P003148|P001318|P002358
M003249,Storage Facility 12,2025-04-29T22:19:48,P000733|P001383|P000673
M003250,Downtown Cafe,2025-12-04T06:40:32,P001118|P002788
M003251,Backroom - Lucky Star Bar,2025-09-17T09:16:49,P001821|P000861|P001531
M003252,Downtown Cafe,2025-08-05T09:02:01,P000957|P002147|P001037|P000307|P001587
M003253,Parking Garage B,2025-04-18T10:15:36,P001023|P003443|P000223|P001183
M003254,Private Villa,2025-04-28T02:22:36,P001587|P000027
M003255,Riverside Docks,2025-12-27T06:56:07,P001598|P002858|P000458|P000938|P000348|P001278
M003256,Parking Garage B,2025-04-09T13:40:59,P001908|P000018|P002788
M003257,Riverside Docks,2025-02-05T07:20:13,P002174|P000394|P000324
M003258,Backroom - Lucky Star Bar,2025-04-17T14:08:48,P000097|P000987|P000017|P000427|P001527|P002497
M003259,Downtown Cafe,2025-12-16T17:22:15,P001917|P003027|P002737|P001767
M003260,Private Villa,2025-09-04T12:03:10,P003322|P003222|P002112
M003261,Abandoned Factory,2025-02-22T04:47:05,P002684|P001384|P000574|P000464|P000094|P003004
M003262,Private Villa,2025-08-11T01:49:11,P000665|P001215|P000375|P001855|P000075
M003263,Warehouse District,2025-07-22T07:49:44,P002515|P000295|P001715|P002135
M003264,Abandoned Factory,2025-04-06T01:41:26,P000692|P000002|P000922|P000822|P000952|P002702
M003265,Backroom - Lucky Star Bar,2025-10-18T17:41:45,P000411|P001101
M003266,Warehouse District,2025-10-25T03:54:37,P000298|P000178
M003267,Private Villa,2025-09-10T07:16:03,P000069|P002089|P003209|P002279|P000869|P002559
M003268,Parking Garage B,2025-10-25T22:17:02,P003257|P002007|P001627|P002577
M003269,Private Villa,2025-07-08T09:22:40,P003247|P000047|P002627
M003270,Downtown Cafe,2025-09-24T01:03:24,P002634|P000974
M003271,Parking Garage B,2025-07-05T04:58:43,P002313|P001723
M003272,Private Villa,2025-07-10T21:31:08,P001708|P002218|P000038
M003273,Backroom - Lucky Star Bar,2025-10-16T17:30:44,P001705|P001965|P001825|P001335
M003274,Private Villa,2025-01-16T17:14:30,P001344|P003064|P000194|P003104|P003154|P000304
M003275,Abandoned Factory,2025-12-15T21:37:29,P001423|P001433|P002713|P000273|P000853|P001713
M003276,Warehouse District,2025-05-28T15:47:44,P002525|P000615
M003277,Backroom - Lucky Star Bar,2025-01-05T09:36:11,P001010|P000920
M003278,Private Villa,2025-06-22T18:49:51,P000410|P001360|P002910
M003279,Abandoned Factory,2025-11-08T14:39:03,P000091|P000621|P003201
M003280,Parking Garage B,2025-05-16T15:37:02,P002539|P000769
M003281,Riverside Docks,2025-04-10T22:02:05,P002340|P000380
M003282,Backroom - Lucky Star Bar,2025-02-02T16:31:54,P000012|P000132|P000982|P002972|P001702|P001812
M003283,Storage Facility 12,2025-06-25T10:52:18,P000054|P001404|P000104|P001774
M003284,Warehouse District,2025-04-04T08:54:20,P001315|P000205|P002915
M003285,Downtown Cafe,2025-05-29T02:10:57,P002659|P000009|P003179|P002419|P000849
M003286,Storage Facility 12,2025-07-28T11:47:59,P000781|P000341|P002241|P002511|P000331
M003287,Abandoned Factory,2025-04-24T12:47:58,P000751|P001111|P003161|P000601|P002261
M003288,Abandoned Factory,2025-07-05T07:35:45,P002635|P001205|P002385
M003289,Private Villa,2025-06-24T10:11:02,P003321|P000701
M003290,Parking Garage B,2025-07-01T07:01:35,P000784|P002284
M003291,Warehouse District,2025-06-13T19:14:47,P001816|P001496|P000446
M003292,Backroom - Lucky Star Bar,2025-03-01T09:49:48,P002740|P002250|P001640|P000130|P003140|P002750
M003293,Parking Garage B,2025-03-02T23:13:36,P000460|P002560
M003294,Warehouse District,2025-04-09T03:32:39,P001173|P003233|P003483
M003295,Private Villa,2025-01-30T06:45:42,P001893|P000723|P003273|P001653|P001053|P001713
M003296,Riverside Docks,2025-08-08T19:39:09,P002018|P003118|P002368|P001958|P003428|P001908
M003297,Private Villa,2025-08-22T10:12:37,P003035|P000735|P003015|P003235
M003298,Backroom - Lucky Star Bar,2025-09-15T02:57:55,P001068|P002428|P001458
M003299,Abandoned Factory,2025-07-25T05:01:22,P003485|P002075|P000425
M003300,Riverside Docks,2025-05-08T20:24:22,P001931|P001091|P003261|P003181
M003301,Downtown Cafe,2025-04-03T23:33:03,P002360|P001460|P000190
M003302,Downtown Cafe,2025-10-27T03:29:21,P001579|P000479
M003303,Downtown Cafe,2025-08-23T16:29:00,P001750|P000130|P000530
M003304,Parking Garage B,2025-01-04T07:48:32,P001803|P001103|P002043|P002933|P000143
M003305,Storage Facility 12,2025-02-22T02:32:00,P001003|P002483|P001363|P003193|P002403
M003306,Parking Garage B,2025-10-07T03:10:24,P002219|P003389
M003307,Abandoned Factory,2025-08-12T06:28:45,P001909|P001759|P002779|P001099|P000969
M003308,Parking Garage B,2025-09-22T02:24:30,P003019|P001269
M003309,Downtown Cafe,2025-04-11T01:48:56,P000679|P000959|P000619|P001179|P003139|P002119
M003310,Warehouse District,2025-05-19T18:15:41,P001896|P001496|P001086|P003406|P002576
M003311,Parking Garage B,2025-08-06T14:37:40,P000527|P000667|P002037|P002437|P001167|P003167
M003312,Downtown Cafe,2025-03-23T20:22:15,P002251|P000451
M003313,Abandoned Factory,2025-12-26T20:18:26,P002933|P002553|P002283|P003013|P002203
M003314,Backroom - Lucky Star Bar,2025-03-23T06:48:57,P003203|P002853
M003315,Abandoned Factory,2025-05-07T08:23:33,P000595|P001685
M003316,Riverside Docks,2025-03-13T11:12:15,P002849|P003449|P000859
M003317,Downtown Cafe,2025-02-10T09:42:21,P003161|P002481|P002051
M003318,Abandoned Factory,2025-11-10T05:49:53,P002592|P002192|P000892
M003319,Warehouse District,2025-12-24T09:39:10,P001769|P003259|P003239|P000049|P000519|P001639
M003320,Abandoned Factory,2025-11-20T12:07:11,P002231|P000481
M003321,Riverside Docks,2025-11-24T03:29:08,P003286|P002296
M003322,Parking Garage B,2025-01-23T05:26:40,P003002|P000332
M003323,Parking Garage B,2025-04-20T05:22:15,P003410|P000390|P003250|P003110|P003320
M003324,Backroom - Lucky Star Bar,2025-05-01T00:50:41,P001054|P001784
M003325,Warehouse District,2025-10-05T06:27:10,P001970|P002200|P003040|P000420|P001050
M003326,Private Villa,2025-05-07T12:57:44,P001033|P002713|P002073|P002703
M003327,Private Villa,2025-08-08T06:32:33,P000374|P001144|P000474
M003328,Storage Facility 12,2025-11-21T23:08:23,P002792|P003092|P002422
M003329,Private Villa,2025-03-02T06:13:39,P002389|P002319|P000239
M003330,Abandoned Factory,2025-06-07T00:22:53,P003048|P001688|P000868|P000378
M003331,Storage Facility 12,2025-08-10T06:32:24,P001181|P003281|P000481|P002701
M003332,Backroom - Lucky Star Bar,2025-02-26T01:39:02,P002355|P002165|P003245|P002725|P000045
M003333,Abandoned Factory,2025-11-24T16:28:46,P001038|P001228|P002208
M003334,Warehouse District,2025-03-31T00:47:13,P001112|P000402|P003192|P002292|P000032
M003335,Downtown Cafe,2025-06-01T04:19:21,P002243|P001843|P002533
M003336,Storage Facility 12,2025-07-16T14:07:11,P000423|P002433|P001283|P003413|P002363|P002983
M003337,Backroom - Lucky Star Bar,2025-04-08T08:06:38,P002772|P002232|P003232
M003338,Parking Garage B,2025-06-02T13:58:42,P000952|P003352|P000902|P003262|P002702|P001092
M003339,Backroom - Lucky Star Bar,2025-03-05T20:18:13,P000678|P000748|P002218|P000908
M003340,Parking Garage B,2025-12-08T22:35:58,P002168|P002598|P002118
M003341,Private Villa,2025-03-18T14:24:11,P000600|P001690|P001180
M003342,Abandoned Factory,2025-10-21T06:02:43,P000889|P003069|P001339
M003343,Abandoned Factory,2025-11-09T17:30:26,P000854|P003064|P003224|P000704
M003344,Private Villa,2025-11-24T01:03:34,P002820|P002280|P001280|P000750|P002790
M003345,Riverside Docks,2025-11-06T18:22:49,P001203|P002543|P003133|P001113|P000073|P000793
M003346,Private Villa,2025-10-25T14:03:16,P002837|P002037|P000477
M003347,Private Villa,2025-11-16T09:58:24,P000041|P000611|P000781|P002711
M003348,Abandoned Factory,2025-04-30T12:53:33,P000930|P002070|P003450
M003349,Parking Garage B,2025-10-26T09:54:23,P002208|P002108|P000758|P003128|P002118|P002058
M003350,Downtown Cafe,2025-07-21T10:30:09,P001795|P003075|P003275
M003351,Downtown Cafe,2025-02-16T20:51:44,P002956|P002636|P003406|P003296
M003352,Backroom - Lucky Star Bar,2025-10-18T11:54:38,P002878|P000018
M003353,Backroom - Lucky Star Bar,2025-07-12T16:25:16,P001562|P000672|P002722|P003432|P002732|P002572
M003354,Abandoned Factory,2025-02-04T03:29:13,P002946|P001776|P002936
M003355,Private Villa,2025-11-29T20:54:49,P000943|P000683|P003353|P002693|P000133
M003356,Downtown Cafe,2025-03-08T05:46:03,P000074|P001094|P002204
M003357,Downtown Cafe,2025-10-29T00:46:51,P003161|P001001|P001231|P001951|P002311
M003358,Riverside Docks,2025-11-08T22:19:36,P002155|P000485
M003359,Abandoned Factory,2025-01-06T10:38:38,P000344|P000434|P000534|P000354|P003394|P002164
M003360,Private Villa,2025-08-18T11:12:18,P000271|P002731|P001731
M003361,Riverside Docks,2025-09-07T22:05:10,P003208|P000688
M003362,Downtown Cafe,2025-10-14T00:02:11,P001314|P000794|P003414|P003184
M003363,Parking Garage B,2025-11-30T01:47:00,P000903|P001743|P003333|P002833
M003364,Downtown Cafe,2025-07-11T01:38:22,P002616|P000406|P001196|P003436
M003365,Private Villa,2025-05-30T17:16:26,P000116|P003006|P002266
M003366,Backroom - Lucky Star Bar,2025-06-03T08:28:26,P002002|P000722|P001472|P002102
M003367,Downtown Cafe,2025-12-21T07:48:00,P001082|P000732|P003222|P001002|P002242
M003368,Downtown Cafe,2025-07-23T06:26:53,P002968|P000428|P002438|P000928
M003369,Private Villa,2025-12-12T23:08:23,P002586|P000706|P001976
M003370,Riverside Docks,2025-06-12T19:20:43,P003354|P002654|P000914|P000894|P002614
M003371,Abandoned Factory,2025-06-26T12:31:04,P002810|P002380|P000680|P003020
M003372,Storage Facility 12,2025-09-05T21:16:02,P000821|P001491|P002381|P002651|P002671
M003373,Abandoned Factory,2025-07-31T00:21:57,P001486|P002676
M003374,Backroom - Lucky Star Bar,2025-05-16T18:41:04,P003332|P000322|P002432|P000882|P000332|P000622
M003375,Backroom - Lucky Star Bar,2025-01-01T22:52:35,P000816|P003296|P001856
M003376,Abandoned Factory,2025-07-19T02:23:40,P000725|P000505|P000785|P000925|P003275
M003377,Riverside Docks,2025-04-09T01:15:42,P001239|P000179
M003378,Abandoned Factory,2025-08-26T02:18:06,P001715|P001155|P002295|P000075|P003415|P003115
M003379,Storage Facility 12,2025-01-02T14:26:36,P001277|P001667
M003380,Backroom - Lucky Star Bar,2025-03-14T11:38:21,P003009|P001069|P003239
M003381,Warehouse District,2025-04-07T08:36:41,P000022|P000752
M003382,Warehouse District,2025-06-03T05:24:20,P003222|P000282|P002092|P000292
M003383,Private Villa,2025-02-08T01:15:16,P003189|P001359|P001919|P002069|P003229
M003384,Abandoned Factory,2025-02-10T08:39:16,P001728|P000948|P001758|P001648
M003385,Riverside Docks,2025-10-30T20:30:09,P002351|P001401|P001231
M003386,Downtown Cafe,2025-10-28T15:28:45,P002080|P000400|P002320|P003140|P003230
M003387,Abandoned Factory,2025-06-26T13:17:03,P001058|P003138
M003388,Private Villa,2025-09-20T15:53:45,P002241|P000341|P002731
M003389,Backroom - Lucky Star Bar,2025-12-04T04:53:11,P001983|P001813|P001773
M003390,Riverside Docks,2025-06-09T13:59:12,P000059|P003199|P000409|P001249|P000619|P002849
M003391,Storage Facility 12,2025-11-28T06:01:55,P001294|P002244|P003034|P000484
M003392,Storage Facility 12,2025-06-25T04:08:28,P001595|P001295|P000985
M003393,Abandoned Factory,2025-12-06T04:23:29,P001616|P002766|P002916|P003126|P001456
M003394,Parking Garage B,2025-10-28T13:38:21,P002395|P000105
M003395,Warehouse District,2025-08-18T01:56:18,P000868|P002118|P001388|P000508|P000288
M003396,Private Villa,2025-01-27T01:09:51,P001422|P003482|P000502|P002492|P001472|P001102
M003397,Downtown Cafe,2025-11-12T13:55:57,P001970|P001570|P003230
M003398,Private Villa,2025-08-09T09:01:22,P002086|P001636|P003356|P003176|P003016|P002146
M003399,Parking Garage B,2025-03-12T08:24:16,P002664|P001264|P003354|P001664|P001884|P002054
M003400,Private Villa,2025-02-25T03:26:11,P001833|P001453|P001253
M003401,Private Villa,2025-11-01T11:05:34,P001591|P002391|P003411|P001431|P003231|P001191
M003402,Storage Facility 12,2025-10-18T02:32:24,P000632|P003022|P002072|P001812|P000092
M003403,Warehouse District,2025-10-24T06:03:37,P002186|P001546|P001106|P000796|P001836
M003404,Storage Facility 12,2025-12-04T07:38:19,P001935|P002095|P002765
M003405,Parking Garage B,2025-06-09T08:41:14,P001189|P001239|P001109|P001509|P000789|P002829
M003406,Warehouse District,2025-10-17T17:01:37,P001602|P003452|P001412|P002752|P000192
M003407,Downtown Cafe,2025-08-19T01:50:55,P002928|P002568|P000098|P000378
M003408,Abandoned Factory,2025-03-09T00:35:45,P002383|P000713|P002813|P001133|P001843|P000753
M003409,Abandoned Factory,2025-09-11T06:29:42,P003241|P000831|P001101|P001301|P000221|P002361
M003410,Warehouse District,2025-02-22T18:05:38,P000184|P001344|P002374|P001034|P002864
M003411,Parking Garage B,2025-03-30T01:09:40,P002676|P000086|P003306
M003412,Parking Garage B,2025-02-10T03:46:58,P001384|P000794|P003244|P002394|P000424
M003413,Downtown Cafe,2025-03-22T17:59:15,P002073|P002173
M003414,Backroom - Lucky Star Bar,2025-12-24T16:59:25,P002202|P001942
M003415,Riverside Docks,2025-05-23T07:39:08,P001740|P000510|P003490|P002510
M003416,Riverside Docks,2025-07-14T02:38:45,P001247|P001357
M003417,Riverside Docks,2025-09-13T09:38:58,P000666|P002426|P003486|P001676|P000176
M003418,Warehouse District,2025-05-28T07:21:21,P000773|P000403|P000853
M003419,Abandoned Factory,2025-03-21T21:17:13,P002724|P002924|P000974|P000144|P000614|P002314
M003420,Riverside Docks,2025-06-02T23:18:35,P000332|P000032|P000762|P002632|P000592
M003421,Storage Facility 12,2025-08-29T07:02:15,P002875|P002745|P001265|P000925
M003422,Riverside Docks,2025-08-02T11:16:41,P002332|P000422|P000952|P002372|P000592|P002462
M003423,Parking Garage B,2025-10-10T05:35:20,P002237|P002867|P002567|P001997
M003424,Backroom - Lucky Star Bar,2025-06-22T09:37:02,P000314|P002254|P002184|P002484
M003425,Parking Garage B,2025-07-15T22:59:29,P001990|P003290
M003426,Riverside Docks,2025-03-23T14:31:27,P001830|P000260|P002060|P000770
M003427,Backroom - Lucky Star Bar,2025-11-19T01:36:00,P001313|P002753
M003428,Abandoned Factory,2025-01-27T20:58:32,P000249|P000799|P000309|P002189|P000829|P002429
M003429,Abandoned Factory,2025-05-03T21:10:49,P002273|P003023
M003430,Warehouse District,2025-09-21T09:21:57,P002098|P003398|P000378
M003431,Parking Garage B,2025-08-02T05:51:32,P002821|P002801|P000481|P003461|P001511
M003432,Riverside Docks,2025-10-09T15:50:30,P001381|P003041|P002451|P000981|P002301|P003481
M003433,Parking Garage B,2025-10-01T05:11:40,P001457|P000317|P000967
M003434,Abandoned Factory,2025-05-31T22:25:30,P003325|P002885|P002225|P003195
M003435,Parking Garage B,2025-01-16T04:15:58,P003402|P000242|P003152
M003436,Backroom - Lucky Star Bar,2025-04-02T22:49:27,P001015|P002555|P003265|P000515|P002385
M003437,Backroom - Lucky Star Bar,2025-04-08T13:31:48,P001470|P001590
M003438,Parking Garage B,2025-06-04T22:21:43,P002541|P001431|P002861
M003439,Riverside Docks,2025-11-06T21:41:46,P000744|P001324|P002144|P000914|P000084|P002494
M003440,Downtown Cafe,2025-10-19T16:06:04,P003251|P000341|P002491
M003441,Warehouse District,2025-02-15T23:58:33,P003072|P002112|P000482
M003442,Private Villa,2025-10-03T18:16:04,P001561|P002551|P003241|P003101|P002851
M003443,Private Villa,2025-12-29T16:09:00,P002667|P001127|P000367|P003197
M003444,Backroom - Lucky Star Bar,2025-10-31T19:35:17,P001846|P000216|P003096|P000446|P000806
M003445,Backroom - Lucky Star Bar,2025-01-03T03:42:40,P003017|P001667|P000237
M003446,Private Villa,2025-09-21T18:38:37,P000168|P000118|P002318|P001108
M003447,Abandoned Factory,2025-07-19T22:23:31,P001066|P003176
M003448,Downtown Cafe,2025-08-02T16:18:18,P002463|P000873|P000533|P002323
M003449,Riverside Docks,2025-09-13T05:17:54,P000507|P002487|P001337|P001587|P000887
M003450,Storage Facility 12,2025-09-13T23:07:00,P002090|P001500|P001130|P003110|P000190|P002400
M003451,Warehouse District,2025-07-27T17:09:49,P000736|P000076|P001486|P003136|P002866
M003452,Downtown Cafe,2025-05-10T12:07:03,P000236|P001406|P000406|P003226
M003453,Riverside Docks,2025-12-02T05:37:19,P002727|P002177|P000807
M003454,Abandoned Factory,2025-04-22T16:50:18,P001220|P000660|P001570
M003455,Backroom - Lucky Star Bar,2025-08-18T09:46:26,P003116|P000896|P001076|P000266
M003456,Private Villa,2025-08-13T03:17:25,P002275|P001505|P002655|P003135|P002555|P002195
M003457,Abandoned Factory,2025-12-02T05:16:25,P002460|P002230|P000280|P002430
M003458,Parking Garage B,2025-06-14T01:27:14,P002863|P002953|P001943|P000093|P002113
M003459,Abandoned Factory,2025-12-24T07:58:00,P001476|P000466|P002776|P001276
M003460,Storage Facility 12,2025-07-16T14:36:43,P000425|P000795|P001985|P002535
M003461,Private Villa,2025-01-09T00:01:23,P002924|P002964|P002664
M003462,Parking Garage B,2025-01-17T22:46:19,P001105|P001515|P002405|P000375|P001525
M003463,Parking Garage B,2025-01-02T04:12:15,P002371|P000241
M003464,Backroom - Lucky Star Bar,2025-01-27T00:34:07,P001228|P001168|P000838|P003138
M003465,Riverside Docks,2025-03-19T13:54:44,P000624|P000924|P001224|P001644|P003004|P003234
M003466,Downtown Cafe,2025-01-23T16:42:35,P000578|P001878|P001218|P001868|P002608|P003068
M003467,Riverside Docks,2025-12-17T11:47:59,P002908|P003068|P000418|P003268|P002858
M003468,Private Villa,2025-01-01T23:55:23,P003133|P002383
M003469,Backroom - Lucky Star Bar,2025-06-10T04:27:52,P002426|P000156
M003470,Private Villa,2025-12-13T10:41:22,P000247|P003097|P001357|P001297
M003471,Storage Facility 12,2025-05-07T13:16:41,P002846|P001966
M003472,Riverside Docks,2025-05-28T14:28:45,P003126|P001696|P001816|P002536
M003473,Downtown Cafe,2025-11-12T19:55:22,P001365|P000835|P002675
M003474,Storage Facility 12,2025-06-02T13:20:21,P001239|P001879|P000369|P003359|P002329|P002319
M003475,Private Villa,2025-05-29T23:29:31,P002903|P000203|P001833|P002803
M003476,Backroom - Lucky Star Bar,2025-08-12T05:35:24,P000062|P002712|P001342
M003477,Warehouse District,2025-09-07T22:38:06,P003369|P000699
M003478,Backroom - Lucky Star Bar,2025-12-01T03:52:16,P001147|P002247
M003479,Private Villa,2025-08-17T12:56:53,P001034|P001434|P000294|P003074
M003480,Backroom - Lucky Star Bar,2025-09-30T13:58:54,P001745|P003205|P002995
M003481,Backroom - Lucky Star Bar,2025-03-29T10:04:55,P002156|P003086|P003046|P000726|P000146|P001316
M003482,Storage Facility 12,2025-04-01T23:13:02,P001231|P001871|P001011|P001361|P002561|P001501
M003483,Parking Garage B,2025-11-27T00:30:45,P002706|P002406|P001156|P001696
M003484,Downtown Cafe,2025-12-10T11:02:14,P003339|P001879
M003485,Riverside Docks,2025-08-05T01:26:03,P001135|P001715|P002325
M003486,Backroom - Lucky Star Bar,2025-01-11T23:30:32,P000521|P001771|P000041|P003051|P001281
M003487,Parking Garage B,2025-11-26T21:42:32,P000908|P000478|P001858|P000468|P000628|P002018
M003488,Riverside Docks,2025-11-21T20:29:32,P002436|P002466
M003489,Downtown Cafe,2025-03-04T16:11:16,P002596|P000596|P003316
M003490,Warehouse District,2025-05-27T01:33:46,P002703|P000513|P002223|P000533|P000573|P003273
M003491,Private Villa,2025-01-30T11:59:16,P001227|P000007|P001317|P000947|P002557
M003492,Riverside Docks,2025-11-05T12:05:44,P001622|P003072|P002892|P002172
M003493,Abandoned Factory,2025-07-12T14:35:19,P002822|P001492|P003172
M003494,Backroom - Lucky Star Bar,2025-10-17T07:24:17,P000605|P001895|P001275|P002615|P001345
M003495,Private Villa,2025-05-05T18:37:21,P000983|P003293|P002883|P001143|P002343|P002783
M003496,Storage Facility 12,2025-07-30T14:24:49,P001526|P001596|P001536|P000076|P001276|P001466
M003497,Warehouse District,2025-11-11T15:54:15,P000366|P001306
M003498,Riverside Docks,2025-01-19T09:12:46,P001815|P002905|P001235
M003499,Abandoned Factory,2025-05-01T18:25:56,P001991|P000791|P001001|P002481|P002091|P001101
M003500,Parking Garage B,2025-02-18T21:35:51,P001355|P000565
M003501,Private Villa,2025-04-07T17:03:35,P002648|P003128|P001968|P002038|P001618
M003502,Private Villa,2025-04-30T03:33:42,P000735|P002785|P001075
M003503,Parking Garage B,2025-09-02T06:40:30,P002725|P001865|P000405|P003105|P003295
M003504,Riverside Docks,2025-04-22T18:13:47,P002294|P002224
M003505,Storage Facility 12,2025-10-08T00:01:16,P002352|P002722|P002432|P002942|P002392
M003506,Downtown Cafe,2025-06-27T09:09:54,P002900|P001950|P000830|P000440|P000480|P003410
M003507,Private Villa,2025-02-02T06:04:28,P002818|P001838|P001658|P001348|P000038
M003508,Parking Garage B,2025-08-24T20:21:11,P001297|P002637|P002877|P000617
M003509,Private Villa,2025-11-16T18:49:05,P001091|P000321
M003510,Downtown Cafe,2025-09-05T13:58:59,P000040|P001360
M003511,Warehouse District,2025-04-16T16:27:47,P002364|P003434
M003512,Private Villa,2025-04-15T06:50:51,P001509|P002589|P000559
M003513,Riverside Docks,2025-04-22T19:46:03,P002344|P000124|P002414|P002904
M003514,Downtown Cafe,2025-11-12T05:14:12,P002780|P002350|P001430|P002840|P000410
M003515,Storage Facility 12,2025-08-22T10:29:52,P001313|P000723|P000023|P002573|P002203|P000583
M003516,Storage Facility 12,2025-01-15T14:43:41,P002747|P000697|P001717
M003517,Parking Garage B,2025-03-08T13:56:50,P001276|P000156|P003056|P003336|P001296
M003518,Abandoned Factory,2025-03-23T16:02:09,P001821|P001091|P000821|P002211
M003519,Private Villa,2025-08-30T15:55:55,P002237|P000497
M003520,Storage Facility 12,2025-03-30T23:22:58,P001222|P003232|P000122|P001482|P000802
M003521,Riverside Docks,2025-11-02T04:00:06,P002611|P001331
M003522,Downtown Cafe,2025-11-05T08:39:01,P002430|P001650|P001990|P003460
M003523,Private Villa,2025-08-19T14:40:02,P001745|P003405|P001715
M003524,Storage Facility 12,2025-12-14T22:28:05,P003012|P000822|P000142
M003525,Riverside Docks,2025-02-05T13:11:30,P000043|P002223|P000653|P003413|P000363
M003526,Warehouse District,2025-11-05T12:37:52,P003230|P000410|P000350|P000560|P000790
M003527,Warehouse District,2025-06-24T21:02:24,P001734|P000954
M003528,Abandoned Factory,2025-04-05T04:13:00,P002015|P003125|P002065|P002605|P002235
M003529,Abandoned Factory,2025-12-30T19:07:06,P002768|P000408
M003530,Riverside Docks,2025-08-05T00:56:43,P002838|P002658|P002478|P003028|P002758|P002058
M003531,Parking Garage B,2025-02-03T12:43:17,P002161|P000291|P003191
M003532,Backroom - Lucky Star Bar,2025-10-24T00:02:36,P003245|P001615
M003533,Parking Garage B,2025-10-03T13:23:18,P000174|P000434|P001954|P000834|P001404
M003534,Private Villa,2025-10-26T01:51:46,P000151|P000691|P002331|P001191
M003535,Parking Garage B,2025-09-15T03:26:55,P003405|P003415
M003536,Downtown Cafe,2025-01-16T22:57:32,P000122|P003132|P002952|P002142|P001432
M003537,Riverside Docks,2025-12-30T11:36:27,P000659|P002639
M003538,Abandoned Factory,2025-07-17T22:26:07,P000288|P001828|P000618|P002438|P002758|P002118
M003539,Warehouse District,2025-08-01T00:45:23,P003433|P002883|P002513|P002423|P001293
M003540,Abandoned Factory,2025-05-11T17:55:15,P000789|P000019|P002819|P003009|P001709|P000239
M003541,Private Villa,2025-06-26T20:01:18,P001742|P001052|P002422|P001252
M003542,Storage Facility 12,2025-06-04T06:34:10,P001959|P002409|P001239
M003543,Parking Garage B,2025-06-13T06:02:55,P001442|P002002|P000662|P001522
M003544,Abandoned Factory,2025-08-31T23:10:29,P000795|P000865
M003545,Storage Facility 12,2025-04-04T03:02:19,P003153|P003173|P000373
M003546,Storage Facility 12,2025-05-28T08:04:51,P002788|P001808|P002278
M003547,Warehouse District,2025-12-30T06:05:52,P000535|P001655|P000665
M003548,Downtown Cafe,2025-11-05T06:50:04,P002710|P002240|P003480|P001530|P003460|P002990
M003549,Warehouse District,2025-05-18T09:59:36,P003130|P001290
M003550,Downtown Cafe,2025-03-27T01:21:07,P002874|P002474|P003174|P001854
M003551,Backroom - Lucky Star Bar,2025-05-20T02:47:14,P002567|P001727|P002007|P003217
M003552,Abandoned Factory,2025-09-07T00:10:18,P002332|P001342|P000452|P000362|P000732
M003553,Abandoned Factory,2025-03-28T06:33:41,P003380|P002060|P002240|P002850|P001780|P000740
M003554,Backroom - Lucky Star Bar,2025-01-01T02:20:52,P002616|P000906|P002966
M003555,Storage Facility 12,2025-05-13T01:04:25,P003487|P001057|P003257|P003177|P000757
M003556,Downtown Cafe,2025-05-06T11:23:05,P000297|P002407|P001507
M003557,Parking Garage B,2025-11-17T02:48:35,P002345|P001035|P001155|P001055|P002355
M003558,Abandoned Factory,2025-05-02T09:40:17,P001395|P002045|P002405
M003559,Parking Garage B,2025-06-30T14:47:34,P000797|P000537|P000597|P002617
M003560,Abandoned Factory,2025-02-17T00:19:19,P003169|P000299
M003561,Backroom - Lucky Star Bar,2025-05-05T07:43:54,P002405|P001605
M003562,Riverside Docks,2025-10-16T22:17:14,P000716|P000436|P001296|P002926
M003563,Parking Garage B,2025-01-22T00:25:35,P001366|P002096|P001036|P002316|P002906
M003564,Storage Facility 12,2025-09-03T19:23:25,P002390|P002940|P000740|P000720
M003565,Riverside Docks,2025-06-13T09:23:14,P001132|P003332|P001952|P001722
M003566,Warehouse District,2025-12-12T13:00:12,P003077|P003137|P001627
M003567,Backroom - Lucky Star Bar,2025-08-25T12:06:56,P000582|P002532|P001162|P001412|P001562
M003568,Storage Facility 12,2025-05-18T09:09:15,P000967|P001027
M003569,Warehouse District,2025-05-13T12:33:55,P003186|P000566|P003076|P002716|P000786|P002826
M003570,Private Villa,2025-08-07T14:26:45,P001684|P000574|P000244|P000814
M003571,Storage Facility 12,2025-05-05T01:55:12,P000638|P000408|P002678|P000318|P002838|P002158
M003572,Warehouse District,2025-07-10T07:34:35,P002192|P002912|P001272
M003573,Private Villa,2025-07-25T08:55:38,P001640|P003460
M003574,Downtown Cafe,2025-10-05T04:15:23,P000581|P001681|P000721|P003421|P001051
M003575,Downtown Cafe,2025-02-04T21:33:48,P001757|P002737|P002567
M003576,Parking Garage B,2025-01-15T13:51:14,P000542|P002522|P002192
M003577,Parking Garage B,2025-07-02T08:01:29,P003336|P001336|P000996|P000216
M003578,Private Villa,2025-06-19T20:38:17,P002264|P001764|P002004
M003579,Storage Facility 12,2025-05-09T05:28:34,P001642|P002652|P000382
M003580,Backroom - Lucky Star Bar,2025-11-22T13:01:25,P003227|P000017
M003581,Warehouse District,2025-01-09T21:07:25,P002024|P002294|P001804|P001584|P002534
M003582,Storage Facility 12,2025-08-18T03:29:31,P003351|P001751|P000821
M003583,Storage Facility 12,2025-02-18T21:03:04,P000921|P002951|P000771
M003584,Abandoned Factory,2025-02-15T16:07:50,P002296|P000656|P001956|P001426|P002346
M003585,Storage Facility 12,2025-05-19T18:17:35,P001879|P003269|P002249|P001429
M003586,Downtown Cafe,2025-08-02T03:38:41,P002212|P000862|P002702
M003587,Parking Garage B,2025-07-04T01:26:33,P001445|P001355|P003295
M003588,Abandoned Factory,2025-12-15T17:10:29,P001017|P000507|P000317
M003589,Private Villa,2025-03-26T19:47:45,P001965|P001825|P001235|P001485
M003590,Storage Facility 12,2025-08-26T20:53:53,P000967|P000127|P002817|P002057
M003591,Backroom - Lucky Star Bar,2025-06-29T02:16:18,P001378|P002528|P002078|P002608|P003438|P000128
M003592,Parking Garage B,2025-12-02T18:42:22,P002659|P002999|P000079|P000349|P002339|P001609
M003593,Parking Garage B,2025-05-19T01:58:02,P002431|P003361|P000691|P001171
M003594,Storage Facility 12,2025-11-09T18:00:25,P002424|P002554
M003595,Private Villa,2025-05-13T01:20:20,P002353|P000263
M003596,Warehouse District,2025-05-04T03:41:20,P002697|P002027
M003597,Abandoned Factory,2025-12-16T14:19:26,P002729|P002799|P002209|P000319|P002249
M003598,Abandoned Factory,2025-02-23T00:40:53,P001012|P000172
M003599,Private Villa,2025-05-12T03:25:50,P001394|P001654
M003600,Backroom - Lucky Star Bar,2025-10-22T10:01:16,P000368|P002368|P001368|P000648|P000138|P002098
M003601,Private Villa,2025-09-26T14:41:46,P002314|P002064|P003424|P000064
M003602,Riverside Docks,2025-06-24T17:59:43,P001936|P001546|P002086
M003603,Parking Garage B,2025-04-02T19:40:38,P001038|P003238|P001958
M003604,Downtown Cafe,2025-05-12T18:51:00,P001691|P000191|P002211
M003605,Abandoned Factory,2025-07-18T16:30:14,P001857|P002377
M003606,Warehouse District,2025-07-29T09:38:39,P002589|P002379|P001229|P002139|P002949
M003607,Parking Garage B,2025-01-11T17:51:30,P003275|P000975|P002105|P003035|P002865
M003608,Warehouse District,2025-05-15T12:33:24,P000101|P002721|P001431|P001931
M003609,Private Villa,2025-10-04T17:04:56,P000840|P001110|P001640|P002560
M003610,Riverside Docks,2025-04-16T02:53:19,P002577|P000437|P002607|P003337
M003611,Riverside Docks,2025-05-13T03:46:51,P000122|P002882|P002232
M003612,Riverside Docks,2025-09-26T03:20:19,P000107|P001627|P002027|P001687
M003613,Storage Facility 12,2025-03-26T00:57:40,P002551|P001961|P002501|P002121|P001661|P000421
M003614,Abandoned Factory,2025-03-26T07:55:17,P000971|P002351
M003615,Abandoned Factory,2025-09-30T17:26:09,P002561|P001901|P001621|P003231
M003616,Downtown Cafe,2025-11-30T20:38:56,P000942|P003152|P001342
M003617,Parking Garage B,2025-01-25T06:38:24,P002779|P000099|P003069|P002399
M003618,Downtown Cafe,2025-06-25T15:55:57,P000283|P000443|P000663
M003619,Storage Facility 12,2025-07-12T04:42:47,P002167|P002917
M003620,Abandoned Factory,2025-03-17T19:30:53,P000834|P002804|P002694|P001994
M003621,Riverside Docks,2025-10-28T00:20:52,P000453|P002093|P000753|P001613
M003622,Warehouse District,2025-05-15T13:57:48,P002480|P000430|P002680|P001900
M003623,Parking Garage B,2025-01-18T07:38:33,P003151|P002201|P000871|P002781|P002341|P002081
M003624,Private Villa,2025-06-04T18:22:14,P001622|P001132|P002742|P002192
M003625,Abandoned Factory,2025-12-30T20:53:41,P002449|P000679|P000039|P000499|P002629|P003099
M003626,Warehouse District,2025-06-13T23:37:24,P001827|P003107|P001797|P003267|P002797|P000797
M003627,Storage Facility 12,2025-05-30T20:37:40,P000276|P000166|P000716|P000726
M003628,Private Villa,2025-04-07T17:55:27,P002359|P003249|P002439|P002349
M003629,Storage Facility 12,2025-01-26T03:38:35,P000063|P000983|P002163|P001433|P002023|P002213
M003630,Warehouse District,2025-05-10T19:25:59,P003390|P000220
M003631,Abandoned Factory,2025-08-31T08:31:04,P002743|P000463|P000303|P000133|P000983
M003632,Abandoned Factory,2025-11-13T04:06:22,P002411|P002051|P003361|P002521|P001541
M003633,Private Villa,2025-08-28T18:50:55,P003170|P000350|P003120|P002210|P001550
M003634,Storage Facility 12,2025-06-14T06:23:21,P000844|P002584|P000004|P003034
M003635,Abandoned Factory,2025-04-01T20:16:07,P001193|P002303|P001763
M003636,Riverside Docks,2025-11-19T11:23:18,P001118|P003488|P003048|P003118
M003637,Riverside Docks,2025-03-14T23:58:30,P000354|P003434|P000004|P000054
M003638,Warehouse District,2025-07-10T20:01:26,P001653|P000433|P000173|P002953|P000483
M003639,Parking Garage B,2025-12-01T02:07:43,P001720|P000580|P000450
M003640,Private Villa,2025-02-28T05:29:38,P001523|P000603|P001843|P002143|P002613
M003641,Parking Garage B,2025-06-19T04:24:43,P000564|P000834|P000914|P002644|P001394
M003642,Parking Garage B,2025-04-19T21:52:33,P000048|P000248|P000298|P000688|P002988
M003643,Downtown Cafe,2025-07-05T23:30:53,P002799|P003489
M003644,Parking Garage B,2025-04-01T08:19:36,P001695|P001495|P001095|P000685|P000585
M003645,Private Villa,2025-02-02T12:01:53,P003205|P002195
M003646,Warehouse District,2025-07-30T12:57:46,P000265|P000835|P002325|P001395|P001515|P000055
M003647,Warehouse District,2025-10-05T03:09:26,P001176|P001986|P000366|P001866|P002056|P001956
M003648,Riverside Docks,2025-04-19T11:52:52,P001921|P003441|P001761|P001911|P001741
M003649,Abandoned Factory,2025-09-21T09:33:32,P000595|P000155|P000125|P000555
M003650,Parking Garage B,2025-12-13T06:39:23,P002034|P003124|P001054|P001234
M003651,Private Villa,2025-06-11T18:33:50,P002663|P000443
M003652,Parking Garage B,2025-12-18T09:23:58,P002696|P000226|P000536
M003653,Warehouse District,2025-02-25T20:40:09,P002358|P002328|P000558|P000198
M003654,Downtown Cafe,2025-04-24T14:14:40,P002291|P002931|P002541|P000811|P002481|P000611
M003655,Warehouse District,2025-06-22T22:49:57,P000784|P002314|P001034|P000054|P002194|P001254
M003656,Storage Facility 12,2025-01-31T18:38:12,P000233|P001703|P001643
M003657,Riverside Docks,2025-08-04T03:56:41,P000483|P001383|P000333
M003658,Riverside Docks,2025-10-01T18:52:00,P000407|P002377|P002757|P001467|P001047
M003659,Downtown Cafe,2025-03-13T09:45:44,P003430|P000820|P000180|P003260|P002800|P001160
M003660,Downtown Cafe,2025-04-18T07:14:52,P001905|P000145|P002435|P002085|P000165
M003661,Downtown Cafe,2025-12-20T07:57:33,P000242|P002772|P000702
M003662,Storage Facility 12,2025-02-28T13:59:55,P001149|P001589|P000359|P002539
M003663,Abandoned Factory,2025-01-17T03:27:07,P002286|P002706|P001336
M003664,Storage Facility 12,2025-08-12T01:01:30,P002102|P001192|P002112
M003665,Abandoned Factory,2025-09-13T10:28:08,P000511|P002801
M003666,Riverside Docks,2025-11-13T01:50:05,P000211|P001271|P001411|P001681|P001421|P001351
M003667,Warehouse District,2025-11-17T10:03:31,P001815|P001945
M003668,Parking Garage B,2025-02-28T21:36:51,P001957|P001697|P000987|P000427
M003669,Backroom - Lucky Star Bar,2025-12-22T14:30:42,P000471|P000331|P003351|P001741|P003461|P000011
M003670,Abandoned Factory,2025-06-04T09:00:00,P003051|P001551|P002231
M003671,Riverside Docks,2025-06-08T17:43:51,P002779|P002429|P003399|P000749|P000879|P001059
M003672,Abandoned Factory,2025-07-05T17:15:10,P000364|P003094|P002684|P000374|P001114
M003673,Abandoned Factory,2025-01-11T06:52:28,P003409|P001729|P000229
M003674,Abandoned Factory,2025-05-24T17:31:19,P001450|P000630|P002600|P000280
M003675,Backroom - Lucky Star Bar,2025-09-02T00:46:46,P003357|P001347|P002647|P000387
M003676,Abandoned Factory,2025-01-15T12:52:02,P001399|P000299|P001149
M003677,Downtown Cafe,2025-03-01T23:23:25,P000355|P000005|P000025|P000425
M003678,Storage Facility 12,2025-02-02T09:04:55,P003037|P000887|P002497|P001107
M003679,Downtown Cafe,2025-09-06T23:55:42,P001605|P002835|P002315|P002845
M003680,Riverside Docks,2025-10-27T12:19:57,P001474|P001324|P000714|P000104|P000764
M003681,Parking Garage B,2025-02-13T20:51:16,P000900|P001910
M003682,Private Villa,2025-11-08T06:26:39,P003056|P000156|P000166|P003186|P002866|P000836
M003683,Storage Facility 12,2025-12-11T07:38:28,P000496|P000236|P002916|P002616|P001696
M003684,Abandoned Factory,2025-12-31T05:02:34,P002105|P002035|P000665|P000825|P002755
M003685,Private Villa,2025-07-29T18:10:45,P001028|P000218|P002078|P002008|P001128
M003686,Parking Garage B,2025-04-30T03:48:43,P001949|P001829|P002249|P002299|P002199
M003687,Downtown Cafe,2025-01-26T13:12:31,P000236|P002916|P000296|P003466|P000846
M003688,Storage Facility 12,2025-06-27T11:15:48,P002739|P002689|P002759|P002829|P002919|P003139
M003689,Private Villa,2025-01-14T13:52:43,P002232|P002672|P003402|P000782|P002742|P000622
M003690,Warehouse District,2025-07-13T05:24:24,P001397|P000697|P001077|P000877|P003137|P000557
M003691,Warehouse District,2025-12-09T21:43:51,P000025|P001155
M003692,Abandoned Factory,2025-09-17T21:01:33,P002178|P000058|P002008|P003178|P001238|P001398
M003693,Parking Garage B,2025-06-02T00:18:40,P000966|P000146
M003694,Abandoned Factory,2025-01-06T18:56:09,P001428|P001078|P002168
M003695,Parking Garage B,2025-03-13T00:12:31,P003190|P001840|P002360|P002870
M003696,Downtown Cafe,2025-07-28T09:07:12,P000896|P000676|P002026|P001306
M003697,Private Villa,2025-12-23T05:23:38,P000391|P001821|P000091
M003698,Private Villa,2025-02-17T00:44:51,P000465|P000685
M003699,Abandoned Factory,2025-10-05T03:50:18,P003324|P002644|P000394|P001374|P000904
M003700,Backroom - Lucky Star Bar,2025-04-25T08:45:22,P001356|P002786|P001076|P000676
M003701,Abandoned Factory,2025-06-16T10:22:59,P001932|P002992|P001902|P001662
M003702,Downtown Cafe,2025-11-12T23:54:10,P003327|P003487|P002167|P000937|P000127
M003703,Abandoned Factory,2025-01-04T02:25:44,P000802|P001172
M003704,Storage Facility 12,2025-10-02T07:32:08,P003387|P000817|P001327|P002747|P002887
M003705,Private Villa,2025-12-22T14:35:37,P000277|P001267|P001917|P000407|P000587|P002457
M003706,Parking Garage B,2025-12-05T22:18:47,P002749|P000879|P001739
M003707,Abandoned Factory,2025-04-30T00:49:35,P001773|P003173|P000323|P001703
M003708,Private Villa,2025-03-14T15:31:28,P002291|P001121|P000131
M003709,Abandoned Factory,2025-05-15T01:47:02,P003302|P003062
M003710,Abandoned Factory,2025-12-14T09:49:49,P001723|P001163
M003711,Storage Facility 12,2025-03-30T01:49:51,P001706|P000296|P002246|P002666
M003712,Riverside Docks,2025-05-03T12:07:39,P002896|P001306
M003713,Downtown Cafe,2025-10-05T13:29:21,P003091|P002491|P001001|P000751|P001311
M003714,Storage Facility 12,2025-06-16T21:40:16,P000852|P003222|P003102
M003715,Downtown Cafe,2025-04-18T16:46:04,P000164|P000494
M003716,Downtown Cafe,2025-12-11T04:04:37,P002457|P000607|P000407|P002467|P000777
M003717,Warehouse District,2025-01-21T04:35:24,P001256|P000266
M003718,Private Villa,2025-02-26T01:34:41,P000429|P003029|P002979|P000149|P002619
M003719,Riverside Docks,2025-12-03T13:26:03,P003399|P002989|P001219|P003049
M003720,Warehouse District,2025-08-15T15:28:44,P001559|P000469|P001849|P002089
M003721,Riverside Docks,2025-06-28T10:47:09,P001053|P002953|P001073|P000683|P002253
M003722,Parking Garage B,2025-09-06T09:12:29,P000864|P001454|P003484|P000314|P002944|P001194
M003723,Warehouse District,2025-04-02T01:38:28,P003120|P001230|P000180|P001980
M003724,Abandoned Factory,2025-08-17T00:02:13,P002627|P002847|P001187|P000417
M003725,Downtown Cafe,2025-05-06T16:09:39,P002126|P000696|P002356
M003726,Downtown Cafe,2025-01-08T18:02:27,P000368|P000808|P000218|P001158|P000278|P001458
M003727,Private Villa,2025-04-12T23:12:44,P001965|P002135|P001785|P001485|P001315|P001995
M003728,Abandoned Factory,2025-01-08T08:41:59,P002872|P001052|P002922
M003729,Parking Garage B,2025-06-02T11:03:08,P002323|P001763|P001273|P002683|P001453|P001753
M003730,Abandoned Factory,2025-03-06T03:58:09,P002969|P003069|P001239
M003731,Storage Facility 12,2025-07-03T09:04:28,P003436|P000326|P001976|P002086|P001926
M003732,Downtown Cafe,2025-02-16T02:41:25,P000189|P001489|P002559|P002509
M003733,Storage Facility 12,2025-07-27T22:54:48,P001054|P001984|P002404|P000224|P002544|P002044
M003734,Riverside Docks,2025-09-09T07:56:12,P000496|P002906|P000206|P000216|P001036
M003735,Parking Garage B,2025-06-13T11:18:41,P001067|P002227|P002087|P002697|P000977|P000137
M003736,Storage Facility 12,2025-01-11T06:09:21,P001951|P002791|P003161
M003737,Warehouse District,2025-05-21T00:25:01,P000133|P000333|P000813|P002783|P001503|P000603
M003738,Downtown Cafe,2025-08-06T05:50:26,P000355|P001705|P002715|P002655|P001535|P003455
M003739,Backroom - Lucky Star Bar,2025-12-18T17:03:12,P003167|P002167|P003017
M003740,Riverside Docks,2025-01-29T13:44:23,P003112|P001662|P000882|P003002
M003741,Private Villa,2025-10-26T18:34:11,P001167|P001967|P001587|P000797|P001877|P003117
M003742,Warehouse District,2025-04-30T14:40:05,P001602|P000612|P001502|P001082|P002152|P001262
M003743,Abandoned Factory,2025-04-13T02:08:13,P003331|P000871
M003744,Abandoned Factory,2025-11-04T23:10:26,P001495|P001125|P000335|P000565|P001385
M003745,Backroom - Lucky Star Bar,2025-08-19T05:42:40,P000597|P001987|P002667|P000847|P001137|P002407
M003746,Downtown Cafe,2025-09-29T06:06:22,P003413|P000303
M003747,Private Villa,2025-11-07T15:01:45,P000511|P001021|P003401|P000211
M003748,Abandoned Factory,2025-05-04T22:11:56,P000459|P002809
M003749,Warehouse District,2025-02-13T23:46:45,P002677|P002377|P002017|P002777
M003750,Riverside Docks,2025-04-14T08:28:37,P002006|P003326|P002696|P001696
M003751,Storage Facility 12,2025-01-27T12:59:47,P001237|P001467|P000577|P000707
M003752,Storage Facility 12,2025-12-13T10:30:19,P000930|P000490|P002260|P001950|P002230|P003030
M003753,Parking Garage B,2025-02-15T10:35:15,P000524|P001354
M003754,Warehouse District,2025-04-16T13:05:00,P002525|P001785|P000835|P001475
M003755,Backroom - Lucky Star Bar,2025-07-11T04:11:02,P000470|P001540|P001440|P002120|P001060
M003756,Storage Facility 12,2025-05-30T04:43:46,P003421|P002461|P001831|P002811|P000171|P000881
M003757,Downtown Cafe,2025-12-26T13:51:39,P000059|P000409|P003269|P003049
M003758,Private Villa,2025-05-19T10:46:30,P001062|P001302|P001952|P001082|P001492|P002172
M003759,Warehouse District,2025-12-30T11:39:11,P003463|P001283|P000303|P000183|P001673|P001753
M003760,Parking Garage B,2025-09-06T12:20:15,P002213|P003433|P002353|P001413|P000843
M003761,Backroom - Lucky Star Bar,2025-09-08T15:31:39,P000610|P003310
M003762,Riverside Docks,2025-11-22T11:12:41,P001760|P001080|P003450|P002090|P000610|P001780
M003763,Riverside Docks,2025-10-05T11:26:19,P002985|P000815|P000605
M003764,Backroom - Lucky Star Bar,2025-05-31T23:26:47,P001656|P002476|P002316|P000906|P003426|P002546
M003765,Backroom - Lucky Star Bar,2025-09-14T13:51:53,P000493|P000533|P000423|P003453
M003766,Storage Facility 12,2025-09-21T05:23:21,P003304|P000154|P001114
M003767,Abandoned Factory,2025-07-28T00:59:09,P001496|P000826|P001856
M003768,Backroom - Lucky Star Bar,2025-11-19T22:53:01,P002504|P001754
M003769,Downtown Cafe,2025-10-11T14:53:03,P000050|P002550|P002570|P001180
M003770,Storage Facility 12,2025-09-22T09:50:09,P000818|P001008|P003418
M003771,Parking Garage B,2025-02-14T23:59:39,P001378|P000568|P000958|P001738|P000768|P000068
M003772,Abandoned Factory,2025-10-06T08:40:08,P000858|P003338|P002818|P002188|P002378|P000598
M003773,Warehouse District,2025-07-16T11:39:00,P001369|P001549
M003774,Riverside Docks,2025-12-11T16:15:16,P001645|P001885|P002235|P001835|P002795
M003775,Warehouse District,2025-09-15T07:46:25,P002784|P003194|P000344
M003776,Downtown Cafe,2025-01-28T04:43:03,P003346|P002626|P001136|P001606|P003076
M003777,Warehouse District,2025-05-04T13:38:41,P001295|P001695|P002235
M003778,Riverside Docks,2025-04-05T04:24:38,P000866|P000056|P000046|P002596|P002906|P003046
M003779,Downtown Cafe,2025-03-20T23:08:07,P002935|P002535
M003780,Downtown Cafe,2025-10-20T20:27:47,P002409|P000949|P002469|P003269|P002649|P002199
M003781,Downtown Cafe,2025-12-14T06:37:56,P000658|P003338|P001248|P002248|P002988
M003782,Abandoned Factory,2025-02-17T21:21:08,P000475|P000615|P003215
M003783,Parking Garage B,2025-02-17T17:13:26,P002975|P001465|P003275|P001875
M003784,Backroom - Lucky Star Bar,2025-06-30T05:33:23,P000067|P000787|P000317
M003785,Warehouse District,2025-08-28T18:54:48,P000488|P002678|P003248|P002278|P001978
M003786,Backroom - Lucky Star Bar,2025-10-30T02:25:53,P002109|P002569
M003787,Backroom - Lucky Star Bar,2025-07-05T09:56:29,P002656|P002866|P002476
M003788,Riverside Docks,2025-10-04T04:57:29,P000381|P002861
M003789,Parking Garage B,2025-11-27T00:42:42,P002010|P002250|P001680|P000100
M003790,Abandoned Factory,2025-11-09T01:33:20,P003013|P000663|P002293|P001343|P000523|P000173
M003791,Storage Facility 12,2025-09-02T06:05:09,P000751|P002781|P000031
M003792,Parking Garage B,2025-07-14T13:39:50,P002563|P003413
M003793,Parking Garage B,2025-12-29T00:48:46,P001299|P003389|P003119|P002679|P002999|P001839
M003794,Warehouse District,2025-11-12T23:10:53,P000719|P001399|P002689|P002779
M003795,Downtown Cafe,2025-05-27T16:22:20,P001457|P002257|P002367|P001317|P000467
M003796,Parking Garage B,2025-02-15T18:30:05,P001447|P002537|P002617|P000497|P001607|P000717
M003797,Warehouse District,2025-12-10T12:31:05,P002173|P001763|P001133|P001773|P001033
M003798,Parking Garage B,2025-06-29T08:37:07,P000221|P002461|P001511|P002921|P001801
M003799,Parking Garage B,2025-09-24T20:25:12,P000507|P003227|P002477|P003167
M003800,Private Villa,2025-02-02T16:08:11,P003074|P003134|P001914|P002414
M003801,Downtown Cafe,2025-03-21T00:53:54,P001752|P002582
M003802,Downtown Cafe,2025-02-06T19:29:10,P000254|P001314|P001804
M003803,Parking Garage B,2025-05-25T13:03:34,P002142|P000982
M003804,Abandoned Factory,2025-02-27T20:26:30,P002915|P002015
M003805,Downtown Cafe,2025-02-28T08:36:31,P002407|P001517|P000337
M003806,Warehouse District,2025-05-03T22:12:15,P000317|P000257|P001497|P000617|P003387
M003807,Private Villa,2025-08-27T14:19:36,P000961|P002281|P000001|P003171|P001581|P002781
M003808,Private Villa,2025-08-29T09:15:46,P001717|P000777|P001807|P001897|P002577|P000697
M003809,Warehouse District,2025-03-28T16:01:05,P001345|P001205
M003810,Private Villa,2025-11-25T21:38:02,P001871|P001121|P001581|P000821|P001661
M003811,Private Villa,2025-05-27T08:24:47,P000910|P001270|P000640|P001660
M003812,Parking Garage B,2025-03-31T08:49:18,P000449|P001579
M003813,Storage Facility 12,2025-07-08T13:44:30,P001500|P001510|P002450
M003814,Backroom - Lucky Star Bar,2025-10-20T11:38:37,P002201|P000211|P003311
M003815,Private Villa,2025-11-19T15:07:43,P002449|P002159|P002059|P002909|P001929|P000279
M003816,Riverside Docks,2025-01-11T03:05:36,P002962|P003202|P001362|P000502
M003817,Private Villa,2025-12-19T17:46:58,P001816|P002976|P000866
M003818,Riverside Docks,2025-03-25T23:48:04,P000937|P001057|P002797
M003819,Abandoned Factory,2025-01-25T23:06:12,P002083|P002623|P003293|P001443
M003820,Riverside Docks,2025-11-15T09:09:32,P002918|P001968
M003821,Abandoned Factory,2025-10-27T22:44:14,P001513|P001573
M003822,Storage Facility 12,2025-09-10T11:49:41,P001943|P002523|P002223|P003333|P001873|P001503
M003823,Downtown Cafe,2025-05-11T00:34:40,P002051|P001691|P002361
M003824,Storage Facility 12,2025-12-12T09:48:51,P002070|P001700|P002140|P001030|P000170|P001400
M003825,Private Villa,2025-08-22T01:12:39,P002237|P000427|P001007|P001937|P000657
M003826,Backroom - Lucky Star Bar,2025-10-11T17:57:49,P001429|P002459|P001049|P002609|P001209
M003827,Riverside Docks,2025-04-20T02:20:41,P000884|P000204
M003828,Riverside Docks,2025-09-12T19:00:40,P002376|P001256|P001846
M003829,Downtown Cafe,2025-03-01T07:55:43,P000859|P000249|P001889|P001259
M003830,Private Villa,2025-08-28T08:33:46,P001226|P000036|P002836|P003426|P002726|P002776
M003831,Backroom - Lucky Star Bar,2025-03-19T01:03:52,P002248|P000588|P001998|P000438|P002878|P002888
M003832,Riverside Docks,2025-03-19T07:56:12,P000364|P002974
M003833,Warehouse District,2025-07-07T16:43:12,P000630|P002090|P000590|P001670|P001480|P001920
M003834,Storage Facility 12,2025-07-10T09:23:32,P000661|P000041
M003835,Parking Garage B,2025-11-30T11:22:28,P003046|P000576|P000406|P003086|P002146
M003836,Parking Garage B,2025-07-06T03:29:56,P000059|P003409|P002899|P001989|P003119|P002679
M003837,Riverside Docks,2025-06-27T12:27:23,P003224|P000244|P000134|P002504|P002334
M003838,Parking Garage B,2025-12-30T18:00:24,P001719|P001599
M003839,Riverside Docks,2025-10-08T20:56:26,P000140|P002990|P003000|P002290
M003840,Storage Facility 12,2025-10-04T20:56:01,P001659|P001599
M003841,Parking Garage B,2025-12-16T21:41:18,P000912|P003232|P003362
M003842,Warehouse District,2025-09-11T23:25:06,P001285|P001885|P002915
M003843,Private Villa,2025-06-28T05:24:51,P002246|P000316|P000776|P001736
M003844,Private Villa,2025-03-08T20:54:44,P000884|P000994|P002394|P001504
M003845,Abandoned Factory,2025-11-13T05:17:32,P002797|P003257
M003846,Parking Garage B,2025-02-23T02:44:45,P000832|P002402|P000732|P000642
M003847,Storage Facility 12,2025-04-10T20:39:18,P002831|P003421|P003351|P001571
M003848,Warehouse District,2025-02-21T12:58:37,P001452|P003382|P000092|P003362|P000832|P003252
M003849,Downtown Cafe,2025-07-27T22:04:54,P000374|P003174|P001224|P000144
M003850,Storage Facility 12,2025-10-25T03:13:11,P002651|P000531|P002261
M003851,Storage Facility 12,2025-08-28T01:06:20,P002872|P000522|P000672
M003852,Abandoned Factory,2025-05-14T15:31:53,P001958|P001548|P001178|P000008|P000178|P003188
M003853,Warehouse District,2025-08-01T21:37:49,P002578|P002378|P003448|P001998|P001228|P000928
M003854,Abandoned Factory,2025-10-22T10:06:34,P003261|P000081|P000021|P001231
M003855,Abandoned Factory,2025-11-21T07:36:03,P001584|P000914|P003394
M003856,Backroom - Lucky Star Bar,2025-11-01T09:44:38,P001078|P001168|P001578|P001978|P002338|P001818
M003857,Storage Facility 12,2025-02-09T07:43:43,P000189|P002959|P002439
M003858,Private Villa,2025-04-28T04:02:06,P003161|P001461|P003391|P002921
M003859,Storage Facility 12,2025-05-20T05:58:54,P002074|P000014|P000734|P001984|P000154
M003860,Storage Facility 12,2025-04-12T06:30:28,P001974|P000094
M003861,Riverside Docks,2025-06-06T02:31:27,P000126|P001196|P003166|P001136|P003286|P002376
M003862,Private Villa,2025-03-31T09:35:56,P001275|P002225|P001175|P001625|P000185
M003863,Storage Facility 12,2025-12-21T18:19:12,P000182|P000902|P001802|P003192|P003482
M003864,Parking Garage B,2025-01-31T00:58:11,P002301|P000361|P003031|P003331|P000171|P000101
M003865,Backroom - Lucky Star Bar,2025-11-25T17:35:27,P000378|P002208|P001418
M003866,Parking Garage B,2025-03-19T00:19:29,P002165|P000175|P000725|P001265|P001865|P003265
M003867,Storage Facility 12,2025-03-26T08:23:30,P000806|P002986
M003868,Abandoned Factory,2025-02-01T21:53:07,P001581|P002551
M003869,Private Villa,2025-04-20T08:05:03,P003395|P002025
M003870,Warehouse District,2025-12-04T01:54:15,P002773|P002333|P003153|P000753
M003871,Abandoned Factory,2025-07-15T01:03:52,P002328|P000028
M003872,Warehouse District,2025-06-22T08:11:47,P003399|P000529
M003873,Parking Garage B,2025-08-02T04:22:58,P002050|P000750|P000880|P000140
M003874,Abandoned Factory,2025-10-16T11:37:13,P003107|P002397|P002587|P001707
M003875,Warehouse District,2025-04-11T13:41:55,P001310|P001290|P001440|P002140
M003876,Warehouse District,2025-07-28T17:52:30,P003368|P000728|P000508
M003877,Riverside Docks,2025-06-06T20:38:34,P002428|P001108|P001088|P000068|P000828|P000968
M003878,Riverside Docks,2025-11-02T17:33:18,P001815|P003105
M003879,Parking Garage B,2025-04-21T18:04:16,P001040|P002800|P000130|P003410|P002970|P003360
M003880,Downtown Cafe,2025-09-16T01:51:06,P000889|P002279
M003881,Riverside Docks,2025-11-28T18:43:17,P001586|P003466|P000296|P000536
M003882,Private Villa,2025-08-28T21:05:49,P001566|P003106
M003883,Warehouse District,2025-09-10T23:31:03,P001238|P000948|P002418|P000138
M003884,Private Villa,2025-08-17T05:41:57,P002863|P000803
M003885,Riverside Docks,2025-02-15T02:43:16,P003198|P001688|P000068|P002348
M003886,Riverside Docks,2025-03-30T00:41:02,P000319|P001799|P000369
M003887,Parking Garage B,2025-05-16T02:23:43,P000818|P003268
M003888,Riverside Docks,2025-02-04T06:06:53,P000031|P003111|P000861
M003889,Abandoned Factory,2025-03-22T15:55:46,P000797|P001737|P000407
M003890,Parking Garage B,2025-03-17T13:46:38,P002516|P001536|P002596|P002206|P000046|P001736
M003891,Warehouse District,2025-04-23T04:37:19,P001598|P003148|P002768|P002358
M003892,Private Villa,2025-12-24T06:30:12,P000792|P000062|P001122|P003402|P000702|P000032
M003893,Abandoned Factory,2025-03-17T16:37:17,P001346|P003086|P000996|P000526
M003894,Parking Garage B,2025-12-27T08:00:44,P000708|P000098|P000518|P003388|P001408
M003895,Abandoned Factory,2025-04-27T04:07:29,P002287|P002607|P002037|P003137|P001567|P002367
M003896,Parking Garage B,2025-02-10T17:18:53,P001248|P000498|P000638
M003897,Riverside Docks,2025-12-13T13:02:49,P002446|P001066|P002166|P002386|P002476
M003898,Storage Facility 12,2025-12-26T08:53:36,P001012|P001902|P002262|P002832|P000722
M003899,Abandoned Factory,2025-03-31T21:13:34,P001098|P001988|P000488|P001548|P000438|P002908
M003900,Abandoned Factory,2025-11-29T08:55:48,P001203|P002823|P002753|P000843|P003233|P001743
M003901,Warehouse District,2025-12-03T10:24:02,P001708|P002058|P001758
M003902,Private Villa,2025-05-04T05:24:44,P000828|P001728|P000238|P003468|P001668
M003903,Private Villa,2025-08-29T21:59:03,P002255|P001395|P000145|P000285
M003904,Storage Facility 12,2025-09-02T09:07:18,P002099|P001489|P002299|P003249|P001239|P000849
M003905,Storage Facility 12,2025-12-26T18:18:34,P000802|P002512
M003906,Riverside Docks,2025-04-11T07:09:32,P001274|P001854|P001984
M003907,Downtown Cafe,2025-08-09T19:34:10,P001525|P003295|P002675
M003908,Abandoned Factory,2025-06-27T17:06:21,P002606|P000156|P002766|P000506|P002696
M003909,Abandoned Factory,2025-04-02T12:43:41,P001500|P000920
M003910,Storage Facility 12,2025-03-24T20:03:25,P001757|P002047|P002717|P001147
M003911,Backroom - Lucky Star Bar,2025-05-10T20:01:17,P002639|P002359|P001359|P002779|P000519|P003349
M003912,Warehouse District,2025-07-11T20:13:38,P001896|P003036|P002806|P001726|P001106|P002046
M003913,Parking Garage B,2025-07-20T23:39:51,P002134|P000774|P002434|P000544|P000694
M003914,Parking Garage B,2025-07-22T01:54:50,P000701|P000821|P002601|P002111|P003151
M003915,Abandoned Factory,2025-06-18T10:40:56,P000671|P003191|P001371|P001321
M003916,Warehouse District,2025-02-18T09:07:02,P000196|P000586|P001606
M003917,Warehouse District,2025-08-17T23:53:53,P001514|P000974|P002784|P001134|P003254|P000554
M003918,Riverside Docks,2025-03-23T02:37:35,P002764|P001134|P000024
M003919,Parking Garage B,2025-10-15T15:39:03,P002866|P003216|P002826
M003920,Private Villa,2025-04-02T16:48:15,P001430|P000060|P003030|P000260
M003921,Backroom - Lucky Star Bar,2025-01-22T04:04:11,P001056|P000056|P002636|P001906|P001946|P000036
M003922,Private Villa,2025-05-11T20:36:06,P001364|P001334|P003214|P000574|P002674|P000974
M003923,Riverside Docks,2025-07-07T08:33:05,P002171|P001861
M003924,Backroom - Lucky Star Bar,2025-07-02T08:11:58,P001749|P002109|P002649|P000399|P001519|P000629
M003925,Riverside Docks,2025-09-08T17:15:29,P002104|P002484|P000144|P001774|P002134
M003926,Backroom - Lucky Star Bar,2025-08-30T07:06:17,P000190|P001260
M003927,Backroom - Lucky Star Bar,2025-02-17T21:28:50,P002149|P001059|P000389|P003199|P001459
M003928,Abandoned Factory,2025-08-12T09:39:48,P002155|P001595|P001855|P001365|P001445
M003929,Riverside Docks,2025-02-12T19:47:59,P003424|P001664|P001304|P003494|P001254
M003930,Storage Facility 12,2025-02-23T03:26:51,P002761|P000171
M003931,Backroom - Lucky Star Bar,2025-03-21T07:03:10,P001381|P000171|P001341|P001781
M003932,Private Villa,2025-09-20T06:55:45,P000957|P002957|P001157|P000417
M003933,Abandoned Factory,2025-04-22T23:47:25,P000631|P003261
M003934,Backroom - Lucky Star Bar,2025-01-10T13:11:32,P000692|P000332|P003342|P002642
M003935,Downtown Cafe,2025-12-01T11:28:56,P001540|P003170|P002670|P002640|P000610
M003936,Downtown Cafe,2025-10-16T14:17:30,P000967|P000427
M003937,Downtown Cafe,2025-08-05T11:36:23,P000165|P001525|P003455|P003025
M003938,Downtown Cafe,2025-06-03T14:45:02,P000807|P002557|P001527|P002467|P003217
M003939,Backroom - Lucky Star Bar,2025-03-05T01:28:28,P001611|P002711|P000651|P001541|P002191|P002321
M003940,Backroom - Lucky Star Bar,2025-04-07T01:11:08,P003084|P000634|P000214|P000794|P002684|P001874
M003941,Downtown Cafe,2025-07-09T18:28:39,P002470|P000170|P001410|P002670|P000940
M003942,Storage Facility 12,2025-06-03T18:32:00,P003166|P000366|P000336|P002506
M003943,Private Villa,2025-05-11T15:27:12,P000831|P001501|P001541|P003181
M003944,Downtown Cafe,2025-06-20T21:12:27,P002551|P003321|P002561|P002331|P000071
M003945,Riverside Docks,2025-01-09T10:34:58,P001885|P002045|P000865|P001645
M003946,Backroom - Lucky Star Bar,2025-12-26T19:03:08,P000986|P000246|P000286
M003947,Backroom - Lucky Star Bar,2025-10-11T21:26:57,P003253|P003443|P000043|P000723|P002573|P000153
M003948,Backroom - Lucky Star Bar,2025-05-03T17:33:46,P001369|P002839|P003289
M003949,Downtown Cafe,2025-08-01T22:06:03,P003461|P001071
M003950,Private Villa,2025-04-30T02:49:11,P001880|P001560|P000680|P000950|P001620
M003951,Parking Garage B,2025-07-26T08:28:42,P002553|P000403
M003952,Riverside Docks,2025-05-02T22:53:26,P001523|P002373|P002693|P000503|P000023
M003953,Storage Facility 12,2025-02-25T18:10:41,P002422|P002982|P000722|P002392
M003954,Abandoned Factory,2025-10-26T05:21:45,P001394|P002624|P001104|P003334
M003955,Storage Facility 12,2025-10-10T06:16:49,P000613|P002843|P000103|P001573|P002773|P000893
M003956,Storage Facility 12,2025-11-15T10:35:09,P002717|P000607|P001517|P000917
M003957,Storage Facility 12,2025-10-15T20:35:24,P002026|P001986
M003958,Parking Garage B,2025-05-08T22:09:20,P000884|P001934|P000724|P001334
M003959,Storage Facility 12,2025-04-13T10:03:08,P001072|P000152|P003202
M003960,Private Villa,2025-09-01T11:46:19,P003091|P000051|P001901|P001551|P000661|P003141
M003961,Downtown Cafe,2025-08-19T02:43:11,P001381|P001241|P002671|P002131|P002401|P001041
M003962,Parking Garage B,2025-07-15T22:12:18,P002138|P003418
M003963,Storage Facility 12,2025-11-06T03:31:49,P002342|P000312
M003964,Storage Facility 12,2025-07-16T10:48:15,P001237|P001837|P000027|P001687
M003965,Backroom - Lucky Star Bar,2025-07-24T00:12:48,P002267|P000227
M003966,Backroom - Lucky Star Bar,2025-07-18T18:19:56,P002026|P001496|P001426|P001246|P000006|P002906
M003967,Downtown Cafe,2025-01-04T22:46:54,P001991|P000981|P001801|P000301|P002891
M003968,Storage Facility 12,2025-11-05T04:02:02,P002703|P001453|P000753|P000203|P002893|P003183
M003969,Backroom - Lucky Star Bar,2025-03-26T21:05:52,P003084|P002754|P002814|P002684
M003970,Riverside Docks,2025-06-12T10:27:51,P000121|P000241|P001201|P001091|P000861|P000611
M003971,Riverside Docks,2025-08-01T16:46:02,P003455|P000725
M003972,Private Villa,2025-06-22T14:20:09,P001477|P001577|P000637|P000627|P002927|P001487
M003973,Riverside Docks,2025-04-18T07:44:37,P003402|P002322|P001952|P002722|P003112|P002882
M003974,Warehouse District,2025-06-11T20:24:58,P000991|P003091|P002941|P001211|P003221|P000131
M003975,Backroom - Lucky Star Bar,2025-06-17T14:53:56,P003143|P002363|P002773|P002413|P003093|P001083
M003976,Warehouse District,2025-11-13T06:45:32,P001508|P002098|P001018|P002778|P002638|P001088
M003977,Riverside Docks,2025-11-05T13:56:15,P002674|P001834|P002494
M003978,Parking Garage B,2025-07-04T05:51:02,P003224|P002364|P001834|P002944|P002994
M003979,Riverside Docks,2025-04-19T04:46:44,P003144|P003414|P001284|P001264|P000564|P001194
M003980,Storage Facility 12,2025-11-29T09:08:42,P002855|P000975|P001655|P003075|P000455
M003981,Abandoned Factory,2025-09-19T07:41:16,P003193|P001423|P002733|P000413
M003982,Riverside Docks,2025-02-16T22:48:23,P002179|P002369
M003983,Downtown Cafe,2025-05-30T05:41:18,P001063|P002073|P002493|P000663|P001513
M003984,Downtown Cafe,2025-08-02T02:39:54,P000243|P000883|P003463
M003985,Backroom - Lucky Star Bar,2025-04-06T13:13:03,P000467|P001697|P002677
M003986,Abandoned Factory,2025-03-26T17:43:31,P002746|P000106
M003987,Parking Garage B,2025-11-14T18:47:08,P001155|P001755|P001775|P002725|P003475|P001535
M003988,Riverside Docks,2025-10-16T08:52:21,P001447|P001727|P002997
M003989,Storage Facility 12,2025-05-15T01:30:47,P002509|P002389|P001379|P002959|P000369
M003990,Riverside Docks,2025-06-24T21:35:22,P003192|P002382|P000352
M003991,Storage Facility 12,2025-08-31T15:05:30,P002535|P001245|P000935|P001165
M003992,Riverside Docks,2025-07-11T14:01:45,P002293|P002713
M003993,Backroom - Lucky Star Bar,2025-09-25T18:50:06,P000744|P003254|P002104|P002984|P000404|P002794
M003994,Private Villa,2025-12-15T11:25:36,P002242|P002942|P001412|P000112|P000202|P001272
M003995,Backroom - Lucky Star Bar,2025-10-12T12:07:09,P000324|P001454
M003996,Abandoned Factory,2025-09-12T11:23:29,P000094|P000254|P003044|P001114|P002174
M003997,Warehouse District,2025-06-16T11:24:13,P000532|P000112
M003998,Warehouse District,2025-01-07T17:50:35,P002596|P000646|P001036
M003999,Parking Garage B,2025-06-20T07:26:06,P000417|P001587|P003377|P002627|P001667
M004000,Private Villa,2025-07-11T22:06:37,P001435|P000525|P001255|P001645|P003085|P002735
M004001,Storage Facility 12,2025-10-18T16:01:57,P001800|P002110|P000280|P000260|P000340
M004002,Private Villa,2025-11-20T02:46:11,P002630|P000420|P001240
M004003,Parking Garage B,2025-02-12T06:35:31,P001496|P001936
M004004,Parking Garage B,2025-06-21T01:17:47,P001000|P002480|P002810
M004005,Parking Garage B,2025-12-10T10:53:27,P003184|P002334|P001534|P000294|P001174|P001634
M004006,Parking Garage B,2025-06-03T04:45:12,P002000|P003330|P002200
M004007,Warehouse District,2025-04-04T08:10:09,P001798|P001708|P002248
M004008,Riverside Docks,2025-05-29T23:01:26,P000570|P003160|P001010
M004009,Riverside Docks,2025-06-09T16:26:31,P003460|P003380|P000400|P002430|P002000
M004010,Parking Garage B,2025-09-16T14:57:42,P001632|P000472|P002972|P002382|P000862|P002492
M004011,Abandoned Factory,2025-02-02T20:32:30,P001617|P002087|P000307|P002437|P001427
M004012,Backroom - Lucky Star Bar,2025-02-15T07:32:55,P003207|P002437|P001467|P002927|P000037|P003037
M004013,Storage Facility 12,2025-01-23T05:24:01,P001819|P002029|P002589|P000129|P002659
M004014,Downtown Cafe,2025-03-06T01:52:42,P001483|P001333|P003493|P001623|P001533|P002183
M004015,Warehouse District,2025-03-12T20:53:07,P002083|P003353|P000783|P001323
M004016,Riverside Docks,2025-03-08T20:54:50,P003474|P000734
M004017,Private Villa,2025-08-10T10:02:43,P002177|P002097|P001587|P003077|P001247|P000707
M004018,Warehouse District,2025-06-12T20:24:09,P000363|P000583|P002133|P000523|P000633
M004019,Downtown Cafe,2025-03-21T22:19:16,P000630|P002180|P000910|P003360|P000360|P001430
M004020,Storage Facility 12,2025-07-09T13:12:52,P000043|P000883|P000333|P001363|P001413
M004021,Parking Garage B,2025-10-06T14:46:33,P000931|P002941|P000531
M004022,Abandoned Factory,2025-12-24T00:51:23,P003212|P000692|P000392|P002952|P002162|P002742
M004023,Backroom - Lucky Star Bar,2025-03-25T01:29:29,P001605|P003035|P001205|P000235|P003395|P001405
M004024,Warehouse District,2025-04-06T12:16:47,P001067|P003367
M004025,Parking Garage B,2025-04-10T10:58:44,P000998|P002488|P002358|P001358
M004026,Downtown Cafe,2025-06-18T07:41:13,P003008|P000718|P001378|P000148|P000508
M004027,Private Villa,2025-05-25T18:32:13,P001520|P003200|P001100|P000450|P001040
M004028,Parking Garage B,2025-07-10T05:16:01,P002579|P002559
M004029,Private Villa,2025-11-19T15:07:33,P002760|P000780
M004030,Storage Facility 12,2025-09-28T07:20:40,P000527|P003487
M004031,Downtown Cafe,2025-01-17T19:56:09,P000457|P000977|P001317
M004032,Abandoned Factory,2025-06-07T04:57:27,P003204|P003274|P003364|P001134|P002224|P001144
M004033,Riverside Docks,2025-09-27T21:53:15,P002407|P003187|P002777|P001377|P002977
M004034,Downtown Cafe,2025-07-28T19:25:22,P000705|P003045|P001705
M004035,Riverside Docks,2025-09-12T20:52:56,P003455|P002005|P002335|P003465
M004036,Backroom - Lucky Star Bar,2025-05-16T03:49:10,P002395|P003405|P002445|P002065|P000175
M004037,Backroom - Lucky Star Bar,2025-09-18T13:31:54,P001445|P001395|P001745|P001195|P001715|P003035
M004038,Storage Facility 12,2025-06-22T11:56:35,P003120|P000940|P000530|P001740|P002080
M004039,Storage Facility 12,2025-01-05T07:18:08,P002439|P002269
M004040,Warehouse District,2025-08-29T06:17:17,P000640|P002730|P001040|P002700
M004041,Storage Facility 12,2025-10-30T19:25:47,P001088|P002858
M004042,Parking Garage B,2025-05-08T08:51:30,P002705|P001875|P001445|P000975|P001685|P002775
M004043,Abandoned Factory,2025-06-08T17:46:49,P001437|P000067
M004044,Warehouse District,2025-04-03T13:19:58,P001226|P000286|P002696|P001636|P000466|P003166
M004045,Parking Garage B,2025-05-18T14:48:07,P002590|P001970|P000010|P002440|P000390
M004046,Storage Facility 12,2025-09-28T13:45:23,P001885|P001505|P000335|P002835
M004047,Riverside Docks,2025-12-25T01:47:32,P003058|P003368
M004048,Warehouse District,2025-04-21T22:23:44,P001670|P000140|P001020|P002340|P002100
M004049,Riverside Docks,2025-04-16T22:03:07,P000090|P002150|P000960|P001340|P000210
M004050,Private Villa,2025-05-30T03:29:03,P003396|P002076|P002836|P001826|P000806|P001676
M004051,Abandoned Factory,2025-08-16T20:29:40,P001488|P000518|P000608|P002248|P002008|P001668
M004052,Private Villa,2025-07-30T07:40:54,P002799|P000909|P002099
M004053,Backroom - Lucky Star Bar,2025-04-14T13:08:33,P003382|P003062
M004054,Storage Facility 12,2025-03-19T03:08:38,P002206|P001276|P000886|P002686
M004055,Backroom - Lucky Star Bar,2025-10-16T15:24:19,P000411|P002931|P000181
M004056,Abandoned Factory,2025-08-27T03:48:13,P001201|P002531
M004057,Riverside Docks,2025-10-26T02:15:02,P001950|P000140|P002050|P002030|P001690
M004058,Riverside Docks,2025-07-23T08:11:58,P002765|P002125
M004059,Parking Garage B,2025-12-18T22:21:04,P003080|P001350
M004060,Downtown Cafe,2025-11-12T08:07:24,P003166|P002886|P002696|P002836|P002606|P002136
M004061,Parking Garage B,2025-02-08T18:28:47,P000147|P002227|P002127|P000007|P003267
M004062,Backroom - Lucky Star Bar,2025-01-20T01:40:34,P002942|P001222|P002362
M004063,Warehouse District,2025-01-18T20:38:48,P002480|P002850|P000680
M004064,Abandoned Factory,2025-08-25T23:51:52,P003361|P001771|P002631|P000851|P000291|P002391
M004065,Backroom - Lucky Star Bar,2025-09-01T11:13:14,P001110|P002700|P002760|P003420|P000270|P000790
M004066,Abandoned Factory,2025-10-04T07:22:25,P001136|P002666|P001506
M004067,Parking Garage B,2025-02-25T19:09:04,P000068|P000828|P000148|P001008|P001478|P000708
M004068,Storage Facility 12,2025-09-11T05:07:35,P002241|P000621
M004069,Abandoned Factory,2025-01-09T11:11:51,P002808|P002328
M004070,Downtown Cafe,2025-12-15T23:25:14,P001696|P000116|P003066|P000946|P001336|P001666
M004071,Downtown Cafe,2025-03-16T18:32:07,P000487|P002037
M004072,Warehouse District,2025-10-25T05:17:06,P000403|P001233|P000613|P001683|P001643
M004073,Downtown Cafe,2025-07-22T16:15:39,P000419|P000039|P002179
M004074,Storage Facility 12,2025-10-11T22:38:12,P000007|P001687
M004075,Parking Garage B,2025-11-25T19:04:21,P002949|P002499|P001619|P001699|P001369
M004076,Storage Facility 12,2025-03-14T07:45:27,P001678|P002838|P001458|P000168|P001448|P001828
M004077,Riverside Docks,2025-09-12T01:56:32,P002473|P003223
M004078,Storage Facility 12,2025-04-19T08:05:52,P002467|P000267|P002547
M004079,Storage Facility 12,2025-12-28T02:55:01,P002524|P002674|P000954|P002874
M004080,Warehouse District,2025-08-05T19:26:55,P001222|P001162|P000142
M004081,Riverside Docks,2025-05-01T08:23:02,P001060|P000660|P002900
M004082,Downtown Cafe,2025-09-20T23:20:20,P003349|P002029|P000119|P000239|P001949|P002689
M004083,Storage Facility 12,2025-09-04T16:47:10,P000710|P001530|P001540|P003410|P000760
M004084,Parking Garage B,2025-01-03T12:31:06,P003181|P001501|P000961|P001071|P000031|P000471
M004085,Riverside Docks,2025-06-24T17:47:07,P002900|P002120|P001010|P003270|P000380
M004086,Storage Facility 12,2025-06-02T12:58:54,P001037|P003187|P002317|P001597|P000547|P002257
M004087,Private Villa,2025-12-23T08:27:28,P002158|P002438
M004088,Parking Garage B,2025-10-03T07:45:09,P002589|P003229|P001179|P000349|P002329
M004089,Backroom - Lucky Star Bar,2025-06-24T04:24:07,P002007|P000517|P001517|P000637|P000057|P000217
M004090,Downtown Cafe,2025-09-08T21:56:02,P003210|P003350|P000900
M004091,Abandoned Factory,2025-03-15T15:51:07,P003359|P001139|P001229|P000079|P000839
M004092,Downtown Cafe,2025-01-31T15:43:47,P002012|P001372|P003122
M004093,Downtown Cafe,2025-07-19T01:29:53,P001091|P001041|P002221
M004094,Backroom - Lucky Star Bar,2025-06-16T17:03:48,P001044|P001784|P001704
M004095,Warehouse District,2025-05-25T15:31:38,P001221|P001691|P002951|P001871
M004096,Warehouse District,2025-10-20T05:44:26,P002067|P003027|P001027|P001137|P003107|P000567
M004097,Private Villa,2025-06-13T12:40:16,P003304|P000524|P002514|P001084|P000804
M004098,Backroom - Lucky Star Bar,2025-08-29T21:22:30,P001582|P002172|P002882|P002752
M004099,Parking Garage B,2025-05-19T19:44:29,P001786|P000786|P001456|P002636
M004100,Riverside Docks,2025-12-04T21:14:33,P002573|P001323|P002523|P001173|P002123
M004101,Backroom - Lucky Star Bar,2025-12-04T12:28:05,P001612|P000232|P002372|P001332|P002962|P000792
M004102,Parking Garage B,2025-06-30T15:44:01,P001346|P002456|P001326
M004103,Downtown Cafe,2025-02-20T19:24:38,P001342|P003112|P002592|P003222
M004104,Riverside Docks,2025-05-27T21:15:41,P002510|P000840|P001420|P001520|P003440
M004105,Private Villa,2025-09-16T04:20:17,P002173|P001863|P002703|P000763|P001253|P000623
M004106,Riverside Docks,2025-04-21T14:40:38,P000862|P000212|P001662
M004107,Backroom - Lucky Star Bar,2025-10-11T23:01:41,P002879|P000059|P000589
M004108,Storage Facility 12,2025-10-12T07:54:08,P002916|P003036
M004109,Abandoned Factory,2025-02-22T13:30:07,P002787|P000807|P000887|P002707|P003357
M004110,Riverside Docks,2025-12-17T04:04:44,P000256|P001506|P001296|P002516|P001896
M004111,Backroom - Lucky Star Bar,2025-03-23T18:02:09,P000472|P002122
M004112,Private Villa,2025-10-14T14:06:16,P001080|P000270|P002560|P003240|P001470
M004113,Abandoned Factory,2025-11-02T00:29:28,P001710|P002550|P003300
M004114,Riverside Docks,2025-07-30T15:15:33,P002502|P001202|P001622
M004115,Warehouse District,2025-10-10T00:34:50,P001825|P002945
M004116,Riverside Docks,2025-05-19T00:38:31,P002834|P001934
M004117,Abandoned Factory,2025-06-27T16:44:03,P002261|P000191|P002431|P002661
M004118,Backroom - Lucky Star Bar,2025-01-26T20:38:45,P002482|P003222|P000322|P002352|P003042
M004119,Riverside Docks,2025-05-26T17:25:46,P000747|P000617|P000307|P003267|P001927|P002347
M004120,Storage Facility 12,2025-12-07T11:30:55,P001081|P001231|P003041|P000611|P000521
M004121,Parking Garage B,2025-02-10T21:48:15,P000475|P000085
M004122,Downtown Cafe,2025-07-03T15:27:46,P003341|P003481
M004123,Riverside Docks,2025-05-17T09:35:19,P001124|P001324|P002684|P001894
M004124,Riverside Docks,2025-10-22T12:31:51,P003232|P001942|P002562|P001872|P000712
M004125,Storage Facility 12,2025-03-10T02:17:59,P000511|P002121|P000071|P001341
M004126,Parking Garage B,2025-02-12T09:59:48,P003048|P000178
M004127,Riverside Docks,2025-12-17T18:55:57,P000563|P001733|P003103|P000243|P000103
M004128,Private Villa,2025-01-15T03:25:11,P000816|P002686|P002446|P000426
M004129,Downtown Cafe,2025-07-20T02:17:15,P003274|P000344|P000224|P000834|P003054|P001274
M004130,Backroom - Lucky Star Bar,2025-08-10T20:32:26,P001404|P000704|P001774|P002854|P002504
M004131,Downtown Cafe,2025-04-10T11:47:06,P003348|P002518|P000788
M004132,Backroom - Lucky Star Bar,2025-10-16T12:55:11,P000699|P001399|P000759|P000289|P003459|P000819
M004133,Private Villa,2025-12-07T19:04:07,P001913|P002003|P000313
M004134,Warehouse District,2025-08-03T20:54:37,P002697|P000407|P000967
M004135,Private Villa,2025-11-13T07:37:25,P003250|P000040|P000150
M004136,Abandoned Factory,2025-12-12T14:32:36,P000067|P002307
M004137,Abandoned Factory,2025-07-14T02:01:17,P003383|P000333
M004138,Riverside Docks,2025-11-02T06:34:33,P002483|P000063|P000993|P002493
M004139,Riverside Docks,2025-09-03T16:18:59,P002776|P002596|P001266|P001456|P002766|P001376
M004140,Downtown Cafe,2025-10-31T13:11:09,P002882|P003252|P001712|P000992
M004141,Downtown Cafe,2025-12-30T09:54:05,P001128|P003028|P001628|P002138|P002898|P000798
M004142,Downtown Cafe,2025-09-10T12:27:01,P001360|P003180|P001670|P002360|P000140
M004143,Private Villa,2025-02-01T01:39:00,P003162|P001962|P002492|P001412
M004144,Riverside Docks,2025-10-26T10:38:37,P000207|P001997|P000827|P003067|P000567|P001957
M004145,Parking Garage B,2025-03-06T02:15:23,P003083|P000823|P003043|P001883|P000443|P002663
M004146,Warehouse District,2025-10-21T12:50:00,P003072|P002472|P002592|P002982|P000762
M004147,Parking Garage B,2025-09-12T21:14:17,P000281|P002271|P000031|P001441
M004148,Private Villa,2025-01-23T09:44:11,P002842|P001712|P000862|P001722
M004149,Private Villa,2025-10-08T12:38:40,P003355|P000405|P002445|P001595|P002375
M004150,Private Villa,2025-04-10T00:14:09,P000572|P002912|P001562
M004151,Storage Facility 12,2025-02-17T14:26:34,P001402|P003102|P002772|P000332|P003472
M004152,Storage Facility 12,2025-07-26T16:10:03,P000722|P003312|P000502|P001442|P001312|P001232
M004153,Downtown Cafe,2025-04-04T18:02:32,P001328|P001238|P003138|P001738|P001918
M004154,Backroom - Lucky Star Bar,2025-02-16T02:07:24,P002373|P002553|P001803|P002653|P001933|P002173
M004155,Backroom - Lucky Star Bar,2025-02-20T17:39:16,P000336|P000696|P003446
M004156,Backroom - Lucky Star Bar,2025-09-29T13:08:57,P001904|P000614|P000624|P000304|P002104|P002694
M004157,Abandoned Factory,2025-07-04T00:41:12,P002394|P000894|P002844|P002794|P002574
M004158,Storage Facility 12,2025-11-08T12:41:45,P003346|P000326
M004159,Backroom - Lucky Star Bar,2025-01-29T15:49:55,P002724|P002564
M004160,Parking Garage B,2025-02-16T08:27:03,P002321|P000701|P000831|P003461|P000641|P001921
M004161,Parking Garage B,2025-07-29T04:20:23,P000116|P000766|P000226|P000066|P002086
M004162,Abandoned Factory,2025-02-28T05:09:36,P001640|P000490|P000460|P002480
M004163,Warehouse District,2025-09-22T07:17:58,P003485|P001785|P002895|P001595|P000705|P000845
M004164,Downtown Cafe,2025-01-11T02:07:13,P000977|P001547
M004165,Riverside Docks,2025-11-10T08:31:15,P002532|P003292|P001982|P000932|P002552|P003232
M004166,Downtown Cafe,2025-07-19T02:19:59,P001895|P001465|P002395|P002375|P000585|P002315
M004167,Abandoned Factory,2025-12-29T22:42:40,P003125|P002065|P001865|P002735|P000445
M004168,Riverside Docks,2025-04-23T14:37:49,P002938|P000658|P000638|P003258|P002268
M004169,Storage Facility 12,2025-12-12T15:00:58,P002330|P001520|P001490|P003410|P003430|P001590
M004170,Storage Facility 12,2025-08-16T22:44:08,P001910|P002140
M004171,Private Villa,2025-01-01T15:40:32,P003314|P002454|P003054|P000044|P001864
M004172,Warehouse District,2025-11-09T01:25:31,P000972|P002582
M004173,Backroom - Lucky Star Bar,2025-09-11T13:32:35,P001736|P002926|P000756|P002486
M004174,Abandoned Factory,2025-08-31T07:31:27,P002423|P001123|P000073|P001553|P003383
M004175,Storage Facility 12,2025-01-22T10:13:09,P001681|P002941
M004176,Private Villa,2025-10-18T10:59:33,P002591|P002171|P000251
M004177,Abandoned Factory,2025-01-28T09:12:09,P003049|P001939|P000789
M004178,Riverside Docks,2025-05-23T17:51:45,P003340|P000830|P002170
M004179,Backroom - Lucky Star Bar,2025-07-29T23:20:09,P000651|P003161|P000881|P002341|P000411
M004180,Storage Facility 12,2025-11-26T13:08:21,P000177|P000117|P000867
M004181,Storage Facility 12,2025-12-02T20:37:41,P002576|P000146
M004182,Riverside Docks,2025-07-12T23:17:41,P003125|P000005
M004183,Storage Facility 12,2025-07-09T03:35:00,P002762|P001332|P003072
M004184,Abandoned Factory,2025-06-17T20:48:41,P002149|P002509
M004185,Private Villa,2025-08-30T11:11:42,P002964|P003064
M004186,Storage Facility 12,2025-12-26T08:24:30,P001005|P002295|P001025|P001925|P001195
M004187,Riverside Docks,2025-10-13T01:19:57,P000028|P002048|P002768|P001228
M004188,Abandoned Factory,2025-10-30T17:56:03,P001999|P000959|P002899|P002559|P001419
M004189,Warehouse District,2025-07-03T07:20:06,P001033|P001673
M004190,Parking Garage B,2025-04-19T11:31:39,P001281|P001171|P002551
M004191,Private Villa,2025-06-04T00:19:24,P000421|P003131
M004192,Backroom - Lucky Star Bar,2025-04-18T00:57:10,P000846|P000076|P002036|P001456|P000296
M004193,Abandoned Factory,2025-10-18T07:37:42,P002791|P000871|P003061|P003201|P002681
M004194,Storage Facility 12,2025-11-19T09:16:50,P002576|P001536
M004195,Downtown Cafe,2025-01-22T01:21:48,P002279|P000339|P003489
M004196,Private Villa,2025-06-25T05:17:29,P003273|P002463
M004197,Downtown Cafe,2025-01-03T17:13:05,P000882|P001462|P003102|P001652
M004198,Backroom - Lucky Star Bar,2025-01-14T17:20:27,P000816|P002916
M004199,Backroom - Lucky Star Bar,2025-01-04T15:37:57,P002059|P000619|P003089
M004200,Storage Facility 12,2025-06-13T15:14:05,P002817|P002757
M004201,Riverside Docks,2025-02-19T03:33:20,P000810|P002290|P001350|P000070|P001370
M004202,Abandoned Factory,2025-11-16T09:08:33,P002355|P002945
M004203,Storage Facility 12,2025-10-09T11:38:24,P002222|P000302|P000792|P002342|P002052|P000452
M004204,Parking Garage B,2025-09-18T02:46:11,P002222|P003362
M004205,Riverside Docks,2025-12-18T20:48:35,P003072|P000052|P000502|P002442
M004206,Riverside Docks,2025-10-22T13:18:55,P003229|P000229
M004207,Downtown Cafe,2025-01-02T03:02:09,P001727|P001077|P001717|P002667|P001107
M004208,Warehouse District,2025-08-18T05:39:56,P002807|P001817|P002637
M004209,Abandoned Factory,2025-04-06T18:34:27,P002614|P001774|P003144|P002264|P001664
M004210,Riverside Docks,2025-08-14T17:24:17,P000672|P003222|P002552
M004211,Private Villa,2025-03-13T06:48:12,P000559|P001659|P003079|P003089|P001809|P002119
M004212,Riverside Docks,2025-08-21T17:47:33,P002827|P000357
M004213,Downtown Cafe,2025-02-23T01:17:41,P000211|P002841|P002921
M004214,Private Villa,2025-12-28T20:55:52,P002449|P002529|P000959
M004215,Abandoned Factory,2025-06-21T13:27:19,P002323|P001883|P001763|P002043|P000823
M004216,Downtown Cafe,2025-03-04T18:34:08,P000045|P002785|P001705|P001115
M004217,Abandoned Factory,2025-09-19T23:28:08,P000040|P001430|P000590|P002970
M004218,Parking Garage B,2025-02-13T02:59:25,P003317|P000597|P000927|P002287
M004219,Backroom - Lucky Star Bar,2025-02-02T05:04:17,P000814|P003224|P003464
M004220,Downtown Cafe,2025-01-09T00:32:10,P000842|P001082|P001002|P000712
M004221,Backroom - Lucky Star Bar,2025-07-18T02:40:30,P002658|P000228|P002218|P002448|P000258
M004222,Backroom - Lucky Star Bar,2025-06-21T23:10:53,P001980|P000730|P000500|P002610|P003480|P000290
M004223,Backroom - Lucky Star Bar,2025-03-11T00:02:29,P001862|P002582|P001052
M004224,Backroom - Lucky Star Bar,2025-06-16T18:29:20,P002679|P002529|P001379
M004225,Storage Facility 12,2025-11-04T05:04:15,P002492|P001472|P001182|P000192
M004226,Riverside Docks,2025-01-22T06:01:13,P002322|P001482|P000792|P002132|P000642|P000302
M004227,Abandoned Factory,2025-03-29T16:21:36,P000941|P001661
M004228,Backroom - Lucky Star Bar,2025-05-06T23:30:07,P002755|P001625|P003255
M004229,Warehouse District,2025-09-25T04:38:29,P000993|P002183|P003243|P003003|P000733|P002233
M004230,Backroom - Lucky Star Bar,2025-05-26T16:38:38,P001498|P002168|P002978
M004231,Abandoned Factory,2025-05-25T15:25:21,P001136|P001026|P000966|P000756
M004232,Abandoned Factory,2025-09-13T18:18:31,P001474|P000374|P003424|P003454|P000444|P001384
M004233,Storage Facility 12,2025-08-13T16:46:12,P001380|P001800|P001090
M004234,Warehouse District,2025-08-29T23:00:22,P002154|P000494|P002854|P002954|P001514|P003424
M004235,Parking Garage B,2025-12-10T13:41:41,P000350|P000510|P000750|P001140
M004236,Backroom - Lucky Star Bar,2025-06-01T18:50:43,P000203|P001723|P003403|P002373|P000463|P002613
M004237,Abandoned Factory,2025-03-28T18:56:58,P003028|P002258|P002578|P002988
M004238,Private Villa,2025-05-07T01:57:53,P002254|P000034|P003334
M004239,Storage Facility 12,2025-02-03T14:46:01,P002893|P000593
M004240,Storage Facility 12,2025-06-04T00:38:16,P000003|P000213|P002243|P002553
M004241,Private Villa,2025-10-05T17:19:18,P000352|P002462|P000782|P001282
M004242,Storage Facility 12,2025-12-15T16:21:40,P002191|P002111|P000111|P000641
M004243,Warehouse District,2025-09-22T04:57:41,P000191|P001031|P000171
M004244,Private Villa,2025-01-02T21:16:10,P000230|P002530|P000350
M004245,Parking Garage B,2025-02-15T13:27:38,P003197|P000527
M004246,Downtown Cafe,2025-12-28T15:16:14,P001664|P000314|P001834|P001224
M004247,Private Villa,2025-04-24T04:09:40,P001249|P002809|P000009|P002869|P000789|P000769
M004248,Storage Facility 12,2025-09-23T10:22:23,P000170|P001630|P002640|P000760|P002570
M004249,Backroom - Lucky Star Bar,2025-09-20T23:42:26,P000581|P003091
M004250,Backroom - Lucky Star Bar,2025-03-01T09:56:16,P001375|P002895|P002295|P002035|P000295
M004251,Warehouse District,2025-02-03T04:56:53,P000415|P001475|P002505|P000995
M004252,Private Villa,2025-10-07T13:26:58,P002642|P000752|P001202|P001782|P002962|P003052
M004253,Downtown Cafe,2025-07-09T20:54:33,P001731|P003001|P001591|P003111|P001511|P003091
M004254,Warehouse District,2025-01-13T22:13:06,P001826|P001276
M004255,Abandoned Factory,2025-03-18T12:03:04,P002757|P001567|P002837|P003257|P001957
M004256,Storage Facility 12,2025-05-26T20:04:11,P001865|P003435
M004257,Private Villa,2025-03-08T15:14:08,P000346|P002936|P002966|P001786|P002586
M004258,Abandoned Factory,2025-02-28T04:51:08,P002070|P001090|P003470|P000720|P002160
M004259,Downtown Cafe,2025-10-17T11:24:35,P000164|P003384|P002634
M004260,Riverside Docks,2025-12-31T05:39:51,P002321|P000311
M004261,Private Villa,2025-08-25T04:20:30,P002326|P001236
M004262,Backroom - Lucky Star Bar,2025-09-22T14:53:44,P001550|P003260|P001520
M004263,Abandoned Factory,2025-11-05T09:43:29,P001223|P000503|P001583
M004264,Riverside Docks,2025-04-26T03:14:08,P003087|P001187|P003167|P003107
M004265,Riverside Docks,2025-10-02T22:21:46,P001752|P000342|P001562|P000472|P000062|P001192
M004266,Backroom - Lucky Star Bar,2025-02-05T11:33:44,P000166|P000526|P001136|P002916
M004267,Riverside Docks,2025-01-23T11:06:07,P001623|P000023|P003193|P001963|P000643
M004268,Storage Facility 12,2025-06-30T00:31:42,P001901|P003481
M004269,Private Villa,2025-01-01T18:43:34,P002686|P002396|P001806|P000756|P000456|P002076
M004270,Abandoned Factory,2025-12-05T03:51:46,P002290|P001760|P001180|P001890|P002870
M004271,Parking Garage B,2025-11-19T02:13:38,P001726|P002046|P000836
M004272,Storage Facility 12,2025-08-12T14:46:17,P000919|P000989|P000259|P001949
M004273,Backroom - Lucky Star Bar,2025-01-03T10:31:42,P001851|P000061|P003301|P001631|P001581|P000821
M004274,Parking Garage B,2025-11-11T07:13:26,P003216|P000496|P002546|P002476|P002126|P001326
M004275,Storage Facility 12,2025-08-23T02:24:40,P001885|P001035|P003195|P002325|P002625
M004276,Riverside Docks,2025-01-10T23:05:04,P000936|P000966|P002426|P001696
M004277,Downtown Cafe,2025-10-10T00:51:45,P001019|P003039|P002029|P000889|P001499|P001539
M004278,Warehouse District,2025-09-22T17:37:26,P001013|P000553|P000263|P002623
M004279,Backroom - Lucky Star Bar,2025-08-08T18:29:20,P003167|P000937|P003017|P000417|P002437|P002477
M004280,Abandoned Factory,2025-04-12T11:58:49,P001567|P003057|P001227|P003127
M004281,Warehouse District,2025-11-11T22:52:07,P003006|P000106|P001156|P000656|P000416|P001256
M004282,Private Villa,2025-09-07T21:30:51,P000409|P000239
M004283,Storage Facility 12,2025-04-23T04:45:03,P001547|P002197|P002727|P001737|P000877|P003007
M004284,Downtown Cafe,2025-04-23T11:12:17,P001438|P002888|P002818|P002478|P000978|P001888
M004285,Riverside Docks,2025-12-24T22:38:54,P003158|P002608|P001418
M004286,Downtown Cafe,2025-07-19T13:49:57,P001324|P003024|P003294|P002884
M004287,Downtown Cafe,2025-12-29T02:55:43,P001948|P002528|P003008|P003438|P001808
M004288,Warehouse District,2025-05-28T15:44:22,P001507|P002317|P000397|P001487|P000547
M004289,Downtown Cafe,2025-02-21T20:54:28,P002314|P000984|P002854|P003024
M004290,Abandoned Factory,2025-05-17T21:04:02,P000371|P002081|P001791|P000261|P001871|P000561
M004291,Private Villa,2025-09-24T22:34:59,P000087|P000147|P002417|P000767
M004292,Parking Garage B,2025-11-03T14:36:47,P000079|P003099|P002729|P002869|P000729|P002619
M004293,Parking Garage B,2025-12-18T00:42:17,P002606|P000546|P000656
M004294,Downtown Cafe,2025-07-31T15:43:57,P001989|P003229|P001029|P000689|P001669|P000129
M004295,Abandoned Factory,2025-03-29T16:24:47,P001137|P001067|P001867|P001977|P000887
M004296,Warehouse District,2025-08-05T05:50:04,P002495|P000255|P001005
M004297,Private Villa,2025-08-27T21:03:53,P001549|P000729|P002669|P002299
M004298,Storage Facility 12,2025-04-21T11:24:18,P000389|P000449
M004299,Downtown Cafe,2025-11-07T14:50:26,P002449|P003449|P001389|P003429|P000609
M004300,Warehouse District,2025-05-28T09:58:13,P003200|P000450|P001390|P002790|P001260|P002570
M004301,Backroom - Lucky Star Bar,2025-01-08T05:43:09,P003411|P002121|P000761|P001031|P001501|P003091
M004302,Downtown Cafe,2025-02-10T21:42:11,P000019|P002069|P001369|P000069
M004303,Storage Facility 12,2025-02-20T09:00:04,P003290|P002520
M004304,Backroom - Lucky Star Bar,2025-11-10T09:49:41,P000160|P000900|P000480|P002680|P001890|P000520
M004305,Downtown Cafe,2025-05-13T03:17:59,P001207|P001317
M004306,Downtown Cafe,2025-10-06T22:25:49,P002713|P000483|P000933|P002343
M004307,Abandoned Factory,2025-06-02T18:43:49,P001387|P000147|P000437|P001227
M004308,Warehouse District,2025-03-13T22:35:21,P002455|P002125
M004309,Storage Facility 12,2025-09-03T01:07:54,P000846|P002846
M004310,Backroom - Lucky Star Bar,2025-06-16T18:30:37,P000284|P002104
M004311,Abandoned Factory,2025-06-18T20:21:15,P003068|P002118|P002138
M004312,Downtown Cafe,2025-05-11T02:08:25,P000179|P002869|P000299|P002299
M004313,Parking Garage B,2025-01-21T15:58:06,P000586|P001916|P001806
M004314,Warehouse District,2025-11-11T11:15:56,P000522|P000832|P000202|P001952|P001552|P002252
M004315,Downtown Cafe,2025-07-03T03:13:05,P000376|P002186|P002046|P001756
M004316,Warehouse District,2025-03-29T14:58:03,P001692|P001802
M004317,Private Villa,2025-02-25T23:16:59,P002728|P000328
M004318,Downtown Cafe,2025-09-14T12:36:39,P003385|P003075|P002565|P002285
M004319,Parking Garage B,2025-04-04T01:21:38,P002793|P000843
M004320,Storage Facility 12,2025-05-02T06:55:28,P002423|P003423
M004321,Private Villa,2025-09-25T11:37:48,P001681|P001611|P001631|P000201|P002181|P002261
M004322,Warehouse District,2025-02-02T10:19:34,P002115|P000055|P000625
M004323,Private Villa,2025-05-13T13:27:44,P002121|P001821|P001611
M004324,Parking Garage B,2025-08-17T14:28:30,P003471|P000031|P002541|P002601|P000731
M004325,Backroom - Lucky Star Bar,2025-03-26T05:48:22,P002376|P000206|P000136
M004326,Private Villa,2025-08-20T11:07:15,P001374|P000134|P002224
M004327,Parking Garage B,2025-11-18T04:07:43,P001753|P001063|P002033|P001333|P002243
M004328,Private Villa,2025-03-11T08:42:29,P003281|P001221|P002041|P001491
M004329,Abandoned Factory,2025-06-06T00:00:53,P002686|P000186|P001096|P000906|P000136|P001706
M004330,Private Villa,2025-08-04T04:23:04,P002159|P000149|P000229|P000839|P001589|P002289
M004331,Parking Garage B,2025-12-30T13:23:42,P001773|P001373
M004332,Storage Facility 12,2025-02-11T09:38:29,P003127|P000647|P002697
M004333,Riverside Docks,2025-03-01T10:51:00,P002238|P001808|P001768|P000808
M004334,Parking Garage B,2025-04-24T19:36:35,P002865|P000205|P003445|P001085|P001875
M004335,Warehouse District,2025-08-24T09:24:28,P001178|P002798|P003448
M004336,Storage Facility 12,2025-12-25T06:02:25,P002137|P003257|P000817|P001637|P001047|P001937
M004337,Private Villa,2025-10-18T04:14:02,P002287|P001377|P002647|P002697
M004338,Downtown Cafe,2025-09-11T08:47:37,P002595|P000265|P002875|P000095|P000485|P003235
M004339,Parking Garage B,2025-03-12T14:02:30,P001827|P003257|P002577
M004340,Abandoned Factory,2025-09-27T21:00:17,P001029|P000159|P002099|P002419
M004341,Parking Garage B,2025-10-25T13:46:54,P000810|P003260
M004342,Warehouse District,2025-03-16T12:38:31,P003073|P001903|P002253
M004343,Private Villa,2025-09-29T13:40:52,P001074|P003414|P000364|P001304|P003214
M004344,Warehouse District,2025-01-30T07:30:49,P001907|P000387|P000837
M004345,Riverside Docks,2025-08-17T13:17:09,P000416|P000356
M004346,Storage Facility 12,2025-07-21T15:36:17,P001251|P000561|P003281|P000141|P001741|P002961
M004347,Abandoned Factory,2025-07-10T05:09:18,P001436|P001906|P001116
M004348,Warehouse District,2025-12-04T22:16:15,P002289|P001929|P000939|P002269
M004349,Downtown Cafe,2025-05-20T14:07:32,P000464|P002144|P000084|P002404
M004350,Downtown Cafe,2025-04-02T07:22:48,P002631|P000141|P000741|P002531
M004351,Abandoned Factory,2025-09-04T09:24:47,P000540|P001840|P001010
M004352,Abandoned Factory,2025-01-12T23:35:03,P002125|P002855|P000295|P001855|P003245|P003105
M004353,Backroom - Lucky Star Bar,2025-03-28T14:33:57,P002911|P000311
M004354,Private Villa,2025-11-26T10:54:26,P002358|P002958|P001598|P001938|P001648|P001268
M004355,Backroom - Lucky Star Bar,2025-07-27T18:48:46,P001528|P002838|P002788|P000398
M004356,Riverside Docks,2025-11-09T02:39:29,P000423|P000993|P001813|P000673|P003433
M004357,Downtown Cafe,2025-10-21T17:52:02,P000647|P000997|P001927|P001467|P000607|P000907
M004358,Warehouse District,2025-07-20T15:52:16,P002256|P002496|P001796
M004359,Private Villa,2025-07-21T14:31:33,P001419|P001169|P002619|P000109|P000969
M004360,Downtown Cafe,2025-11-19T17:54:16,P001224|P001444|P001324|P002304|P001434|P001114
M004361,Backroom - Lucky Star Bar,2025-04-18T12:44:25,P001173|P003353
M004362,Downtown Cafe,2025-02-02T21:26:23,P001004|P001274
M004363,Backroom - Lucky Star Bar,2025-06-07T04:30:28,P003210|P000550|P001120
M004364,Private Villa,2025-11-22T00:29:13,P000298|P002608|P002468
M004365,Abandoned Factory,2025-02-25T01:28:22,P001636|P003286
M004366,Parking Garage B,2025-10-13T18:34:06,P003379|P003319|P001439|P001079|P002429
M004367,Backroom - Lucky Star Bar,2025-07-29T03:10:50,P002619|P002019|P000799|P000009
M004368,Warehouse District,2025-02-15T04:45:20,P003412|P003102
M004369,Downtown Cafe,2025-04-30T07:04:04,P001535|P000805|P000215|P001895|P002435|P001405
M004370,Backroom - Lucky Star Bar,2025-11-06T19:37:42,P002905|P002465|P002195|P001455
M004371,Riverside Docks,2025-01-25T22:39:14,P002505|P001835|P000225|P000955|P002855|P000745
M004372,Riverside Docks,2025-05-02T07:10:20,P002366|P000516|P001746|P003296|P000466|P000716
M004373,Riverside Docks,2025-09-25T11:35:12,P003391|P003211|P001791|P002401
M004374,Parking Garage B,2025-08-06T14:05:47,P000600|P000680|P002640|P000500
M004375,Private Villa,2025-05-27T21:45:11,P000573|P002223|P003483
M004376,Riverside Docks,2025-05-22T10:55:33,P000676|P001726|P001216|P001806|P001976
M004377,Riverside Docks,2025-04-09T03:48:37,P001719|P002839|P000089|P003469|P002719
M004378,Warehouse District,2025-05-12T12:12:25,P001536|P003006|P002206|P001116|P001906
M004379,Warehouse District,2025-03-09T08:15:07,P002304|P002914|P001724|P002884
M004380,Downtown Cafe,2025-01-26T06:39:28,P000440|P001140|P001660
M004381,Storage Facility 12,2025-12-11T07:03:42,P002946|P001126|P001656|P000466|P003256
M004382,Storage Facility 12,2025-03-29T11:36:34,P001909|P003249|P002489|P003309|P001549
M004383,Parking Garage B,2025-04-10T12:11:50,P002324|P002194|P002124|P003324
M004384,Backroom - Lucky Star Bar,2025-04-27T08:10:34,P001603|P003333
M004385,Storage Facility 12,2025-04-30T23:47:03,P000741|P001041|P001341
M004386,Abandoned Factory,2025-02-10T17:14:28,P001935|P000115|P002365|P002535|P002315
M004387,Storage Facility 12,2025-11-21T22:35:36,P003330|P003060|P003260
M004388,Warehouse District,2025-01-23T08:32:00,P002791|P001341|P001981|P000691|P002131
M004389,Riverside Docks,2025-10-30T03:48:01,P000345|P001945|P001315|P000725|P001175|P000815
M004390,Backroom - Lucky Star Bar,2025-12-14T15:10:54,P001664|P003324|P000554|P002754|P001594|P003444
M004391,Private Villa,2025-12-17T13:21:42,P003242|P003132
M004392,Private Villa,2025-12-24T17:51:44,P001237|P000457
M004393,Abandoned Factory,2025-04-02T15:22:00,P000052|P003332|P001172|P002692
M004394,Storage Facility 12,2025-01-30T17:08:13,P001656|P001306|P003216|P003476|P000756|P000336
M004395,Private Villa,2025-08-19T20:42:15,P001263|P000073|P001443|P001593|P001383
M004396,Storage Facility 12,2025-04-13T20:12:49,P003337|P001887|P001017|P002047
M004397,Downtown Cafe,2025-09-12T01:03:50,P000513|P002493|P001963
M004398,Abandoned Factory,2025-09-10T01:12:32,P000639|P001399|P002239|P001979|P003059
M004399,Parking Garage B,2025-06-27T15:21:52,P001164|P000314|P000884|P001254|P003294
M004400,Backroom - Lucky Star Bar,2025-11-27T22:45:55,P002749|P001759|P001829|P000479|P001519
M004401,Warehouse District,2025-03-07T07:23:50,P002985|P002795|P002625|P002825
M004402,Storage Facility 12,2025-02-19T22:36:20,P001877|P002277|P000497
M004403,Backroom - Lucky Star Bar,2025-09-06T13:09:08,P000689|P002389|P002879|P000259|P001949
M004404,Parking Garage B,2025-12-05T20:20:32,P001843|P002063|P000743|P000083|P003073|P001903
M004405,Abandoned Factory,2025-02-03T09:31:57,P000746|P000036|P000296|P002906|P001696
M004406,Backroom - Lucky Star Bar,2025-11-09T02:50:37,P003136|P001506|P000086|P002956|P002916
M004407,Storage Facility 12,2025-11-21T16:40:47,P001441|P002981|P001971|P000191|P000281
M004408,Backroom - Lucky Star Bar,2025-04-18T19:45:48,P003460|P002440
M004409,Downtown Cafe,2025-07-14T17:52:58,P001716|P000306|P001076|P003156|P001086|P003016
M004410,Storage Facility 12,2025-12-27T03:37:30,P000168|P001828|P002698
M004411,Parking Garage B,2025-05-21T03:38:35,P000834|P000014|P000734|P001374|P000444
M004412,Private Villa,2025-08-24T08:14:06,P000226|P003136|P000646|P000316|P001536
M004413,Warehouse District,2025-06-08T19:39:00,P000101|P001671|P001551|P003121|P001881
M004414,Private Villa,2025-01-17T03:51:32,P001357|P001037|P000137|P000677
M004415,Backroom - Lucky Star Bar,2025-04-18T17:03:32,P000908|P000208
M004416,Parking Garage B,2025-01-20T23:52:52,P001901|P001101|P001071|P001421
M004417,Storage Facility 12,2025-10-31T14:54:42,P003073|P002293|P001793|P003183
M004418,Abandoned Factory,2025-08-08T07:13:23,P000405|P003275|P001055
M004419,Parking Garage B,2025-07-22T08:36:33,P000785|P000465
M004420,Storage Facility 12,2025-10-04T07:37:41,P001100|P003130|P000970|P000320|P000870
M004421,Backroom - Lucky Star Bar,2025-08-11T12:58:11,P002321|P000561
M004422,Warehouse District,2025-03-27T12:13:25,P001751|P000541
M004423,Private Villa,2025-04-27T22:19:08,P002018|P001828|P002098|P000508|P000218|P002848
M004424,Backroom - Lucky Star Bar,2025-10-04T20:43:49,P001564|P002584|P000354|P002044|P002654|P001144
M004425,Riverside Docks,2025-10-29T11:49:27,P000163|P002693|P001503|P000563|P001823
M004426,Parking Garage B,2025-02-18T18:15:02,P000388|P000278|P001168|P000758
M004427,Parking Garage B,2025-05-06T01:11:19,P001567|P003147|P002777|P002177|P003387|P000567
M004428,Warehouse District,2025-07-31T21:34:37,P002357|P002387|P002507|P000777|P000717|P003417
M004429,Storage Facility 12,2025-05-04T13:26:15,P000259|P001849|P001259|P002369|P003389|P000469
M004430,Storage Facility 12,2025-09-25T04:11:20,P002957|P001427|P000887|P002447|P002707|P003417
M004431,Private Villa,2025-07-11T12:38:50,P002731|P002261|P000991
M004432,Parking Garage B,2025-01-29T11:08:08,P001496|P000496|P000646|P001716|P001806|P002756
M004433,Warehouse District,2025-05-14T20:35:30,P001119|P003159|P002839|P000989
M004434,Backroom - Lucky Star Bar,2025-04-14T17:43:04,P001583|P001133|P000043
M004435,Downtown Cafe,2025-12-15T13:32:38,P003459|P001989|P000609|P002969|P000429
M004436,Downtown Cafe,2025-04-11T09:16:13,P000036|P002976|P002476|P001446|P001816|P001496
M004437,Storage Facility 12,2025-06-23T08:24:10,P000011|P000731
M004438,Abandoned Factory,2025-05-01T02:24:12,P000103|P001353|P003103|P001013|P001553
M004439,Downtown Cafe,2025-09-02T13:30:48,P001443|P001013|P000793|P002613|P000903|P000513
M004440,Parking Garage B,2025-05-14T23:34:28,P001155|P000015|P003085|P001015|P001245
M004441,Downtown Cafe,2025-06-13T00:18:08,P002614|P001664|P002934|P001694
M004442,Warehouse District,2025-04-28T12:31:18,P002950|P000960|P002110|P001610
M004443,Abandoned Factory,2025-05-27T16:19:19,P001617|P000907
M004444,Riverside Docks,2025-03-19T19:22:47,P003443|P001673|P001573|P000623
M004445,Backroom - Lucky Star Bar,2025-07-17T21:19:21,P002982|P001072|P003052|P002052
M004446,Storage Facility 12,2025-10-14T10:42:24,P000469|P003269|P001559|P001459
M004447,Private Villa,2025-01-29T11:16:12,P001540|P003220|P001930
M004448,Parking Garage B,2025-09-03T20:07:53,P000018|P001068|P001358|P002178
M004449,Riverside Docks,2025-10-15T12:09:02,P002999|P000479|P000889
M004450,Abandoned Factory,2025-05-26T16:01:37,P003398|P003008
M004451,Riverside Docks,2025-06-29T02:37:28,P000776|P002846
M004452,Parking Garage B,2025-09-09T18:58:36,P003258|P001828|P003118|P001898
M004453,Warehouse District,2025-11-17T16:50:28,P001531|P000111
M004454,Downtown Cafe,2025-10-30T21:45:02,P001888|P000728|P001978|P000068|P002128
M004455,Private Villa,2025-08-21T21:38:11,P003011|P003281
M004456,Abandoned Factory,2025-11-18T21:11:14,P000953|P000453|P000543
M004457,Private Villa,2025-08-31T06:37:59,P003327|P000257
M004458,Storage Facility 12,2025-08-28T02:21:18,P000141|P003081|P003461|P003481|P003151
M004459,Private Villa,2025-02-04T18:02:57,P001235|P003175|P000265|P000635|P001595|P000975
M004460,Private Villa,2025-01-24T06:53:24,P001312|P001142|P003202|P003392|P001912
M004461,Downtown Cafe,2025-07-09T04:56:50,P002359|P002939
M004462,Backroom - Lucky Star Bar,2025-01-31T15:30:51,P000329|P000059|P001749|P001859
M004463,Warehouse District,2025-07-26T01:47:01,P000308|P000598
M004464,Abandoned Factory,2025-06-03T22:27:53,P003230|P003280|P002620|P001680|P003370
M004465,Riverside Docks,2025-10-03T00:12:50,P002259|P002659|P003329|P002899
M004466,Downtown Cafe,2025-12-28T14:58:13,P000486|P002366
M004467,Warehouse District,2025-05-13T10:29:24,P001900|P002410|P001960|P000970|P000090
M004468,Backroom - Lucky Star Bar,2025-12-02T03:37:46,P000720|P001670|P000840|P000800|P000770|P000870
M004469,Riverside Docks,2025-08-29T17:41:10,P000572|P000692|P002932|P000752|P001062
M004470,Warehouse District,2025-04-03T22:53:23,P003018|P003058|P002778|P002918|P002228|P001918
M004471,Warehouse District,2025-07-06T09:54:00,P002441|P001011|P002471|P001371
M004472,Backroom - Lucky Star Bar,2025-03-08T22:47:17,P001882|P000462|P001052
M004473,Warehouse District,2025-10-12T04:28:50,P002984|P000384
M004474,Storage Facility 12,2025-12-16T20:32:39,P000371|P000221|P002291
M004475,Backroom - Lucky Star Bar,2025-06-02T10:03:03,P002170|P000050
M004476,Parking Garage B,2025-06-14T00:42:55,P000935|P001465|P001135|P000305|P003155|P001355
M004477,Abandoned Factory,2025-04-30T19:27:15,P000280|P003460
M004478,Private Villa,2025-05-22T01:21:53,P002148|P000578|P003388|P001298|P003328|P003278
M004479,Storage Facility 12,2025-07-18T01:10:12,P003483|P001183|P002663|P002103|P001743|P003153
M004480,Downtown Cafe,2025-02-19T05:27:17,P000490|P000210|P001470
M004481,Storage Facility 12,2025-02-02T22:02:10,P000948|P001138|P000878|P001728|P002878|P000418
M004482,Warehouse District,2025-08-27T12:15:48,P002948|P002848
M004483,Downtown Cafe,2025-07-28T04:11:14,P002156|P000336|P002986
M004484,Riverside Docks,2025-09-25T14:26:35,P000930|P000750|P000080|P000090|P002970
M004485,Storage Facility 12,2025-10-20T03:12:34,P001446|P001826|P000236|P000616|P000096
M004486,Backroom - Lucky Star Bar,2025-01-25T21:27:37,P002221|P002421|P000531|P000211|P001711|P002531
M004487,Parking Garage B,2025-04-26T09:28:43,P000886|P003006|P000716|P001446
M004488,Storage Facility 12,2025-02-06T01:45:16,P000337|P001637|P001397|P003087|P003387
M004489,Storage Facility 12,2025-06-19T06:39:13,P002598|P003358|P000158|P000028|P000578
M004490,Warehouse District,2025-06-19T06:29:26,P001208|P001108|P001558
M004491,Private Villa,2025-07-19T00:16:04,P001515|P003135|P000745|P000715
M004492,Private Villa,2025-08-12T09:14:07,P002389|P003139|P003019|P003039
M004493,Warehouse District,2025-07-17T23:20:44,P002055|P000495|P001015|P001965|P002185
M004494,Abandoned Factory,2025-10-30T01:18:54,P003138|P001548|P001308|P002478
M004495,Warehouse District,2025-10-15T05:13:48,P002248|P003378|P002098|P001328
M004496,Backroom - Lucky Star Bar,2025-01-07T18:18:27,P002149|P003329|P002779
M004497,Parking Garage B,2025-01-17T09:00:25,P002130|P003160|P002810|P002690
M004498,Downtown Cafe,2025-05-11T04:34:32,P002373|P002163|P001103|P002523|P001553|P002173
M004499,Riverside Docks,2025-06-14T07:27:11,P001906|P001836|P002326
M004500,Parking Garage B,2025-01-25T18:58:32,P002508|P001408|P000438|P001858|P001418|P001468
M004501,Parking Garage B,2025-10-31T22:27:44,P002556|P001756|P002046|P000466
M004502,Downtown Cafe,2025-12-08T21:51:31,P002903|P001563|P000863|P002823
M004503,Riverside Docks,2025-08-04T17:22:35,P002097|P001597|P001687|P002807
M004504,Warehouse District,2025-01-31T13:57:08,P003154|P001064|P000204|P002464|P001514|P000924
M004505,Warehouse District,2025-09-06T09:13:43,P002310|P003350|P002960|P002200|P001250
M004506,Abandoned Factory,2025-03-13T06:25:24,P001202|P002402|P001072
M004507,Private Villa,2025-10-19T22:12:37,P002149|P000829|P001639|P000479|P003419
M004508,Storage Facility 12,2025-06-12T19:56:47,P001828|P002718|P001788|P001858
M004509,Downtown Cafe,2025-01-10T13:01:55,P000459|P002269|P003369
M004510,Warehouse District,2025-12-22T01:26:13,P001181|P001081
M004511,Abandoned Factory,2025-03-17T02:28:35,P002956|P000666
M004512,Downtown Cafe,2025-04-19T15:05:16,P002812|P000722|P002442|P000592|P002172
M004513,Parking Garage B,2025-12-31T05:52:33,P001000|P001690|P002050|P001610|P000290|P002880
M004514,Downtown Cafe,2025-03-08T05:41:01,P003462|P000442|P003242|P002182
M004515,Parking Garage B,2025-10-26T19:32:02,P003430|P000520|P002570|P000190|P002680
M004516,Parking Garage B,2025-07-01T17:56:58,P002658|P001768|P001938|P000058
M004517,Abandoned Factory,2025-04-13T14:04:19,P001843|P000383|P000653|P000573|P002313|P002283
M004518,Warehouse District,2025-04-29T03:54:18,P002753|P003013|P002283|P001893
M004519,Storage Facility 12,2025-12-15T22:00:42,P000090|P000670|P000300
M004520,Warehouse District,2025-05-30T08:14:24,P001034|P001214
M004521,Downtown Cafe,2025-02-21T09:31:29,P002425|P002015|P001665|P000105|P002985|P000785
M004522,Riverside Docks,2025-05-02T15:48:06,P003108|P001978|P000198
M004523,Warehouse District,2025-01-27T08:17:56,P002809|P002519|P000789|P000289
M004524,Warehouse District,2025-07-15T15:48:44,P003114|P000874|P000804|P002104|P002034
M004525,Backroom - Lucky Star Bar,2025-09-06T07:07:58,P001525|P002245|P001625|P002585|P001235|P001965
M004526,Backroom - Lucky Star Bar,2025-09-11T21:06:10,P001317|P001117|P002407|P003347
M004527,Downtown Cafe,2025-10-20T02:11:07,P002166|P002556|P001806
M004528,Warehouse District,2025-08-26T02:49:35,P003398|P001208|P001458|P002978
M004529,Storage Facility 12,2025-01-12T23:27:16,P000722|P002082|P000422|P001292
M004530,Private Villa,2025-10-08T20:19:43,P000098|P000688|P000928|P000248|P000198
M004531,Parking Garage B,2025-03-07T06:39:57,P002473|P002663
M004532,Riverside Docks,2025-08-31T13:47:13,P001507|P000207|P002167|P002687
M004533,Riverside Docks,2025-01-31T14:49:20,P001604|P001884|P003084
M004534,Backroom - Lucky Star Bar,2025-11-07T22:15:12,P002656|P003126|P001236|P001646|P003416|P000276
M004535,Backroom - Lucky Star Bar,2025-04-05T23:03:24,P000777|P001057
M004536,Warehouse District,2025-05-26T11:54:32,P000189|P000239|P000029
M004537,Abandoned Factory,2025-07-24T07:12:14,P002271|P001031
M004538,Downtown Cafe,2025-10-03T22:14:09,P000450|P000470|P003410
M004539,Parking Garage B,2025-11-23T19:45:54,P001238|P000318|P003178|P001968|P001108
M004540,Private Villa,2025-02-21T05:06:31,P001507|P003237
M004541,Downtown Cafe,2025-08-19T08:23:14,P003400|P002370|P001410
M004542,Abandoned Factory,2025-03-20T12:37:18,P003252|P000842|P001352
M004543,Abandoned Factory,2025-02-20T11:49:42,P002830|P001900|P000230|P000720|P003020|P002300
M004544,Storage Facility 12,2025-05-05T02:33:13,P000260|P001430|P002550|P002730
M004545,Warehouse District,2025-10-21T14:38:51,P001027|P001167|P002487|P003377|P000527|P000197
M004546,Warehouse District,2025-12-18T06:56:43,P000322|P001312|P003492|P002372
M004547,Warehouse District,2025-05-03T09:06:47,P003027|P000777|P002587|P000747
M004548,Private Villa,2025-01-10T01:15:51,P001875|P002475|P001235|P002555
M004549,Riverside Docks,2025-09-17T14:18:04,P002168|P002358|P002768|P002648|P000978|P000268
M004550,Backroom - Lucky Star Bar,2025-06-02T08:07:37,P003350|P000040
M004551,Private Villa,2025-09-09T17:48:54,P003206|P000926|P002886
M004552,Abandoned Factory,2025-05-06T13:30:26,P003264|P003254|P002914|P001714|P003314
M004553,Abandoned Factory,2025-06-25T22:35:17,P002035|P001025
M004554,Downtown Cafe,2025-12-04T22:30:25,P002103|P002803|P002653|P001593|P001773
M004555,Storage Facility 12,2025-03-23T01:12:31,P002230|P003200
M004556,Abandoned Factory,2025-12-23T22:57:35,P000685|P001855|P000505|P000665|P001965|P000955
M004557,Storage Facility 12,2025-07-10T19:22:46,P003210|P001670|P002770|P003270|P001750|P001130
M004558,Warehouse District,2025-12-11T05:59:34,P001603|P000153|P000823|P000003
M004559,Downtown Cafe,2025-07-31T18:46:59,P000760|P003190|P002190|P003000|P000200|P001510
M004560,Parking Garage B,2025-03-05T19:52:31,P002256|P001006|P002156|P002986|P001936
M004561,Abandoned Factory,2025-10-24T02:59:31,P002526|P001036|P001356|P002866
M004562,Parking Garage B,2025-04-26T09:54:12,P002228|P002428
M004563,Abandoned Factory,2025-04-15T13:02:07,P002078|P000078
M004564,Parking Garage B,2025-04-18T21:52:55,P003266|P000556|P000926|P002016|P001806|P001186
M004565,Abandoned Factory,2025-06-05T20:52:38,P000988|P001938|P002398|P001338|P000568
M004566,Abandoned Factory,2025-02-27T10:30:18,P000915|P001845|P002585|P002375|P000245|P001505
M004567,Private Villa,2025-05-09T07:23:44,P000222|P002962|P001952|P000052|P002302
M004568,Downtown Cafe,2025-01-07T00:52:51,P001213|P000823
M004569,Warehouse District,2025-05-20T16:51:41,P002340|P000830
M004570,Private Villa,2025-10-19T11:14:39,P003301|P000351|P000091
M004571,Warehouse District,2025-04-17T20:26:22,P001832|P001802|P001382|P002282
M004572,Storage Facility 12,2025-03-02T07:20:27,P000685|P002195
M004573,Backroom - Lucky Star Bar,2025-03-14T17:03:11,P003000|P003130|P000930|P000990|P003330
M004574,Parking Garage B,2025-08-01T18:20:02,P001376|P001106|P001006|P002756
M004575,Storage Facility 12,2025-06-01T13:53:24,P002654|P001734|P001534|P002734|P001264|P002104
M004576,Private Villa,2025-02-18T15:33:41,P003224|P001624|P001284|P003284
M004577,Warehouse District,2025-01-19T02:24:28,P002359|P001989|P002339
M004578,Private Villa,2025-08-31T11:25:52,P003288|P001258|P002468|P003418
M004579,Backroom - Lucky Star Bar,2025-04-28T01:50:38,P002666|P000656
M004580,Downtown Cafe,2025-08-25T08:57:30,P001618|P002498|P002788|P002158
M004581,Storage Facility 12,2025-12-12T09:31:12,P002928|P001738|P001028|P001808|P001138
M004582,Storage Facility 12,2025-08-31T06:32:48,P003173|P002503
M004583,Riverside Docks,2025-09-01T03:52:08,P000327|P001947|P001817
M004584,Private Villa,2025-01-03T18:47:13,P001017|P003367|P000257
M004585,Parking Garage B,2025-08-31T04:36:45,P000388|P001558
M004586,Private Villa,2025-07-07T15:43:47,P003127|P000107
M004587,Storage Facility 12,2025-07-23T19:53:11,P000905|P001235|P002375
M004588,Riverside Docks,2025-07-02T22:17:31,P000449|P001549|P001829|P002459|P000719|P000989
M004589,Abandoned Factory,2025-07-26T00:02:56,P002809|P003459
M004590,Storage Facility 12,2025-05-07T19:07:45,P000436|P002606|P000606|P003266|P001186
M004591,Private Villa,2025-04-16T16:05:28,P002719|P002569|P003109
M004592,Downtown Cafe,2025-10-28T10:09:34,P000834|P002734|P002184|P003484|P002424|P000204
M004593,Backroom - Lucky Star Bar,2025-03-01T13:06:42,P001456|P002456|P003156
M004594,Downtown Cafe,2025-06-07T20:05:47,P000319|P000619|P000589|P000189|P002309|P002399
M004595,Downtown Cafe,2025-08-06T06:20:12,P002611|P003461
M004596,Private Villa,2025-11-14T09:36:35,P001809|P001769
M004597,Backroom - Lucky Star Bar,2025-06-29T18:00:39,P002561|P000721|P002861|P001501
M004598,Riverside Docks,2025-05-04T08:42:12,P003331|P000821|P000741|P002911
M004599,Warehouse District,2025-11-03T08:59:46,P002936|P001116|P000486|P001616
M004600,Riverside Docks,2025-01-01T10:50:27,P002895|P002935|P003275|P002025
M004601,Warehouse District,2025-07-26T12:38:01,P002903|P002143|P002843|P001173
M004602,Warehouse District,2025-12-03T01:49:55,P000478|P000078
M004603,Parking Garage B,2025-09-01T07:31:21,P001956|P001146|P000626
M004604,Downtown Cafe,2025-05-27T17:09:40,P002254|P002064
M004605,Backroom - Lucky Star Bar,2025-12-12T19:50:17,P002719|P001889
M004606,Private Villa,2025-06-06T09:26:55,P002993|P000333|P003263|P001693|P001353|P000243
M004607,Storage Facility 12,2025-12-25T19:52:06,P000879|P001549|P002269|P002519
M004608,Abandoned Factory,2025-12-22T20:16:14,P003317|P003157|P000657|P003087|P001637
M004609,Private Villa,2025-05-03T12:32:19,P000593|P001033|P002643|P002463
M004610,Abandoned Factory,2025-11-15T01:41:15,P000302|P002702|P000692
M004611,Storage Facility 12,2025-02-11T22:09:01,P003029|P002479
M004612,Backroom - Lucky Star Bar,2025-08-06T00:04:58,P000847|P001987|P002057
M004613,Storage Facility 12,2025-07-06T08:03:25,P002802|P002022
M004614,Downtown Cafe,2025-07-07T11:15:49,P002907|P002867|P001927
M004615,Backroom - Lucky Star Bar,2025-04-14T11:31:51,P002137|P003177|P001527|P002437|P000207|P001917
M004616,Parking Garage B,2025-08-25T00:01:16,P000843|P000093|P002903
M004617,Backroom - Lucky Star Bar,2025-10-14T22:10:23,P001996|P003136|P002176
M004618,Private Villa,2025-06-21T17:21:03,P001110|P001990|P001130|P002090
M004619,Warehouse District,2025-08-29T07:57:36,P001745|P001685|P000255|P002845|P000525
M004620,Private Villa,2025-12-13T11:56:14,P000045|P001995|P003245
M004621,Riverside Docks,2025-03-01T14:01:15,P001145|P001235|P002755|P000435|P001545|P003375
M004622,Private Villa,2025-01-28T10:42:33,P003207|P001677|P000007|P000547|P002957|P000517
M004623,Storage Facility 12,2025-11-01T17:04:36,P000975|P000155|P001705|P001105|P001695
M004624,Downtown Cafe,2025-06-26T17:51:27,P001486|P002166
M004625,Downtown Cafe,2025-07-28T19:49:05,P002391|P002131
M004626,Storage Facility 12,2025-01-03T22:54:38,P000294|P001904|P003044
M004627,Parking Garage B,2025-05-23T07:36:37,P002589|P000509|P002549|P002889
M004628,Warehouse District,2025-04-01T21:04:08,P001108|P000448|P001868
M004629,Backroom - Lucky Star Bar,2025-05-05T03:28:56,P000146|P000626|P001416|P002216
M004630,Parking Garage B,2025-04-27T02:24:39,P000544|P002754|P002994|P002094|P000614|P003194
M004631,Warehouse District,2025-09-09T11:14:31,P000045|P002555|P000275
M004632,Backroom - Lucky Star Bar,2025-01-20T02:33:55,P001166|P002276
M004633,Backroom - Lucky Star Bar,2025-04-16T13:05:04,P003285|P001645
M004634,Backroom - Lucky Star Bar,2025-01-23T19:46:15,P002221|P001561
M004635,Riverside Docks,2025-04-14T23:39:39,P001827|P000257|P000527
M004636,Abandoned Factory,2025-06-27T13:49:01,P003273|P000273|P000943|P001573|P002173|P001773
M004637,Warehouse District,2025-07-01T07:47:54,P000168|P001378|P000018|P001178|P002028
M004638,Warehouse District,2025-06-08T22:45:57,P001045|P002135|P000225
M004639,Abandoned Factory,2025-06-20T02:44:02,P002574|P001334|P001954
M004640,Abandoned Factory,2025-08-30T09:46:06,P000352|P001862|P000962|P000982|P001872|P002052
M004641,Warehouse District,2025-10-09T03:02:35,P000195|P001995
M004642,Storage Facility 12,2025-02-03T16:55:59,P000625|P002575|P001635|P002035|P002195
M004643,Abandoned Factory,2025-07-03T00:53:36,P001938|P002538|P003058|P003358
M004644,Riverside Docks,2025-11-01T01:38:50,P003105|P002005|P000495|P003235|P001495|P000335
M004645,Abandoned Factory,2025-07-04T19:04:22,P002156|P001646|P001396|P002186|P002256|P001946
M004646,Downtown Cafe,2025-04-04T09:48:54,P003369|P000799|P000719|P000929|P003399|P001569
M004647,Storage Facility 12,2025-06-30T01:48:30,P002259|P000229|P000499|P002219|P000569
M004648,Parking Garage B,2025-10-30T23:00:18,P000325|P000715
M004649,Riverside Docks,2025-10-03T09:55:33,P002946|P003296|P001236|P002706|P000446|P002366
M004650,Backroom - Lucky Star Bar,2025-08-22T02:26:43,P000242|P001532
M004651,Warehouse District,2025-09-12T13:12:00,P001877|P000787
M004652,Riverside Docks,2025-08-07T02:31:23,P003072|P000252|P002872|P002782|P002212
M004653,Abandoned Factory,2025-09-21T23:28:00,P000588|P002878|P002408|P002988
M004654,Downtown Cafe,2025-01-05T08:57:50,P000768|P003098|P003108|P002668|P001728
M004655,Riverside Docks,2025-05-02T07:51:07,P003034|P003024|P001684
M004656,Abandoned Factory,2025-03-13T22:50:44,P002051|P003131|P001821|P003111|P000271
M004657,Private Villa,2025-09-14T07:20:28,P001296|P002836|P000656
M004658,Parking Garage B,2025-05-21T18:14:49,P002752|P002642
M004659,Warehouse District,2025-06-23T10:57:56,P001370|P000190|P001480|P000640
M004660,Parking Garage B,2025-08-14T07:30:52,P001863|P003463|P001323
M004661,Abandoned Factory,2025-06-12T04:21:12,P000382|P002122|P003332|P002102|P000472
M004662,Backroom - Lucky Star Bar,2025-06-13T17:34:05,P002034|P000724|P001834|P001054
M004663,Backroom - Lucky Star Bar,2025-08-07T12:17:34,P001032|P000102|P001642|P003462|P002482
M004664,Downtown Cafe,2025-04-22T04:45:26,P002683|P000303
M004665,Downtown Cafe,2025-08-13T19:38:54,P002249|P003409|P001389|P000589|P000009|P000539
M004666,Downtown Cafe,2025-07-16T07:44:22,P003452|P001392|P000882|P001932|P001772
M004667,Riverside Docks,2025-06-04T04:34:34,P002910|P001960|P003030|P002280|P001310
M004668,Warehouse District,2025-08-03T19:25:35,P002474|P000694|P003164
M004669,Riverside Docks,2025-10-21T09:41:39,P002589|P002429|P003389|P000099|P003099|P000119
M004670,Downtown Cafe,2025-05-21T21:12:10,P003067|P002167|P001807
M004671,Private Villa,2025-10-17T06:18:32,P003014|P000554|P000394
M004672,Storage Facility 12,2025-02-06T05:00:50,P000295|P001845|P000625|P001205|P003305|P000645
M004673,Abandoned Factory,2025-02-11T12:49:59,P001202|P002452
M004674,Warehouse District,2025-09-13T01:21:43,P001081|P001851|P000801|P002381|P003451
M004675,Backroom - Lucky Star Bar,2025-08-22T07:27:50,P000239|P000649
M004676,Private Villa,2025-09-07T21:11:58,P000941|P003101|P003141
M004677,Parking Garage B,2025-04-26T11:02:57,P000911|P000061|P002201|P003401|P000341
M004678,Warehouse District,2025-03-05T04:32:24,P003193|P002093|P003253|P002473|P000743|P000453
M004679,Warehouse District,2025-03-09T12:07:31,P003085|P000505|P000075|P000935
M004680,Riverside Docks,2025-04-13T20:22:42,P001757|P000057
M004681,Abandoned Factory,2025-06-04T19:04:34,P002896|P002246|P000856|P002096|P003286|P001046
M004682,Storage Facility 12,2025-04-26T21:11:21,P001541|P001321|P003381
M004683,Abandoned Factory,2025-06-25T06:22:19,P000491|P000221
M004684,Riverside Docks,2025-08-09T17:14:56,P000120|P002970|P000700|P003030|P002330
M004685,Warehouse District,2025-10-16T00:19:26,P001750|P001430
M004686,Parking Garage B,2025-11-16T16:39:55,P001865|P000545|P001675|P001985|P000245
M004687,Backroom - Lucky Star Bar,2025-07-22T07:04:12,P000111|P001171|P002941|P001151|P000751|P000361
M004688,Backroom - Lucky Star Bar,2025-10-30T13:03:40,P003029|P001279|P000589
M004689,Storage Facility 12,2025-05-31T18:48:40,P002381|P000431|P000211|P001231|P003091
M004690,Storage Facility 12,2025-11-09T18:13:07,P000350|P000230|P001990
M004691,Warehouse District,2025-11-04T02:51:56,P002354|P001244|P000824
M004692,Abandoned Factory,2025-10-26T01:48:36,P002977|P000607
M004693,Abandoned Factory,2025-01-11T00:34:30,P002565|P001775|P000125|P002315
M004694,Downtown Cafe,2025-06-06T06:04:22,P003163|P003153|P001053|P001513|P002153|P000343
M004695,Downtown Cafe,2025-09-20T08:06:25,P003420|P002390|P000100|P001870|P000700|P002960
M004696,Warehouse District,2025-03-30T05:57:41,P001320|P002180|P002420
M004697,Warehouse District,2025-03-15T11:06:41,P001272|P000902|P002652|P000002
M004698,Riverside Docks,2025-03-01T17:55:23,P000741|P003031
M004699,Parking Garage B,2025-03-09T09:00:06,P002670|P001470|P002830
M004700,Downtown Cafe,2025-04-05T02:52:43,P001857|P002657|P001847
M004701,Parking Garage B,2025-07-17T19:35:53,P002888|P000358|P002868
M004702,Abandoned Factory,2025-11-21T22:27:58,P003248|P000298|P001288|P001038
M004703,Parking Garage B,2025-06-27T03:01:12,P002166|P000296
M004704,Downtown Cafe,2025-04-17T06:42:09,P001410|P002840|P003100|P001380
M004705,Abandoned Factory,2025-06-01T07:08:01,P001510|P002640|P000750
M004706,Downtown Cafe,2025-04-17T18:51:43,P002298|P001708|P001888|P002808|P001588
M004707,Private Villa,2025-02-25T23:49:01,P001313|P003173|P002563|P001283|P002003|P003253
M004708,Riverside Docks,2025-08-10T23:26:35,P000415|P000515|P002225
M004709,Parking Garage B,2025-10-06T20:27:54,P001020|P000660|P000800|P000030|P000950
M004710,Backroom - Lucky Star Bar,2025-09-01T06:57:41,P001552|P000722|P001242|P003472|P002602|P002572
M004711,Abandoned Factory,2025-11-28T13:57:45,P001650|P002640|P002410|P000670
M004712,Parking Garage B,2025-07-10T09:07:05,P001962|P001732|P001642|P002462|P001902
M004713,Storage Facility 12,2025-06-04T00:46:41,P002002|P000862|P001072
M004714,Warehouse District,2025-03-19T11:30:58,P002969|P001689|P000959|P001329
M004715,Abandoned Factory,2025-06-01T05:23:40,P001042|P002752|P002462|P000002|P000192|P002682
M004716,Warehouse District,2025-11-12T22:10:12,P002605|P002715|P000455
M004717,Parking Garage B,2025-06-26T09:01:43,P001320|P002870|P000780|P003110|P001990|P003050
M004718,Riverside Docks,2025-08-24T09:32:53,P000142|P003462|P002822|P001732|P001492|P002742
M004719,Storage Facility 12,2025-04-19T15:50:58,P002509|P002379
M004720,Private Villa,2025-02-25T14:37:57,P001567|P000877|P003147|P001337
M004721,Riverside Docks,2025-10-23T14:14:11,P001575|P003205|P002915
M004722,Parking Garage B,2025-05-25T13:37:28,P000662|P000612|P002722|P002172|P001192|P002812
M004723,Parking Garage B,2025-07-18T01:05:38,P000027|P001457|P003147
M004724,Backroom - Lucky Star Bar,2025-01-22T03:17:52,P000255|P002365|P003015|P001475|P002685|P002765
M004725,Backroom - Lucky Star Bar,2025-07-19T15:17:13,P000661|P000711|P000981
M004726,Warehouse District,2025-04-06T01:56:48,P000649|P001049
M004727,Abandoned Factory,2025-08-18T21:56:36,P002386|P001006|P000286|P001276|P001476
M004728,Abandoned Factory,2025-11-06T14:13:58,P003228|P000328
M004729,Backroom - Lucky Star Bar,2025-01-28T14:52:13,P000840|P003290|P000800
M004730,Downtown Cafe,2025-04-19T11:35:47,P000796|P000996|P001136
M004731,Backroom - Lucky Star Bar,2025-03-30T10:16:58,P000322|P001892|P002592|P000282|P001302|P001022
M004732,Storage Facility 12,2025-05-29T23:04:40,P002666|P001906|P002056|P002076
M004733,Backroom - Lucky Star Bar,2025-10-09T10:02:26,P002431|P003171
M004734,Abandoned Factory,2025-11-07T23:54:01,P002072|P000362|P001012
M004735,Warehouse District,2025-05-21T01:26:07,P001160|P003310|P002080|P000630|P002610
M004736,Riverside Docks,2025-07-01T18:30:16,P002908|P002768|P001438|P003428|P000978
M004737,Downtown Cafe,2025-10-04T03:54:41,P000289|P000029|P001809
M004738,Private Villa,2025-08-16T17:15:23,P000157|P002727|P002017|P003237|P002067|P002077
M004739,Warehouse District,2025-05-01T15:22:19,P000276|P001986|P000176|P002536
M004740,Backroom - Lucky Star Bar,2025-11-22T14:07:54,P002252|P000632|P002152|P002622
M004741,Downtown Cafe,2025-09-29T00:29:53,P001384|P003294|P001544|P000574|P003084
M004742,Storage Facility 12,2025-08-04T15:07:45,P002243|P001843|P003003
M004743,Abandoned Factory,2025-06-23T12:58:36,P000368|P002348|P003308
M004744,Warehouse District,2025-03-02T14:51:53,P001750|P001570
M004745,Private Villa,2025-05-24T23:08:46,P001931|P000921|P003221|P001681|P000111|P000821
M004746,Downtown Cafe,2025-10-30T13:04:26,P001351|P001541|P001311
M004747,Downtown Cafe,2025-06-14T23:06:28,P000903|P002563|P001443|P000883|P001613
M004748,Riverside Docks,2025-03-10T16:51:01,P000794|P000054|P001604
M004749,Warehouse District,2025-11-21T07:10:41,P003183|P000143|P001763|P001023|P001783
M004750,Private Villa,2025-08-23T12:48:09,P001854|P002004|P001504|P001154|P000054
M004751,Downtown Cafe,2025-10-28T17:52:42,P000165|P000445|P000305|P003265|P002525|P003165
M004752,Downtown Cafe,2025-07-27T00:54:53,P000209|P002849|P000959
M004753,Warehouse District,2025-04-26T13:54:18,P000552|P001402
M004754,Storage Facility 12,2025-09-27T08:53:15,P000667|P002647|P001137|P002607|P001457
M004755,Storage Facility 12,2025-04-01T03:50:41,P001802|P002032|P003382|P000032|P002822|P001962
M004756,Backroom - Lucky Star Bar,2025-05-12T03:36:13,P001118|P001128
M004757,Warehouse District,2025-06-22T01:02:25,P000960|P000120|P003260|P002700|P003200
M004758,Private Villa,2025-10-30T04:21:20,P003305|P001785|P002155|P001205
M004759,Storage Facility 12,2025-03-06T18:35:46,P001951|P002101|P000961|P002801
M004760,Riverside Docks,2025-05-09T02:29:15,P003184|P000844|P001794|P000174|P003434|P002664
M004761,Downtown Cafe,2025-07-24T10:11:47,P002097|P003197
M004762,Riverside Docks,2025-03-01T07:15:52,P001078|P001548|P002038|P000188
M004763,Downtown Cafe,2025-07-18T16:53:59,P002049|P001339|P003009|P001119|P002249
M004764,Abandoned Factory,2025-06-16T03:08:01,P000094|P000584|P000634
M004765,Backroom - Lucky Star Bar,2025-04-03T11:35:25,P002470|P002060|P000220
M004766,Parking Garage B,2025-08-17T08:09:38,P003116|P002426|P000066|P002516
M004767,Storage Facility 12,2025-03-07T13:45:46,P001692|P001512|P001352|P001552
M004768,Backroom - Lucky Star Bar,2025-02-18T09:09:14,P000002|P003142|P000962|P002722|P003402|P003182
M004769,Private Villa,2025-01-27T22:28:39,P002823|P000963|P001243
M004770,Parking Garage B,2025-09-21T18:03:02,P002714|P003324|P003434|P002454
M004771,Riverside Docks,2025-04-06T22:02:11,P002003|P001833|P001623
M004772,Abandoned Factory,2025-06-22T02:42:59,P000203|P000403|P003093
M004773,Backroom - Lucky Star Bar,2025-10-16T21:35:07,P000947|P000617|P003317|P001127|P001117
M004774,Warehouse District,2025-11-20T08:50:31,P003358|P003318|P000448|P001168|P003158|P001448
M004775,Riverside Docks,2025-12-18T18:13:26,P001084|P003444|P002904|P001324|P002884|P002874
M004776,Riverside Docks,2025-03-20T13:51:43,P003354|P001264
M004777,Abandoned Factory,2025-07-12T00:48:11,P001901|P000781
M004778,Downtown Cafe,2025-03-17T07:28:06,P001858|P000428|P003198|P003188
M004779,Warehouse District,2025-11-03T13:30:21,P000316|P000626
M004780,Parking Garage B,2025-04-16T12:39:31,P003043|P003283|P003003|P000233|P001763
M004781,Private Villa,2025-03-16T12:03:02,P001895|P000755|P001665|P002695
M004782,Storage Facility 12,2025-04-07T12:48:49,P002944|P003194|P000914|P003394|P000384
M004783,Downtown Cafe,2025-09-15T05:38:19,P000461|P002341|P003351
M004784,Backroom - Lucky Star Bar,2025-05-11T19:09:05,P002224|P002324|P001034|P001704|P001584
M004785,Abandoned Factory,2025-05-08T14:47:47,P001721|P002861
M004786,Abandoned Factory,2025-12-04T09:51:05,P003103|P000243|P000763|P000993|P001593
M004787,Backroom - Lucky Star Bar,2025-03-21T16:34:00,P001236|P000726
M004788,Backroom - Lucky Star Bar,2025-12-04T14:39:30,P000233|P001403
M004789,Abandoned Factory,2025-11-16T13:26:57,P002139|P001969|P002239|P000039|P001219|P002559
M004790,Riverside Docks,2025-05-19T04:34:40,P000876|P000506|P002996|P000436|P000996
M004791,Parking Garage B,2025-10-20T09:55:47,P001711|P001151|P001771|P002121|P000531|P000001
M004792,Storage Facility 12,2025-02-23T18:43:15,P002500|P000420|P003210|P000850
M004793,Backroom - Lucky Star Bar,2025-03-13T20:41:15,P001719|P002149
M004794,Storage Facility 12,2025-01-05T15:20:07,P001737|P000957
M004795,Abandoned Factory,2025-01-06T15:35:24,P002532|P000772
M004796,Storage Facility 12,2025-01-12T08:13:07,P002860|P000090|P002260|P002470|P003460
M004797,Warehouse District,2025-08-20T18:34:40,P002481|P001951|P002381|P003211|P001711
M004798,Riverside Docks,2025-12-16T11:37:14,P001439|P002849|P000119|P003289
M004799,Abandoned Factory,2025-09-06T05:15:54,P001693|P001933|P002393|P001433|P001733|P003173
M004800,Private Villa,2025-07-14T12:38:43,P000614|P001414
M004801,Abandoned Factory,2025-07-03T07:19:09,P001204|P002084|P003144
M004802,Riverside Docks,2025-04-04T17:43:04,P000575|P001515|P000405|P000165
M004803,Downtown Cafe,2025-08-24T17:47:58,P001829|P002489|P002139|P003159
M004804,Riverside Docks,2025-11-23T19:25:16,P002729|P003199
M004805,Parking Garage B,2025-09-27T14:37:51,P001952|P002132|P001292
M004806,Storage Facility 12,2025-06-27T14:01:48,P000780|P002710|P001970
M004807,Riverside Docks,2025-12-17T01:06:22,P001688|P002078|P001668
M004808,Storage Facility 12,2025-09-18T17:09:45,P000289|P002449|P000369|P002649|P000429
M004809,Parking Garage B,2025-10-03T19:40:30,P000196|P002696|P000226|P002546|P001796|P001926
M004810,Backroom - Lucky Star Bar,2025-02-02T08:30:17,P002543|P002503|P001603|P000963
M004811,Parking Garage B,2025-02-07T17:52:55,P001803|P000653|P001273|P002703|P003163|P000713
M004812,Warehouse District,2025-06-06T11:29:19,P001970|P001920|P003420
M004813,Downtown Cafe,2025-01-08T18:00:11,P000300|P001720|P002670|P002630
M004814,Abandoned Factory,2025-04-16T19:37:15,P000964|P001714|P001734|P000004
M004815,Backroom - Lucky Star Bar,2025-09-30T13:03:23,P002648|P001418|P000798
M004816,Warehouse District,2025-02-04T09:47:14,P001747|P001877|P002697|P002197
M004817,Abandoned Factory,2025-06-07T03:37:11,P001745|P000445|P002015|P001155|P001505
M004818,Abandoned Factory,2025-01-07T03:35:17,P003403|P001863|P001673
M004819,Parking Garage B,2025-03-23T00:39:19,P000992|P002492|P002192|P001742
M004820,Private Villa,2025-02-04T22:54:34,P002631|P002071|P002141
M004821,Private Villa,2025-09-04T07:08:48,P000240|P000170|P000890
M004822,Private Villa,2025-05-25T10:44:09,P001137|P001487|P002257|P002147|P002387|P000097
M004823,Abandoned Factory,2025-09-19T22:50:32,P003348|P002858|P000018|P001818|P002598|P000958
M004824,Parking Garage B,2025-03-31T17:32:58,P002872|P000352|P000382|P002532|P000432|P001662
M004825,Parking Garage B,2025-06-20T15:31:28,P003281|P002351
M004826,Storage Facility 12,2025-01-02T01:46:39,P001894|P000604|P003294|P000834
M004827,Downtown Cafe,2025-10-17T01:50:22,P001455|P002505|P000785|P001175
M004828,Private Villa,2025-03-11T08:12:11,P002714|P001634|P001544
M004829,Abandoned Factory,2025-01-12T01:25:51,P002527|P001997|P001347
M004830,Downtown Cafe,2025-01-10T21:46:35,P000654|P000614
M004831,Downtown Cafe,2025-11-08T01:48:12,P000904|P003084|P001714|P002064
M004832,Backroom - Lucky Star Bar,2025-01-17T00:28:40,P001608|P003368|P002438|P002748
M004833,Storage Facility 12,2025-08-11T14:43:08,P001490|P002460|P000960|P001020|P002670
M004834,Riverside Docks,2025-02-06T01:03:24,P003395|P000755|P002125|P002165|P000015|P000265
M004835,Warehouse District,2025-09-13T23:29:25,P000319|P001229
M004836,Storage Facility 12,2025-12-25T02:05:25,P000054|P002074|P001664|P000704
M004837,Storage Facility 12,2025-10-21T07:46:17,P003238|P002598|P003018|P001998
M004838,Private Villa,2025-07-13T01:23:00,P002581|P001831|P001981
M004839,Warehouse District,2025-02-24T18:59:17,P000374|P002874
M004840,Private Villa,2025-09-30T21:35:31,P002610|P001640|P002420|P000840|P002990|P000470
M004841,Downtown Cafe,2025-11-11T02:22:16,P001348|P000498|P001208
M004842,Abandoned Factory,2025-05-26T00:57:01,P001086|P000816|P000046|P000826|P003166
M004843,Abandoned Factory,2025-04-17T08:29:36,P000118|P000408|P001078
M004844,Private Villa,2025-10-26T02:04:54,P003152|P000952|P002302|P000912
M004845,Abandoned Factory,2025-09-13T20:15:21,P001808|P002968|P003478
M004846,Parking Garage B,2025-12-08T03:59:42,P000744|P000844
M004847,Riverside Docks,2025-06-25T19:54:57,P001044|P003414|P002554|P001124|P000914|P002114
M004848,Storage Facility 12,2025-04-20T07:48:52,P000561|P000911|P000051|P000131|P000171
M004849,Downtown Cafe,2025-11-18T06:57:37,P001648|P000548|P001288|P000608|P002798|P001528
M004850,Parking Garage B,2025-03-26T12:41:10,P000805|P002345|P003305
M004851,Parking Garage B,2025-10-18T06:30:09,P001714|P000294|P001284|P000744|P002694|P003284
M004852,Abandoned Factory,2025-04-20T00:43:57,P003364|P003204
M004853,Parking Garage B,2025-10-16T01:43:45,P000390|P000820|P000040|P002150|P001790
M004854,Downtown Cafe,2025-07-29T12:42:59,P001148|P001478|P001368|P000478|P002628|P003188
M004855,Warehouse District,2025-12-08T23:37:46,P001522|P000612|P001852|P003262
M004856,Downtown Cafe,2025-08-29T12:13:46,P001741|P001071
M004857,Downtown Cafe,2025-12-10T00:11:01,P000471|P001631|P002511|P002841|P001551
M004858,Downtown Cafe,2025-08-23T11:08:29,P001998|P001088|P002858|P000858
M004859,Private Villa,2025-12-10T19:20:48,P000772|P002962|P002492
M004860,Private Villa,2025-05-18T06:22:26,P002440|P002670|P001270|P000170
M004861,Parking Garage B,2025-10-29T21:28:29,P000873|P000333|P002793|P001943|P002103|P001533
M004862,Downtown Cafe,2025-01-28T10:01:00,P000691|P002501|P002461
M004863,Riverside Docks,2025-09-11T22:40:10,P001837|P000507|P001407
M004864,Private Villa,2025-05-16T18:22:23,P003303|P001583
M004865,Storage Facility 12,2025-01-12T12:50:40,P001682|P003282|P001302|P001812|P001042|P000682
M004866,Downtown Cafe,2025-12-26T20:44:27,P001982|P000352|P001032|P002782|P001892
M004867,Riverside Docks,2025-04-21T22:09:20,P001468|P000148|P002658|P002488|P001928|P001008
M004868,Warehouse District,2025-07-26T08:00:48,P002433|P000833|P002673
M004869,Abandoned Factory,2025-03-16T10:30:35,P002291|P001021
M004870,Abandoned Factory,2025-01-14T11:18:54,P000179|P002929|P002589|P002819|P000379|P001899
M004871,Parking Garage B,2025-05-08T02:06:42,P000004|P002334|P001604|P000434
M004872,Storage Facility 12,2025-01-06T21:08:21,P002254|P001714
M004873,Riverside Docks,2025-11-24T19:48:00,P000023|P002983
M004874,Riverside Docks,2025-02-26T02:38:09,P002811|P003221|P002421|P001601|P001611
M004875,Storage Facility 12,2025-11-06T20:32:17,P001734|P000514|P003274|P003104|P000614
M004876,Abandoned Factory,2025-12-05T05:50:57,P000282|P001432|P000912|P003252
M004877,Private Villa,2025-01-02T07:54:45,P001275|P002335|P000445|P001305
M004878,Downtown Cafe,2025-05-31T23:34:37,P001123|P001673|P002213
M004879,Backroom - Lucky Star Bar,2025-03-29T22:20:35,P001407|P000417|P002407|P000297|P001417
M004880,Warehouse District,2025-01-10T19:40:39,P001638|P001018|P001308|P000858|P001208
M004881,Storage Facility 12,2025-06-26T08:10:46,P002822|P002402|P001082|P003372|P000082|P000342
M004882,Parking Garage B,2025-05-31T05:44:10,P000361|P000641|P001591|P000981
M004883,Backroom - Lucky Star Bar,2025-07-17T14:55:44,P002440|P001870|P001550|P001130|P003390|P002630
M004884,Warehouse District,2025-06-07T05:47:35,P002509|P003349|P002249|P002679|P001249
M004885,Abandoned Factory,2025-01-11T20:58:16,P003176|P001366|P001346|P003106
M004886,Warehouse District,2025-02-16T10:09:42,P000618|P002608|P001268|P000338|P001888|P000558
M004887,Downtown Cafe,2025-03-29T22:57:13,P003094|P002754|P001764|P001684
M004888,Abandoned Factory,2025-02-07T05:28:54,P001936|P003026|P001606
M004889,Abandoned Factory,2025-08-10T04:13:38,P002345|P001205|P002935|P000225|P002105|P002535
M004890,Warehouse District,2025-05-19T18:08:02,P002610|P000380|P002540|P000570
M004891,Warehouse District,2025-12-31T21:55:17,P000453|P001123
M004892,Backroom - Lucky Star Bar,2025-05-08T21:00:31,P001546|P000436|P000706|P000366|P002466|P003296
M004893,Warehouse District,2025-10-03T16:56:44,P000570|P002920|P003020|P003150|P000780|P001670
M004894,Private Villa,2025-11-09T21:01:47,P001222|P001322|P000212
M004895,Riverside Docks,2025-03-30T15:50:34,P001638|P002678|P002498|P003008|P003368|P003078
M004896,Riverside Docks,2025-11-06T04:01:01,P001719|P001149
M004897,Storage Facility 12,2025-09-13T12:00:40,P000062|P002852|P002032|P000572|P001812|P003052
M004898,Parking Garage B,2025-06-05T21:04:46,P000871|P001681|P002211
M004899,Private Villa,2025-05-18T04:44:31,P000632|P000722|P002842|P001102|P001422
M004900,Backroom - Lucky Star Bar,2025-02-17T03:26:44,P001029|P002009|P003279|P002749
M004901,Parking Garage B,2025-01-04T07:38:28,P001201|P000691|P003401|P002581|P002311|P003111
M004902,Riverside Docks,2025-05-21T01:57:31,P000780|P000490|P000280|P002530|P000370|P001640
M004903,Storage Facility 12,2025-02-16T12:49:15,P000780|P000850|P001160|P000720
M004904,Private Villa,2025-04-17T03:46:21,P002413|P001963|P003263|P001573|P000813
M004905,Private Villa,2025-10-30T21:23:32,P001509|P002579|P000609|P000219|P003399|P000409
M004906,Storage Facility 12,2025-06-30T14:40:43,P000762|P001612|P000172
M004907,Parking Garage B,2025-05-18T04:36:11,P000475|P002825|P002535
M004908,Abandoned Factory,2025-04-24T23:10:26,P002381|P002981|P000711|P001801|P000571|P002391
M004909,Parking Garage B,2025-09-27T16:32:11,P000669|P002879|P001389|P002319
M004910,Riverside Docks,2025-02-13T01:38:18,P003079|P003289|P001619
M004911,Warehouse District,2025-04-07T14:48:04,P000634|P000074
M004912,Abandoned Factory,2025-02-02T01:15:13,P002582|P002022|P001922|P002192|P000282|P002932
M004913,Abandoned Factory,2025-10-29T12:35:52,P002409|P003489|P002019
M004914,Downtown Cafe,2025-10-27T21:40:16,P000478|P000428|P003328|P001628
M004915,Abandoned Factory,2025-07-03T01:21:20,P000482|P000362|P003032
M004916,Parking Garage B,2025-01-29T17:36:14,P001059|P000699|P002439|P000959
M004917,Parking Garage B,2025-12-07T21:02:30,P002817|P000717|P003087|P001267|P000037
M004918,Downtown Cafe,2025-08-23T16:32:30,P003249|P002359|P000159|P001739|P001459
M004919,Warehouse District,2025-03-25T12:57:52,P000571|P000191
M004920,Backroom - Lucky Star Bar,2025-09-13T19:33:31,P002082|P000952
M004921,Riverside Docks,2025-08-21T22:00:39,P000191|P003041|P003461
M004922,Riverside Docks,2025-12-27T20:36:44,P002657|P003107|P001577
M004923,Storage Facility 12,2025-10-02T17:45:11,P002460|P002680|P001840|P002600|P002130
M004924,Warehouse District,2025-07-03T15:29:11,P001635|P000775
M004925,Parking Garage B,2025-03-11T20:10:06,P001729|P000259|P003479|P000969
M004926,Storage Facility 12,2025-09-20T13:00:14,P001665|P002025|P000455|P001235|P001325|P002185
M004927,Private Villa,2025-05-09T17:28:46,P001846|P002156|P000766|P000276|P000236
M004928,Riverside Docks,2025-06-08T20:14:45,P000682|P000182|P002662
M004929,Storage Facility 12,2025-08-20T14:22:39,P000635|P002705|P001075|P001955
M004930,Downtown Cafe,2025-01-28T14:04:37,P000240|P001710
M004931,Parking Garage B,2025-01-15T03:50:05,P000004|P001424
M004932,Parking Garage B,2025-10-14T06:29:55,P001025|P002575|P000995|P003175|P000525
M004933,Abandoned Factory,2025-10-22T11:27:00,P000090|P001730
M004934,Storage Facility 12,2025-12-08T08:27:30,P003160|P000840|P002410|P002330|P002060|P001250
M004935,Backroom - Lucky Star Bar,2025-11-22T02:21:00,P000787|P003317|P000427|P001657|P002167
M004936,Parking Garage B,2025-01-24T03:41:04,P000170|P000260
M004937,Warehouse District,2025-06-24T17:47:18,P001763|P001623
M004938,Downtown Cafe,2025-05-26T06:01:53,P001171|P000951|P001201
M004939,Riverside Docks,2025-05-02T00:42:17,P000232|P000992|P001712
M004940,Storage Facility 12,2025-02-28T11:15:58,P000234|P001484|P002124|P003134
M004941,Private Villa,2025-06-12T03:07:48,P001598|P001478|P000338|P002888|P002108|P002918
M004942,Downtown Cafe,2025-09-28T01:57:20,P001223|P001083|P000533|P002293
M004943,Backroom - Lucky Star Bar,2025-05-18T06:26:54,P003442|P000522|P000072|P001192|P003252
M004944,Parking Garage B,2025-11-15T07:00:59,P000284|P001634
M004945,Downtown Cafe,2025-11-11T13:17:39,P002399|P001319
M004946,Private Villa,2025-06-07T06:17:00,P002128|P001428
M004947,Downtown Cafe,2025-06-18T12:12:39,P001273|P002333
M004948,Warehouse District,2025-05-16T17:31:26,P000797|P000527|P001077|P000507|P002967
M004949,Warehouse District,2025-10-27T04:33:28,P002031|P001081|P002201|P000851
M004950,Private Villa,2025-08-28T05:47:58,P000336|P000546|P001496|P000056|P002606|P000866
M004951,Backroom - Lucky Star Bar,2025-07-11T21:45:05,P002818|P000238|P001898|P001318|P002938
M004952,Backroom - Lucky Star Bar,2025-07-20T07:11:57,P001978|P001888|P002308|P002998|P002128|P000558
M004953,Warehouse District,2025-05-08T18:28:40,P001674|P000044|P000794|P001144
M004954,Downtown Cafe,2025-09-06T20:08:46,P000161|P001331|P002141|P000731|P000051
M004955,Warehouse District,2025-07-30T05:32:17,P002306|P001316|P002906|P000936|P002676
M004956,Warehouse District,2025-03-08T14:29:49,P002298|P002608|P003018|P002458|P002748
M004957,Private Villa,2025-07-02T22:23:22,P003229|P001329|P003129|P002659|P000209|P002689
M004958,Private Villa,2025-06-28T06:08:23,P002788|P002388|P002848|P002188
M004959,Parking Garage B,2025-04-14T22:58:02,P002680|P001030
M004960,Private Villa,2025-02-25T12:54:12,P002961|P002151|P002071|P001361|P003181|P003101
M004961,Warehouse District,2025-10-07T03:00:28,P000464|P003494|P003444|P002494|P000904|P000804
M004962,Parking Garage B,2025-11-08T09:57:41,P002244|P000454|P003164|P000144
M004963,Abandoned Factory,2025-01-26T06:11:02,P001835|P003195|P001765|P002415|P000895
M004964,Parking Garage B,2025-04-03T06:28:26,P000628|P002348|P002308
M004965,Warehouse District,2025-04-23T15:11:50,P000911|P002071|P002901|P001211
M004966,Backroom - Lucky Star Bar,2025-02-25T14:13:40,P000833|P002873|P000523|P002123
M004967,Storage Facility 12,2025-02-18T16:19:30,P003458|P001588|P002708|P000198|P001508|P000918
M004968,Abandoned Factory,2025-04-01T21:21:59,P000539|P000079|P001379|P002459|P003009
M004969,Riverside Docks,2025-07-31T10:19:11,P001400|P002780|P002760
M004970,Backroom - Lucky Star Bar,2025-10-09T08:14:02,P000188|P003288|P003318|P002808|P002458
M004971,Private Villa,2025-04-15T22:13:43,P000733|P000633|P002033|P001803
M004972,Storage Facility 12,2025-03-21T15:19:26,P002085|P000155|P001735|P001705|P000205|P001415
M004973,Downtown Cafe,2025-08-07T03:21:03,P000146|P001966|P000836|P002306|P002716
M004974,Downtown Cafe,2025-12-26T14:42:40,P003436|P000006|P002886|P000126|P003186
M004975,Backroom - Lucky Star Bar,2025-05-01T23:37:20,P001850|P001900|P002780|P000230
M004976,Storage Facility 12,2025-07-24T08:45:54,P001429|P001859|P003179|P003219|P000869|P003469
M004977,Warehouse District,2025-12-10T20:27:49,P001351|P000901
M004978,Abandoned Factory,2025-01-06T15:53:29,P001402|P002752|P003142
M004979,Warehouse District,2025-08-22T09:58:14,P003352|P001592|P001322|P000962
M004980,Backroom - Lucky Star Bar,2025-02-18T16:42:02,P001294|P001244|P000984|P002824|P002014
M004981,Parking Garage B,2025-01-01T10:29:57,P002504|P003494|P003074|P003304
M004982,Abandoned Factory,2025-06-17T05:49:33,P001141|P000871|P000331|P000741
M004983,Backroom - Lucky Star Bar,2025-06-26T13:00:48,P000385|P001505|P000485|P000595|P001575|P000015
M004984,Private Villa,2025-02-02T05:28:03,P001855|P001255|P000725
M004985,Abandoned Factory,2025-03-02T20:39:04,P001930|P002270
M004986,Private Villa,2025-11-23T00:49:52,P000150|P002650|P001720|P001440
M004987,Downtown Cafe,2025-02-17T03:05:39,P000623|P002883|P001243|P003063
M004988,Backroom - Lucky Star Bar,2025-04-14T23:24:47,P000351|P001601
M004989,Private Villa,2025-04-04T13:13:36,P002575|P000575|P002545|P003035|P001965
M004990,Parking Garage B,2025-08-07T04:20:38,P002383|P000743
M004991,Private Villa,2025-09-13T15:24:01,P001395|P003435
M004992,Backroom - Lucky Star Bar,2025-08-31T22:07:10,P000495|P001055|P000845|P000555|P000345
M004993,Downtown Cafe,2025-09-02T17:38:59,P001340|P001810|P003050|P002260|P002420|P002850
M004994,Backroom - Lucky Star Bar,2025-08-17T23:24:59,P002347|P001597|P003367|P002357|P001967|P002667
M004995,Backroom - Lucky Star Bar,2025-06-02T08:53:56,P000918|P002138
M004996,Downtown Cafe,2025-08-28T21:29:43,P001661|P002451|P001901
M004997,Riverside Docks,2025-07-17T06:05:37,P003174|P000324|P003184|P001214|P000514|P000014
M004998,Riverside Docks,2025-03-15T12:00:04,P002138|P001118|P002278
M004999,Riverside Docks,2025-12-16T12:56:34,P000484|P001804|P000324
M005000,Warehouse District,2025-03-13T11:33:25,P003166|P002306|P001736
M005001,Riverside Docks,2025-08-17T18:19:15,P000714|P003494|P001734
M005002,Riverside Docks,2025-12-03T03:50:37,P000673|P001753|P000203|P000953|P002063
M005003,Riverside Docks,2025-04-15T04:44:01,P000722|P002042
M005004,Storage Facility 12,2025-11-21T18:51:20,P001018|P001058|P000718|P001678
M005005,Riverside Docks,2025-09-02T18:17:35,P002028|P003218|P003058|P002398
M005006,Abandoned Factory,2025-04-09T16:30:56,P001179|P001029|P000239|P001279
M005007,Downtown Cafe,2025-04-16T01:18:25,P000982|P002322|P000692|P000172
M005008,Storage Facility 12,2025-02-05T02:46:11,P002286|P003046|P001106|P002996|P001686
M005009,Downtown Cafe,2025-04-02T16:06:20,P000143|P000643
M005010,Abandoned Factory,2025-09-15T03:04:23,P000446|P000586|P001636|P001426|P001926|P000996
M005011,Abandoned Factory,2025-01-29T03:44:55,P000286|P003486|P000486|P002306
M005012,Backroom - Lucky Star Bar,2025-05-16T19:59:06,P001783|P002593
M005013,Private Villa,2025-05-02T09:37:42,P003220|P002890|P002980|P001400|P002480|P001130
M005014,Parking Garage B,2025-11-20T16:50:29,P003470|P002110
M005015,Private Villa,2025-04-08T20:43:31,P003409|P001379|P000409|P001339|P003489
M005016,Riverside Docks,2025-05-19T06:30:17,P003252|P002632|P003182|P001412|P000602
M005017,Abandoned Factory,2025-10-28T21:09:27,P003383|P001393|P002513|P003393|P001303|P000043
M005018,Downtown Cafe,2025-07-03T20:54:44,P001096|P002966|P001436|P000526
M005019,Parking Garage B,2025-07-13T21:09:50,P000582|P002622|P001682
M005020,Abandoned Factory,2025-02-08T01:25:42,P001093|P001693|P002043
M005021,Abandoned Factory,2025-04-15T00:46:49,P000606|P001456
M005022,Storage Facility 12,2025-10-05T22:24:16,P000320|P000310|P003450
M005023,Riverside Docks,2025-06-17T14:15:58,P001074|P002544|P003134|P003334
M005024,Warehouse District,2025-10-31T05:01:01,P002381|P001471|P000081|P000411|P000321
M005025,Storage Facility 12,2025-10-27T11:06:38,P003309|P002829|P000749|P003489|P001309
M005026,Warehouse District,2025-05-12T04:44:37,P000260|P002630|P003380|P001890
M005027,Parking Garage B,2025-01-09T23:36:36,P000208|P002358
M005028,Backroom - Lucky Star Bar,2025-04-09T20:47:35,P003077|P001287|P002487|P001957|P001097|P001237
M005029,Downtown Cafe,2025-12-10T09:09:35,P000306|P003406|P002976
M005030,Backroom - Lucky Star Bar,2025-01-09T14:47:50,P002972|P000542|P001322|P000182|P002402|P002252
M005031,Private Villa,2025-11-04T19:59:18,P001107|P000957
M005032,Downtown Cafe,2025-11-18T16:19:04,P001406|P003126|P001766|P000926
M005033,Abandoned Factory,2025-08-07T17:32:29,P001836|P000396|P001306|P000046|P001966
M005034,Abandoned Factory,2025-05-26T16:53:50,P002424|P000774|P003154|P001214|P002634|P003444
M005035,Backroom - Lucky Star Bar,2025-07-24T20:55:01,P002662|P000192|P000782|P000032|P001352|P000402
M005036,Warehouse District,2025-09-30T03:13:24,P003174|P001424|P001274|P003264
M005037,Backroom - Lucky Star Bar,2025-11-27T11:56:47,P002820|P003430|P002880|P001350|P001120|P001060
M005038,Abandoned Factory,2025-11-20T05:00:49,P002140|P002780|P001300|P003330
M005039,Backroom - Lucky Star Bar,2025-05-03T03:29:46,P000338|P002868|P000488|P000218
M005040,Riverside Docks,2025-09-24T10:27:07,P000340|P000780
M005041,Downtown Cafe,2025-08-28T14:14:12,P000163|P000543|P002303|P000633
M005042,Downtown Cafe,2025-09-22T12:17:53,P000515|P002985|P000315
M005043,Warehouse District,2025-09-05T14:26:11,P002969|P001479|P001969|P002939
M005044,Parking Garage B,2025-12-15T14:16:02,P000223|P003263|P000203|P000193|P002013|P000253
M005045,Riverside Docks,2025-05-21T05:45:30,P001231|P000311
M005046,Downtown Cafe,2025-05-19T17:25:17,P002219|P000919|P002529|P002929
M005047,Storage Facility 12,2025-07-31T11:45:22,P001897|P002087|P000567
M005048,Warehouse District,2025-01-24T18:46:48,P001188|P002318|P001118|P002168
M005049,Parking Garage B,2025-07-27T08:31:39,P002956|P001466|P000226|P000516|P002816|P003456
M005050,Abandoned Factory,2025-07-23T01:57:02,P003345|P003005
M005051,Downtown Cafe,2025-06-20T06:40:06,P002893|P003373|P001293|P002133|P000923
M005052,Riverside Docks,2025-03-12T21:13:55,P001913|P000233|P000673|P002123|P002283|P002393
M005053,Storage Facility 12,2025-01-25T03:48:44,P000891|P002911|P002231
M005054,Riverside Docks,2025-05-30T20:20:58,P000088|P000298|P000338|P000318
M005055,Abandoned Factory,2025-06-24T04:37:14,P001682|P001572|P000372|P002702|P002692|P001482
M005056,Backroom - Lucky Star Bar,2025-04-30T23:48:58,P002570|P002600|P001000|P002990|P000830|P003410
M005057,Backroom - Lucky Star Bar,2025-10-26T11:48:36,P001396|P002026
M005058,Warehouse District,2025-03-09T09:27:25,P003362|P002352|P002562|P000002|P002072
M005059,Warehouse District,2025-09-04T10:27:45,P002444|P001744|P000754|P002294|P000524|P000294
M005060,Backroom - Lucky Star Bar,2025-12-21T10:21:25,P002425|P000275|P002945
M005061,Warehouse District,2025-11-19T01:14:50,P003052|P002442|P000082
M005062,Riverside Docks,2025-02-24T17:21:29,P000156|P001286|P000146|P003456|P001486|P000406
M005063,Riverside Docks,2025-11-18T04:49:39,P000556|P002666|P003386|P000646|P002586
M005064,Warehouse District,2025-09-02T10:46:48,P001494|P000044|P001834|P002434|P002474|P002544
M005065,Riverside Docks,2025-09-24T17:18:00,P002826|P001086|P003116|P001186|P001876|P000766
M005066,Storage Facility 12,2025-12-26T00:28:39,P001382|P001682|P003482
M005067,Private Villa,2025-02-17T20:08:27,P000536|P000546
M005068,Downtown Cafe,2025-12-19T13:47:59,P001915|P000155
M005069,Backroom - Lucky Star Bar,2025-12-30T15:16:53,P002058|P001888|P003238|P003408|P000108
M005070,Downtown Cafe,2025-12-23T14:39:28,P003035|P002585|P002895|P000205
M005071,Abandoned Factory,2025-03-01T04:22:52,P001907|P002287|P001287
M005072,Riverside Docks,2025-03-10T14:43:43,P001988|P001268|P000778
M005073,Warehouse District,2025-02-19T07:27:30,P002562|P000282|P000432|P001292|P002092|P001092
M005074,Abandoned Factory,2025-08-31T17:37:32,P000969|P002459|P002319|P000919
M005075,Backroom - Lucky Star Bar,2025-01-16T04:48:40,P002128|P002788|P003398|P001468|P001208|P001718
M005076,Storage Facility 12,2025-12-15T20:19:24,P000087|P002047|P001717
M005077,Riverside Docks,2025-10-19T07:31:05,P002620|P000300|P000830|P000370|P003460
M005078,Downtown Cafe,2025-02-21T13:43:00,P001253|P001763|P002223
M005079,Parking Garage B,2025-12-12T08:04:19,P002451|P001841|P001671|P000521
M005080,Private Villa,2025-08-10T19:11:12,P000827|P000137|P002277|P002657|P002617
M005081,Riverside Docks,2025-09-01T01:17:51,P001947|P002757|P003277|P003197
M005082,Private Villa,2025-11-08T02:36:52,P000248|P000828
M005083,Abandoned Factory,2025-08-23T16:43:16,P002081|P002131|P002901|P002681
M005084,Abandoned Factory,2025-05-10T23:51:14,P000438|P002828|P003028|P002938|P000448
M005085,Private Villa,2025-12-31T10:00:17,P001718|P002178|P000348|P000188|P002188|P000668
M005086,Downtown Cafe,2025-10-23T02:55:30,P000351|P002911|P002311
M005087,Backroom - Lucky Star Bar,2025-12-18T11:06:57,P001743|P000013
M005088,Downtown Cafe,2025-08-31T16:13:48,P000161|P002721|P002351|P001821|P003361
M005089,Abandoned Factory,2025-08-01T05:28:36,P000867|P000367|P000067|P000347|P001047|P000427
M005090,Private Villa,2025-02-18T17:17:17,P000447|P001717|P000587|P001457|P001807
M005091,Warehouse District,2025-03-05T16:42:59,P000774|P002674|P002774
M005092,Backroom - Lucky Star Bar,2025-01-18T10:52:47,P003236|P000816|P001396|P000736|P002256
M005093,Backroom - Lucky Star Bar,2025-03-03T20:13:45,P003077|P000787|P000507|P003107|P002907|P001497
M005094,Private Villa,2025-04-28T12:57:22,P002624|P001394|P000294
M005095,Abandoned Factory,2025-09-23T07:11:02,P000687|P001437|P002107|P001577
M005096,Riverside Docks,2025-06-28T16:26:03,P001853|P000733
M005097,Backroom - Lucky Star Bar,2025-03-10T02:16:38,P002675|P000935|P002595|P003115|P001045|P000745
M005098,Private Villa,2025-10-15T13:41:33,P000117|P000387|P001467
M005099,Storage Facility 12,2025-08-10T14:30:42,P002140|P000580|P001850|P002950
M005100,Abandoned Factory,2025-02-04T03:02:45,P002119|P003369|P000259|P000969|P000129
M005101,Downtown Cafe,2025-09-05T01:53:08,P003318|P002948|P000648
M005102,Private Villa,2025-04-09T17:25:48,P002558|P001188|P002388
M005103,Parking Garage B,2025-09-26T12:41:03,P000202|P003222
M005104,Private Villa,2025-04-24T07:19:40,P000135|P002785
M005105,Backroom - Lucky Star Bar,2025-01-09T16:26:10,P003032|P000292|P002852|P000632
M005106,Storage Facility 12,2025-04-08T21:58:08,P001602|P002772
M005107,Warehouse District,2025-03-08T22:39:29,P001988|P001498|P000678|P000898|P001888|P002208
M005108,Private Villa,2025-10-22T05:43:50,P000817|P002307|P000357
M005109,Warehouse District,2025-12-14T21:10:08,P001829|P001659|P001639|P002679|P003039
M005110,Riverside Docks,2025-06-13T11:48:14,P002549|P001879
M005111,Parking Garage B,2025-12-27T16:38:52,P002178|P000308|P003418|P000618|P000638|P003238
M005112,Private Villa,2025-02-21T02:22:59,P002839|P001749
M005113,Storage Facility 12,2025-02-12T07:20:17,P000622|P001662|P002312|P001262|P000262|P003042
M005114,Abandoned Factory,2025-10-29T12:00:19,P001720|P001690|P003220
M005115,Warehouse District,2025-03-20T23:03:35,P001191|P003211|P000361|P002111
M005116,Parking Garage B,2025-08-19T15:28:51,P003257|P001947|P002497|P001617
M005117,Downtown Cafe,2025-03-06T22:17:07,P001870|P002860
M005118,Abandoned Factory,2025-07-01T17:57:30,P003262|P001822|P001432
M005119,Abandoned Factory,2025-01-02T04:50:45,P001339|P002359|P001239|P001119
M005120,Downtown Cafe,2025-10-24T11:26:21,P002514|P000234|P002404|P002264
M005121,Storage Facility 12,2025-09-26T20:46:34,P002599|P001079|P001939|P001199|P000379
M005122,Riverside Docks,2025-09-12T10:10:04,P002523|P000933|P000623|P001133|P001093
M005123,Storage Facility 12,2025-07-23T02:34:06,P000369|P003089|P000889
M005124,Backroom - Lucky Star Bar,2025-04-09T13:18:13,P001318|P002038
M005125,Riverside Docks,2025-09-26T02:09:41,P001197|P002307|P002317|P001477|P002387
M005126,Storage Facility 12,2025-07-06T16:13:47,P002092|P000522|P003382
M005127,Parking Garage B,2025-03-21T01:38:54,P002520|P002770|P001170|P002700|P001360|P001600
M005128,Downtown Cafe,2025-10-23T15:15:16,P001656|P001856|P002286
M005129,Private Villa,2025-08-10T12:28:58,P002960|P003350|P003340|P000860|P000940
M005130,Downtown Cafe,2025-08-02T07:36:14,P000731|P003461|P002721|P002061|P000081|P000651
M005131,Parking Garage B,2025-08-24T11:36:19,P002751|P001641|P001211|P003101|P003201|P002151
M005132,Warehouse District,2025-01-29T23:12:49,P001642|P000182|P002832|P001002|P001242|P001682
M005133,Storage Facility 12,2025-12-23T03:16:16,P002578|P000658
M005134,Private Villa,2025-12-19T04:45:25,P002392|P001862|P000712|P002202|P000522|P002612
M005135,Downtown Cafe,2025-08-26T04:39:54,P000318|P001908
M005136,Riverside Docks,2025-09-03T13:28:16,P002970|P002910|P002630
M005137,Parking Garage B,2025-11-29T01:20:25,P001020|P003090
M005138,Private Villa,2025-01-25T02:40:40,P000302|P000692|P000282|P001862|P002622
M005139,Warehouse District,2025-01-25T23:11:13,P003146|P000676|P003136
M005140,Parking Garage B,2025-11-17T17:40:02,P000301|P001771|P000671|P001521
M005141,Warehouse District,2025-11-07T01:01:42,P002221|P001851|P001481|P001881|P002511|P000981
M005142,Backroom - Lucky Star Bar,2025-01-26T22:07:44,P002586|P001926|P002446|P001526|P001086
M005143,Storage Facility 12,2025-07-08T20:46:13,P000617|P001667|P001977
M005144,Abandoned Factory,2025-04-07T15:53:20,P002978|P000518|P001478|P001498|P001838
M005145,Downtown Cafe,2025-03-12T07:16:25,P003170|P002970|P001050|P001420
M005146,Riverside Docks,2025-10-09T16:53:25,P002926|P002476|P000826|P002306|P001776|P002746
M005147,Private Villa,2025-02-10T18:09:16,P001039|P002119|P003069|P001709|P001599|P000639
M005148,Abandoned Factory,2025-01-28T10:04:12,P000712|P000732|P001142|P001782|P001082
M005149,Parking Garage B,2025-09-10T17:01:01,P000670|P003130
M005150,Downtown Cafe,2025-01-01T08:32:45,P002178|P000228|P000918
M005151,Downtown Cafe,2025-12-04T17:52:23,P000424|P000604|P000234|P000284|P001864
M005152,Riverside Docks,2025-07-14T10:36:11,P000433|P003033
M005153,Riverside Docks,2025-05-11T22:13:08,P002374|P002894|P000914
M005154,Abandoned Factory,2025-10-14T20:23:00,P002974|P002114
M005155,Warehouse District,2025-12-02T04:24:09,P001884|P001914
M005156,Abandoned Factory,2025-10-16T22:46:43,P002729|P002919|P000649|P003009
M005157,Storage Facility 12,2025-10-26T23:20:47,P003447|P000457|P002447|P000817|P003157
M005158,Downtown Cafe,2025-05-03T23:17:39,P000180|P001990|P003040|P000870|P002160
M005159,Warehouse District,2025-04-14T05:22:30,P002568|P000358|P001538|P002648|P003478
M005160,Downtown Cafe,2025-03-02T15:50:42,P002024|P001524|P001674
M005161,Riverside Docks,2025-01-04T23:21:13,P000793|P002003
M005162,Downtown Cafe,2025-07-24T14:19:59,P003135|P003195|P002605|P001975|P001945|P002085
M005163,Private Villa,2025-07-22T14:29:10,P002429|P000999|P003089|P000959|P002439
M005164,Riverside Docks,2025-09-13T16:34:01,P001142|P001152|P001042|P001882|P000942|P002822
M005165,Backroom - Lucky Star Bar,2025-04-28T10:56:08,P001428|P000258|P002358
M005166,Abandoned Factory,2025-06-21T23:54:47,P002326|P001946|P003346|P001286|P001796
M005167,Private Villa,2025-02-14T07:52:10,P001929|P001269|P003019
M005168,Warehouse District,2025-04-02T23:42:18,P002433|P001193
M005169,Warehouse District,2025-04-05T18:59:53,P002455|P001985|P003245|P000115
M005170,Storage Facility 12,2025-05-12T02:22:00,P001132|P001852
M005171,Riverside Docks,2025-11-30T05:38:49,P002890|P003230
M005172,Backroom - Lucky Star Bar,2025-08-11T11:29:58,P003133|P000513|P002673
M005173,Backroom - Lucky Star Bar,2025-12-02T21:07:02,P003187|P003427|P001327
M005174,Abandoned Factory,2025-05-01T08:04:56,P003069|P002979|P000449|P001429|P002119|P002089
M005175,Abandoned Factory,2025-03-17T01:10:41,P001609|P000039|P002659
M005176,Downtown Cafe,2025-08-13T08:03:53,P000130|P003340|P002830|P003240|P001560
M005177,Parking Garage B,2025-11-25T17:04:03,P002863|P001673|P001863
M005178,Parking Garage B,2025-04-06T10:08:06,P001534|P001004|P000534|P001514|P000374
M005179,Warehouse District,2025-06-24T09:48:11,P003144|P002534|P001034|P000424
M005180,Downtown Cafe,2025-02-10T15:45:02,P001817|P001177|P002967|P002857|P001797|P001787
M005181,Storage Facility 12,2025-10-21T09:51:24,P001651|P001851|P001441
M005182,Parking Garage B,2025-03-27T06:23:21,P003370|P002320|P002650|P001680
M005183,Riverside Docks,2025-07-13T07:45:45,P003126|P001506
M005184,Backroom - Lucky Star Bar,2025-07-03T00:55:21,P001351|P000441|P001861|P003441
M005185,Abandoned Factory,2025-11-30T06:32:27,P003117|P002027|P000477|P002817
M005186,Parking Garage B,2025-09-28T09:01:54,P003480|P001270|P003310|P001860
M005187,Downtown Cafe,2025-01-25T11:39:12,P002608|P000738|P001228|P002198
M005188,Downtown Cafe,2025-10-16T07:39:08,P003003|P002003|P000103|P000453|P000573|P001823
M005189,Parking Garage B,2025-11-03T06:50:55,P003026|P001066
M005190,Warehouse District,2025-09-10T05:51:09,P000938|P000718|P003108|P002528|P000328|P002748
M005191,Warehouse District,2025-08-03T03:51:55,P001369|P000359|P001809
M005192,Riverside Docks,2025-08-24T12:51:38,P003430|P002850|P000620|P001240
M005193,Riverside Docks,2025-12-12T06:54:27,P001169|P002809|P000089
M005194,Abandoned Factory,2025-04-04T17:50:31,P001812|P002302|P001092|P002562|P003242|P003182
M005195,Parking Garage B,2025-04-16T07:46:51,P001355|P000815
M005196,Backroom - Lucky Star Bar,2025-08-31T20:15:46,P002332|P001772|P002572|P000642|P001082|P002032
M005197,Riverside Docks,2025-09-12T07:56:08,P002333|P003213|P002013|P003333|P002143
M005198,Warehouse District,2025-07-22T09:03:05,P002013|P002293|P000513|P002883|P001723
M005199,Private Villa,2025-06-29T20:52:21,P000155|P001575|P000815|P000215|P000405
M005200,Downtown Cafe,2025-04-18T14:46:23,P002292|P000392|P001592|P000312|P001322|P002082
M005201,Warehouse District,2025-04-19T18:25:07,P000434|P002394|P003364|P003224|P000264
M005202,Riverside Docks,2025-08-08T02:26:00,P002145|P003385|P000185|P001735|P002075
M005203,Riverside Docks,2025-11-21T16:14:59,P003271|P000341|P000171|P001931
M005204,Riverside Docks,2025-12-20T15:03:32,P002213|P003313
M005205,Abandoned Factory,2025-07-14T00:34:09,P002642|P000592|P001382|P002652|P000002|P002632
M005206,Private Villa,2025-07-24T00:03:17,P002154|P003284|P003144
M005207,Abandoned Factory,2025-05-16T21:41:35,P000560|P001280|P002860|P001040|P002770|P001310
M005208,Private Villa,2025-11-26T07:13:02,P002341|P002311
M005209,Parking Garage B,2025-06-09T12:44:27,P000493|P003433
M005210,Parking Garage B,2025-04-27T06:36:32,P002816|P002166|P000126|P001546
M005211,Downtown Cafe,2025-11-22T10:58:21,P000236|P001266|P002596
M005212,Private Villa,2025-10-12T19:38:55,P001255|P001395|P000295|P002465|P002775|P002035
M005213,Storage Facility 12,2025-07-06T02:15:00,P002597|P001967|P003077
M005214,Parking Garage B,2025-09-27T05:31:39,P001851|P000671|P000791|P001421|P000071|P003491
M005215,Riverside Docks,2025-12-10T17:45:41,P000989|P000459|P001599|P000239
M005216,Parking Garage B,2025-08-22T07:28:59,P001338|P000648|P002918|P001488|P001168|P002968
M005217,Downtown Cafe,2025-05-10T18:02:23,P001942|P000832|P001482|P002252|P003332|P001082
M005218,Backroom - Lucky Star Bar,2025-04-30T14:40:19,P000773|P000113|P001683|P000673|P001503
M005219,Abandoned Factory,2025-04-01T02:42:53,P002065|P000995|P000785|P002845|P001325|P001285
M005220,Parking Garage B,2025-11-25T01:30:10,P002257|P001047|P001467
M005221,Backroom - Lucky Star Bar,2025-07-28T12:42:09,P000781|P002451|P001981|P001551|P001301|P002911
M005222,Downtown Cafe,2025-05-31T16:43:46,P002411|P001321|P002231|P001521
M005223,Storage Facility 12,2025-08-06T18:57:21,P002268|P001538|P000478|P002438|P002768
M005224,Parking Garage B,2025-07-31T06:44:59,P001652|P003232|P000552|P000412|P001642
M005225,Parking Garage B,2025-10-31T12:53:47,P001038|P002428|P002738|P003198|P001918
M005226,Storage Facility 12,2025-03-26T19:35:27,P003325|P002665
M005227,Downtown Cafe,2025-02-05T01:54:49,P001150|P002080|P003490|P002310
M005228,Downtown Cafe,2025-03-07T08:21:56,P001539|P000899|P002039|P002319
M005229,Warehouse District,2025-01-19T14:19:14,P000842|P000222|P000812|P000692|P001432|P002632
M005230,Parking Garage B,2025-05-11T14:10:42,P003262|P002972|P002502|P002852|P002512|P001632
M005231,Abandoned Factory,2025-12-26T10:17:49,P001338|P001998|P000778|P001918
M005232,Parking Garage B,2025-07-25T05:50:47,P001010|P000570
M005233,Parking Garage B,2025-02-22T22:18:54,P000027|P001107|P000557|P000737
M005234,Storage Facility 12,2025-11-16T19:47:02,P003435|P003325|P002835|P002985|P002295
M005235,Downtown Cafe,2025-10-27T05:15:54,P000922|P000682|P000902|P001612
M005236,Downtown Cafe,2025-10-31T15:55:10,P002279|P002799
M005237,Warehouse District,2025-08-04T21:38:38,P001044|P002494|P001124|P002854|P002144|P002364
M005238,Warehouse District,2025-02-07T11:55:43,P000886|P003296|P002266|P000956
M005239,Downtown Cafe,2025-06-13T05:02:44,P002639|P000379|P000339
M005240,Riverside Docks,2025-07-23T19:04:13,P000408|P001948|P002328|P002268|P001408|P000878
M005241,Storage Facility 12,2025-04-19T06:26:03,P001625|P000955|P003475|P001215
M005242,Backroom - Lucky Star Bar,2025-09-08T21:04:17,P003058|P000668|P003298
M005243,Warehouse District,2025-09-17T11:57:34,P000110|P000280|P000300|P002770
M005244,Downtown Cafe,2025-02-26T11:13:03,P001363|P001013|P001183|P002393
M005245,Abandoned Factory,2025-08-07T21:48:53,P000531|P002611|P003451|P000341
M005246,Parking Garage B,2025-02-16T23:09:45,P000710|P002310|P000640|P003420
M005247,Downtown Cafe,2025-07-02T12:24:35,P001009|P000119|P000029
M005248,Warehouse District,2025-07-03T11:00:26,P000642|P003342|P002662|P003372|P002192|P001682
M005249,Abandoned Factory,2025-09-12T00:44:54,P001214|P000224|P002274
M005250,Warehouse District,2025-11-17T06:36:28,P000945|P002335
M005251,Backroom - Lucky Star Bar,2025-12-09T22:04:20,P001807|P002937
M005252,Storage Facility 12,2025-06-01T02:31:30,P001702|P003322|P002722|P002102|P002602|P002702
M005253,Riverside Docks,2025-02-21T16:08:13,P000949|P002029|P000719|P002629
M005254,Abandoned Factory,2025-08-25T00:45:16,P003003|P002953
M005255,Downtown Cafe,2025-10-21T04:43:10,P002186|P000156|P003096|P001646|P000066|P002706
M005256,Riverside Docks,2025-09-07T04:36:36,P000753|P002973|P001433
M005257,Backroom - Lucky Star Bar,2025-10-13T23:33:20,P002710|P000380|P001660|P000600|P001970
M005258,Warehouse District,2025-12-05T15:34:11,P000610|P002860|P000390|P001670
M005259,Riverside Docks,2025-07-04T19:35:16,P001561|P002471|P001831|P002681|P002811|P000471
M005260,Private Villa,2025-01-09T06:31:20,P001938|P003448
M005261,Warehouse District,2025-10-11T06:42:11,P003112|P002012|P000072|P001942
M005262,Backroom - Lucky Star Bar,2025-11-17T11:20:36,P002592|P003352|P001402|P002232|P001232
M005263,Abandoned Factory,2025-01-07T14:05:29,P003363|P003083
M005264,Storage Facility 12,2025-05-04T21:13:39,P000704|P001454|P002154
M005265,Parking Garage B,2025-09-13T05:15:45,P000872|P003082|P002672|P000762
M005266,Backroom - Lucky Star Bar,2025-10-10T10:28:27,P003310|P001770|P000310|P003260
M005267,Storage Facility 12,2025-03-22T05:35:19,P001721|P000461|P000351|P002581
M005268,Backroom - Lucky Star Bar,2025-07-31T03:05:40,P000779|P002939
M005269,Abandoned Factory,2025-08-14T09:38:28,P002044|P001124|P001144
M005270,Backroom - Lucky Star Bar,2025-01-12T08:27:49,P000178|P001498|P001128|P000038
M005271,Private Villa,2025-06-11T04:16:12,P002154|P000194|P001114|P003304
M005272,Warehouse District,2025-03-10T07:17:39,P002553|P000663
M005273,Downtown Cafe,2025-11-08T15:10:11,P000051|P003341|P001881|P002151
M005274,Abandoned Factory,2025-04-10T09:15:37,P003175|P001755|P003135|P001775|P001605
M005275,Abandoned Factory,2025-09-12T05:31:46,P000549|P002579
M005276,Backroom - Lucky Star Bar,2025-12-21T10:39:24,P000648|P000158|P002988
M005277,Private Villa,2025-04-07T09:23:56,P002992|P001572|P000372|P002762
M005278,Private Villa,2025-06-18T18:15:55,P003245|P002485
M005279,Parking Garage B,2025-02-23T21:28:24,P001140|P002850|P002750
M005280,Downtown Cafe,2025-03-07T23:12:29,P003367|P001337
M005281,Abandoned Factory,2025-11-28T19:56:30,P000687|P001557
M005282,Storage Facility 12,2025-10-29T09:34:04,P001110|P000240|P001140
M005283,Backroom - Lucky Star Bar,2025-03-07T17:54:13,P001706|P001106|P003126
M005284,Abandoned Factory,2025-11-06T23:59:06,P002344|P000374|P002134|P001274|P000154
M005285,Warehouse District,2025-05-17T15:46:59,P001963|P000783|P002393
M005286,Storage Facility 12,2025-01-19T14:20:20,P001601|P003431|P002911|P002601
M005287,Storage Facility 12,2025-12-17T13:54:31,P003435|P000225|P001335
M005288,Riverside Docks,2025-04-12T02:52:27,P002611|P000881|P002141
M005289,Abandoned Factory,2025-11-20T06:22:34,P002558|P000628|P002058|P000798|P001148
M005290,Downtown Cafe,2025-02-27T03:49:37,P000130|P002880|P002360
M005291,Private Villa,2025-07-27T00:11:13,P003044|P000864|P002274|P000764|P002844|P001134
M005292,Abandoned Factory,2025-01-26T17:16:31,P002944|P001724|P000404|P002604
M005293,Riverside Docks,2025-08-14T15:51:01,P002742|P000062
M005294,Private Villa,2025-10-12T16:11:56,P002631|P001191|P002311|P002151|P000831|P003041
M005295,Abandoned Factory,2025-06-01T22:47:48,P000566|P002266|P001176|P003376|P002806|P001206
M005296,Private Villa,2025-06-22T11:09:18,P001432|P001842
M005297,Parking Garage B,2025-08-14T02:16:40,P000368|P000198|P000098|P003218
M005298,Abandoned Factory,2025-06-15T01:17:36,P001189|P001229|P001069|P002939
M005299,Parking Garage B,2025-08-30T10:39:19,P002925|P000795
M005300,Private Villa,2025-09-10T18:41:55,P001792|P002592|P001932
M005301,Backroom - Lucky Star Bar,2025-04-13T19:43:50,P001829|P002089|P002759|P000149|P002599
M005302,Riverside Docks,2025-07-10T11:06:04,P001689|P003179|P001779|P000749|P002609|P002189
M005303,Backroom - Lucky Star Bar,2025-03-03T11:53:00,P000637|P001117|P001367|P001227|P002767|P000777
M005304,Downtown Cafe,2025-03-30T11:59:26,P000443|P000773|P002233|P001393|P002403
M005305,Abandoned Factory,2025-09-29T20:02:55,P001230|P002350|P002920|P001710|P002470
M005306,Private Villa,2025-08-21T15:58:10,P002396|P002386|P003086|P002066|P001046|P000596
M005307,Abandoned Factory,2025-01-28T17:05:23,P001317|P002807
M005308,Storage Facility 12,2025-03-20T11:46:01,P000913|P003153
M005309,Riverside Docks,2025-02-24T07:17:46,P000639|P001669|P001939|P002749|P002399
M005310,Parking Garage B,2025-11-29T15:23:08,P001658|P000778|P002808|P001338
M005311,Private Villa,2025-01-26T01:48:47,P001511|P001991|P001171
M005312,Abandoned Factory,2025-03-02T05:56:58,P001444|P000874|P000094|P003054|P001534
M005313,Parking Garage B,2025-07-21T20:33:20,P000886|P001086
M005314,Abandoned Factory,2025-08-23T08:27:26,P002893|P000293|P001433|P000173|P003013
M005315,Backroom - Lucky Star Bar,2025-09-30T02:21:51,P003330|P001120|P001580|P002270
M005316,Backroom - Lucky Star Bar,2025-09-16T06:05:05,P002416|P000276
M005317,Riverside Docks,2025-11-06T13:05:03,P001020|P001960|P003180|P000170|P002050|P001490
M005318,Warehouse District,2025-01-01T10:00:36,P001107|P002717|P000497|P000347|P002077|P001567
M005319,Backroom - Lucky Star Bar,2025-08-02T20:30:05,P002016|P001096|P001176|P002676
M005320,Downtown Cafe,2025-05-14T11:47:33,P000398|P003008|P003348|P003338|P001298|P001438
M005321,Parking Garage B,2025-12-20T21:02:36,P001162|P000862|P002502
M005322,Backroom - Lucky Star Bar,2025-02-11T07:56:40,P000499|P001969|P003299|P000999|P001809|P002269
M005323,Private Villa,2025-05-16T19:58:21,P000139|P001089|P000039|P001369|P002349|P000289
M005324,Backroom - Lucky Star Bar,2025-10-22T20:52:40,P003070|P002170|P001990|P002480|P000660|P002030
M005325,Backroom - Lucky Star Bar,2025-03-08T07:23:30,P003325|P001455|P001565|P000885
M005326,Abandoned Factory,2025-03-16T13:45:17,P002399|P002939|P002159|P002379
M005327,Private Villa,2025-09-11T07:50:54,P002781|P003261|P002961|P003071
M005328,Abandoned Factory,2025-11-24T08:01:50,P002644|P001694|P002674|P000744|P000984
M005329,Parking Garage B,2025-06-07T05:48:21,P001008|P003168|P002108|P001958
M005330,Riverside Docks,2025-05-01T22:19:54,P001995|P003005
M005331,Parking Garage B,2025-04-15T16:18:23,P001509|P001449|P000869|P000479|P001019
M005332,Warehouse District,2025-01-20T06:25:05,P002773|P002233|P000933|P001293|P000633
M005333,Downtown Cafe,2025-02-18T05:27:58,P002580|P001610
M005334,Parking Garage B,2025-02-26T09:05:45,P003056|P003316|P003036|P002536|P001486
M005335,Abandoned Factory,2025-08-14T02:57:22,P002975|P001505|P001645|P001875|P002945|P003155
M005336,Storage Facility 12,2025-05-05T05:54:01,P002368|P002718|P001998
M005337,Backroom - Lucky Star Bar,2025-11-09T20:30:39,P003135|P001985|P002855|P001615|P000945
M005338,Storage Facility 12,2025-09-02T18:24:15,P001623|P000293|P000943|P003493
M005339,Downtown Cafe,2025-01-09T19:56:34,P003467|P000727
M005340,Backroom - Lucky Star Bar,2025-05-04T03:40:26,P000565|P001835|P003165|P000395
M005341,Downtown Cafe,2025-03-17T09:09:31,P001434|P000974|P000534
M005342,Downtown Cafe,2025-01-12T02:42:54,P001427|P002607|P001857|P003117|P003057
M005343,Backroom - Lucky Star Bar,2025-04-06T19:40:56,P000824|P000904|P002834|P002594|P002164|P003184
M005344,Abandoned Factory,2025-03-26T15:18:54,P001396|P001806
M005345,Warehouse District,2025-04-15T21:22:43,P001913|P002723|P002633|P002543
M005346,Downtown Cafe,2025-11-27T04:59:25,P000473|P001393|P000053|P001933
M005347,Riverside Docks,2025-09-26T10:22:57,P000371|P001601
M005348,Parking Garage B,2025-09-19T20:19:20,P001887|P000147|P002297|P002027
M005349,Parking Garage B,2025-10-02T00:20:40,P000146|P001216|P002856|P000606|P002496|P002466
M005350,Parking Garage B,2025-02-26T16:56:21,P003186|P000126|P002546|P001676|P000826
M005351,Parking Garage B,2025-09-08T22:22:36,P003214|P002484|P002384
M005352,Storage Facility 12,2025-09-04T07:40:08,P003492|P001822
M005353,Abandoned Factory,2025-06-15T03:24:22,P000349|P001649|P003129
M005354,Warehouse District,2025-01-20T20:24:17,P000522|P001812|P002722|P001212|P001122|P001172
M005355,Storage Facility 12,2025-08-21T22:24:36,P001506|P000876|P001586|P001666|P001796|P000946
M005356,Riverside Docks,2025-02-15T03:08:55,P003489|P002309
M005357,Backroom - Lucky Star Bar,2025-01-16T14:44:17,P000452|P003012|P001732|P000512|P000232|P002772
M005358,Parking Garage B,2025-12-29T18:02:03,P001017|P003057|P001277|P002947|P002607
M005359,Storage Facility 12,2025-06-02T23:53:02,P003446|P000896|P000046|P000446|P001796
M005360,Parking Garage B,2025-05-12T23:25:15,P000158|P000288
M005361,Private Villa,2025-10-09T01:03:22,P001432|P000022|P003482|P000672
M005362,Riverside Docks,2025-09-03T17:13:34,P000621|P002251|P002331
M005363,Abandoned Factory,2025-08-08T15:44:15,P000899|P001989|P002439
M005364,Storage Facility 12,2025-10-04T00:55:25,P002949|P000589|P001959
M005365,Riverside Docks,2025-10-22T07:40:03,P001240|P000390
M005366,Private Villa,2025-01-24T11:26:10,P000645|P001835|P002885|P000755
M005367,Parking Garage B,2025-07-02T06:56:06,P002868|P000448
M005368,Warehouse District,2025-04-10T05:56:26,P000846|P001166|P000266
M005369,Parking Garage B,2025-06-22T11:39:02,P000171|P000331|P002251|P000301|P002471|P000811
M005370,Storage Facility 12,2025-03-19T17:47:06,P003296|P002576|P003116|P001176
M005371,Warehouse District,2025-02-15T04:41:42,P001144|P000644|P001534|P001354
M005372,Parking Garage B,2025-05-16T12:34:07,P002449|P000679
M005373,Parking Garage B,2025-09-16T06:40:51,P001419|P001929|P002569
M005374,Private Villa,2025-01-24T16:56:31,P003455|P002585
M005375,Warehouse District,2025-09-09T06:26:23,P002361|P000201|P001381
M005376,Downtown Cafe,2025-05-30T03:13:23,P003259|P000199
M005377,Backroom - Lucky Star Bar,2025-08-27T12:19:45,P002018|P002528|P002588|P000718|P001898|P001728
M005378,Riverside Docks,2025-02-24T19:25:07,P000805|P001225|P003175|P001495|P001725
M005379,Riverside Docks,2025-08-04T16:50:17,P002476|P002446|P002736|P001026|P002706|P001366
M005380,Abandoned Factory,2025-05-21T05:03:44,P002617|P000757
M005381,Downtown Cafe,2025-03-19T02:30:46,P001797|P001467|P000967|P000677
M005382,Parking Garage B,2025-03-01T07:16:18,P002447|P000077|P000227|P003417|P000447
M005383,Riverside Docks,2025-12-15T11:07:00,P002087|P002477
M005384,Downtown Cafe,2025-07-07T00:45:25,P001384|P000054|P002354
M005385,Parking Garage B,2025-11-04T18:19:52,P003292|P001602
M005386,Storage Facility 12,2025-12-14T03:52:37,P002094|P002934
M005387,Riverside Docks,2025-02-17T19:05:21,P000329|P003309|P003159|P001729|P001299
M005388,Riverside Docks,2025-01-22T05:06:21,P002870|P003150|P002760
M005389,Private Villa,2025-11-13T14:18:52,P003257|P001767|P000197|P002507|P001187
M005390,Private Villa,2025-06-09T09:06:51,P002267|P001187
M005391,Downtown Cafe,2025-01-18T05:44:39,P000882|P002162|P002532|P002852
M005392,Parking Garage B,2025-05-10T14:00:52,P003308|P003298
M005393,Riverside Docks,2025-12-02T20:08:30,P000612|P002592
M005394,Abandoned Factory,2025-05-31T08:49:15,P001359|P001929|P001799|P000129|P001709
M005395,Downtown Cafe,2025-11-02T02:26:55,P001228|P001758|P000918|P001268|P001398
M005396,Riverside Docks,2025-11-10T18:04:51,P000863|P002273
M005397,Parking Garage B,2025-04-30T11:19:52,P001280|P002080|P000720|P000270|P001620
M005398,Riverside Docks,2025-10-17T02:50:20,P001637|P000167|P002607|P001747|P002647
M005399,Backroom - Lucky Star Bar,2025-01-11T10:17:48,P003200|P001770
M005400,Abandoned Factory,2025-06-13T14:58:19,P000532|P002712|P003282|P000312
M005401,Riverside Docks,2025-08-24T00:46:21,P003204|P003184|P001164|P001184|P001884|P000504
M005402,Abandoned Factory,2025-11-12T07:55:34,P003474|P002824|P000124|P002134|P003144|P001674
M005403,Abandoned Factory,2025-06-13T19:19:09,P003425|P003225|P003405|P001815|P001175
M005404,Backroom - Lucky Star Bar,2025-05-12T10:56:43,P000264|P003484
M005405,Warehouse District,2025-09-18T08:55:59,P001155|P002115|P003115|P001505|P001545|P000605
M005406,Riverside Docks,2025-03-01T10:36:54,P000743|P003183|P002033
M005407,Abandoned Factory,2025-10-10T10:15:51,P000105|P003155
M005408,Backroom - Lucky Star Bar,2025-06-08T08:17:12,P001906|P000926
M005409,Riverside Docks,2025-12-01T10:10:02,P000528|P001808|P002078
M005410,Private Villa,2025-09-30T07:27:27,P001148|P001928|P003438|P002168
M005411,Backroom - Lucky Star Bar,2025-08-05T18:45:31,P003066|P003116|P000916
M005412,Abandoned Factory,2025-07-24T06:29:24,P003078|P003168|P000728|P001058
M005413,Parking Garage B,2025-11-23T12:55:15,P001583|P000793
M005414,Abandoned Factory,2025-12-07T19:35:53,P000913|P003023|P002093|P001913|P001793
M005415,Private Villa,2025-01-21T21:56:38,P001090|P001080|P001440|P002890|P001240
M005416,Riverside Docks,2025-02-19T04:29:44,P002633|P003173|P000793
M005417,Abandoned Factory,2025-05-25T08:25:46,P002716|P001676|P001076|P001636|P002596
M005418,Storage Facility 12,2025-06-15T06:06:23,P000778|P000398|P002378|P002508|P003238
M005419,Storage Facility 12,2025-12-03T11:41:24,P000828|P001378|P003368|P003408|P002278
M005420,Warehouse District,2025-04-09T17:28:29,P000056|P001956|P002786|P000876
M005421,Backroom - Lucky Star Bar,2025-02-20T22:11:13,P001746|P001546
M005422,Downtown Cafe,2025-03-28T15:44:01,P000938|P001628
M005423,Abandoned Factory,2025-06-09T12:14:41,P002718|P001598|P003378|P000748|P000788|P001058
M005424,Riverside Docks,2025-04-05T03:00:18,P001099|P000299|P001329
M005425,Downtown Cafe,2025-10-18T21:43:14,P000965|P001575
M005426,Warehouse District,2025-02-16T16:46:10,P000575|P002675
M005427,Downtown Cafe,2025-12-05T20:56:39,P000879|P002919
M005428,Backroom - Lucky Star Bar,2025-12-06T14:48:38,P002024|P000004|P000104|P000704
M005429,Abandoned Factory,2025-01-26T03:37:07,P003071|P002891|P002871|P001081
M005430,Private Villa,2025-08-20T23:17:34,P003334|P001924|P001334|P001834
M005431,Riverside Docks,2025-11-12T20:09:17,P000581|P000461|P002431
M005432,Abandoned Factory,2025-06-27T18:16:43,P000405|P003235|P001025|P001115|P002485
M005433,Riverside Docks,2025-05-13T13:36:54,P002033|P002653|P002303|P001383
M005434,Parking Garage B,2025-02-27T03:38:18,P002639|P001519|P001449
M005435,Riverside Docks,2025-08-22T08:23:13,P001941|P001751
M005436,Backroom - Lucky Star Bar,2025-10-10T19:55:36,P002219|P000609|P000619|P000979
M005437,Storage Facility 12,2025-11-15T12:59:26,P001055|P003475
M005438,Abandoned Factory,2025-11-15T20:43:14,P001899|P003149
M005439,Storage Facility 12,2025-10-31T03:32:18,P000685|P000785
M005440,Private Villa,2025-02-26T20:55:53,P003361|P003211
M005441,Riverside Docks,2025-12-17T21:12:15,P003331|P002581|P002601|P002141
M005442,Riverside Docks,2025-06-22T18:50:54,P001315|P003355|P000365
M005443,Backroom - Lucky Star Bar,2025-02-19T17:44:05,P002111|P001191|P000291|P000401|P000241|P002451
M005444,Storage Facility 12,2025-03-29T00:19:06,P001736|P000596
M005445,Downtown Cafe,2025-08-27T09:37:22,P003204|P003114|P000914|P001024|P001154|P002814
M005446,Warehouse District,2025-07-13T05:35:59,P003166|P001706|P001836|P003376
M005447,Storage Facility 12,2025-10-08T22:15:33,P001181|P001231|P003401|P000481|P001081|P001571
M005448,Warehouse District,2025-04-15T12:04:41,P003271|P000581|P001651
M005449,Parking Garage B,2025-04-13T14:43:33,P000514|P000034|P000684|P002964|P000674|P000594
M005450,Parking Garage B,2025-01-05T15:52:34,P001016|P000856|P002236|P001906|P000706
M005451,Abandoned Factory,2025-05-07T22:19:28,P001019|P001259
M005452,Warehouse District,2025-05-08T15:35:05,P000516|P001216|P000766|P000706
M005453,Private Villa,2025-04-08T17:36:06,P000816|P002006|P000006|P003336|P001106
M005454,Warehouse District,2025-03-20T12:17:26,P003218|P002968|P003378|P002528|P000128
M005455,Riverside Docks,2025-12-19T23:11:06,P002666|P003076
M005456,Storage Facility 12,2025-08-12T09:14:31,P001989|P002379|P003469|P002569
M005457,Abandoned Factory,2025-04-07T09:41:51,P003269|P001959|P000739|P002539|P002339|P002229
M005458,Storage Facility 12,2025-04-18T17:30:15,P000025|P002725
M005459,Storage Facility 12,2025-03-02T03:46:24,P001744|P000474|P003164|P000044|P001824
M005460,Private Villa,2025-12-20T10:47:25,P000087|P000757|P000607
M005461,Backroom - Lucky Star Bar,2025-08-10T00:41:01,P001991|P000181|P001931|P000781
M005462,Downtown Cafe,2025-11-21T19:03:37,P000047|P000097|P003317
M005463,Storage Facility 12,2025-12-22T00:38:14,P001772|P000082|P000292
M005464,Abandoned Factory,2025-07-20T03:57:54,P003044|P002064|P002914|P000614|P000074
M005465,Riverside Docks,2025-04-21T08:20:33,P000049|P001499|P000789
M005466,Riverside Docks,2025-09-01T01:39:07,P002346|P000926
M005467,Parking Garage B,2025-01-09T17:21:28,P001338|P001348
M005468,Downtown Cafe,2025-04-26T03:57:00,P002710|P002350|P000840|P001830
M005469,Backroom - Lucky Star Bar,2025-08-13T01:56:25,P001838|P001328|P000608|P000088|P000698|P000058
M005470,Private Villa,2025-04-04T15:17:29,P000266|P002206|P001246|P002076|P002736
M005471,Parking Garage B,2025-12-03T16:19:58,P002164|P002394|P001654
M005472,Backroom - Lucky Star Bar,2025-10-23T11:27:31,P000243|P000993|P000373
M005473,Backroom - Lucky Star Bar,2025-03-03T00:31:43,P003438|P002038|P002798
M005474,Backroom - Lucky Star Bar,2025-04-25T16:18:18,P002283|P000673|P001423|P000113|P001593
M005475,Riverside Docks,2025-02-16T14:22:11,P001336|P001016|P000166
M005476,Abandoned Factory,2025-04-15T10:06:54,P002667|P001727|P001837|P001477
M005477,Riverside Docks,2025-11-13T10:02:19,P003365|P001415|P003005
M005478,Storage Facility 12,2025-01-13T16:20:29,P002780|P001090|P002000|P000760|P002390
M005479,Private Villa,2025-08-13T22:53:59,P002179|P000839|P001659|P003249|P001969
M005480,Riverside Docks,2025-04-13T11:21:38,P001805|P001355|P002025|P002905
M005481,Private Villa,2025-02-10T23:35:59,P000412|P001232|P002352|P001112|P000522
M005482,Downtown Cafe,2025-04-19T07:07:59,P002356|P002296|P000196|P002566|P003246|P003056
M005483,Backroom - Lucky Star Bar,2025-06-16T02:38:24,P003086|P000216
M005484,Downtown Cafe,2025-03-06T03:55:27,P000077|P002287|P000827|P001197
M005485,Abandoned Factory,2025-03-11T03:03:41,P002925|P001435|P001825
M005486,Downtown Cafe,2025-10-12T10:38:23,P003226|P000326|P002846|P001386|P003116
M005487,Warehouse District,2025-02-20T14:49:55,P001767|P002887|P001117|P002077
M005488,Riverside Docks,2025-09-25T09:42:24,P000730|P002920|P000770|P000200
M005489,Riverside Docks,2025-10-14T13:11:47,P003130|P002840|P001050|P002600
M005490,Backroom - Lucky Star Bar,2025-09-18T19:25:11,P002074|P002164
M005491,Storage Facility 12,2025-03-24T03:55:35,P001389|P000309|P000849|P003069|P002309
M005492,Storage Facility 12,2025-07-10T04:37:47,P002848|P002208
M005493,Parking Garage B,2025-05-11T17:14:32,P002530|P000270|P003200|P002590|P001890
M005494,Private Villa,2025-06-16T04:49:26,P002054|P001494|P000854
M005495,Parking Garage B,2025-07-16T06:45:46,P003220|P000800|P002330|P000890|P000500|P002880
M005496,Backroom - Lucky Star Bar,2025-10-23T00:59:47,P000237|P002527|P003187|P000357|P002847
M005497,Storage Facility 12,2025-12-08T16:14:33,P000066|P000096|P002246|P000806|P001316
M005498,Downtown Cafe,2025-03-13T12:24:55,P002287|P002977|P003327
M005499,Backroom - Lucky Star Bar,2025-04-25T14:31:00,P002071|P001061
M005500,Storage Facility 12,2025-11-30T01:34:44,P002113|P001523|P002993
M005501,Parking Garage B,2025-10-06T08:30:51,P000106|P000716
M005502,Riverside Docks,2025-08-12T11:33:50,P003042|P001292|P000582|P000752
M005503,Downtown Cafe,2025-08-12T13:16:29,P001306|P003106|P003116|P001846|P002036|P002926
M005504,Parking Garage B,2025-04-02T17:50:09,P001307|P000727|P003247|P002737|P000977|P001407
M005505,Downtown Cafe,2025-04-18T22:42:43,P002816|P003396|P003116|P002506
M005506,Parking Garage B,2025-09-15T18:17:46,P002060|P001740
M005507,Riverside Docks,2025-01-23T12:20:58,P000845|P000065
M005508,Private Villa,2025-11-16T06:46:06,P000397|P001447
M005509,Storage Facility 12,2025-03-23T05:13:42,P000628|P001908|P000118|P002748
M005510,Private Villa,2025-11-07T00:22:26,P000055|P003455|P001625|P002185|P001055|P001745
M005511,Storage Facility 12,2025-06-25T23:02:58,P000292|P001172|P002762|P002342
M005512,Riverside Docks,2025-03-08T00:43:38,P001406|P000836
M005513,Downtown Cafe,2025-04-07T20:04:46,P002498|P000598
M005514,Private Villa,2025-04-23T06:18:14,P002485|P003455
M005515,Warehouse District,2025-04-21T01:10:19,P001490|P000730
M005516,Abandoned Factory,2025-07-29T23:29:03,P001191|P001431|P001411|P001881|P002381
M005517,Parking Garage B,2025-10-29T21:00:49,P001424|P001004|P002774
M005518,Abandoned Factory,2025-08-22T07:15:48,P003206|P001136|P001366|P002106
M005519,Abandoned Factory,2025-02-19T08:33:07,P002296|P002336
M005520,Storage Facility 12,2025-01-10T07:18:37,P002449|P001439|P003019
M005521,Private Villa,2025-08-25T11:29:35,P002250|P001280|P002960|P001290|P000240|P002460
M005522,Backroom - Lucky Star Bar,2025-07-14T15:15:31,P001446|P002536|P001506|P000076|P002346
M005523,Riverside Docks,2025-06-14T04:01:28,P002452|P001472|P002852|P003342|P001792|P002442
M005524,Downtown Cafe,2025-05-29T05:00:58,P001744|P001024|P001614|P003154
M005525,Warehouse District,2025-07-08T07:56:31,P002750|P000950|P001900|P001460|P001750
M005526,Storage Facility 12,2025-11-18T09:19:54,P003054|P000684|P000074|P003404|P000154|P001004
M005527,Riverside Docks,2025-12-24T09:39:04,P002538|P003108|P000638|P000698
M005528,Storage Facility 12,2025-08-21T09:41:39,P002402|P000502|P002342
M005529,Abandoned Factory,2025-11-08T08:55:14,P001735|P001265|P001345|P002685
M005530,Abandoned Factory,2025-06-04T21:20:01,P001145|P000295|P000275|P001895|P003285
M005531,Downtown Cafe,2025-04-24T13:40:29,P003063|P000403|P001973|P003443
M005532,Warehouse District,2025-11-10T05:01:20,P002572|P002052|P002652
M005533,Backroom - Lucky Star Bar,2025-11-05T14:03:34,P003328|P003318|P001108
M005534,Backroom - Lucky Star Bar,2025-08-29T12:34:38,P001549|P001409
M005535,Downtown Cafe,2025-11-30T13:16:59,P002868|P002948|P001658|P000958|P001738|P000728
M005536,Storage Facility 12,2025-10-21T09:16:50,P002364|P000014|P002424|P002284|P000154
M005537,Private Villa,2025-01-17T17:47:44,P001271|P000581|P003411|P003451
M005538,Downtown Cafe,2025-05-16T16:23:39,P001647|P003157
M005539,Downtown Cafe,2025-12-06T17:59:53,P000796|P000556|P001846|P001026|P000506
M005540,Downtown Cafe,2025-06-08T11:42:54,P002025|P001595|P001165|P001375|P003265|P003215
M005541,Abandoned Factory,2025-03-21T23:52:56,P000634|P001474|P001604|P000344|P001344|P000144
M005542,Private Villa,2025-05-01T07:40:49,P002196|P002236|P003216|P000786|P003056|P000736
M005543,Parking Garage B,2025-11-02T23:58:05,P000621|P001041|P001671|P001071|P002141
M005544,Downtown Cafe,2025-04-18T18:56:20,P000978|P000498
M005545,Downtown Cafe,2025-08-09T05:00:00,P001976|P000746|P000066
M005546,Storage Facility 12,2025-11-04T18:00:15,P001971|P000111|P002081
M005547,Warehouse District,2025-11-23T03:31:44,P003239|P000669|P003089|P000649|P002989
M005548,Downtown Cafe,2025-05-14T05:21:38,P002546|P000836|P001706|P000306
M005549,Riverside Docks,2025-12-15T23:46:17,P003428|P000398
M005550,Storage Facility 12,2025-07-12T08:54:18,P002782|P001542
M005551,Riverside Docks,2025-05-21T03:26:16,P003432|P001222|P000102
M005552,Backroom - Lucky Star Bar,2025-03-12T08:19:44,P003378|P000318|P000208|P002358|P000178
M005553,Riverside Docks,2025-11-30T08:13:55,P000737|P002817|P001467|P001607
M005554,Parking Garage B,2025-07-29T18:02:48,P001413|P001863|P001033|P001943|P000163
M005555,Warehouse District,2025-03-21T15:57:58,P000602|P003452|P000112|P000422|P003152|P002302
M005556,Backroom - Lucky Star Bar,2025-10-18T13:41:16,P001895|P001855|P000235|P000005
M005557,Backroom - Lucky Star Bar,2025-03-07T09:00:18,P000520|P003290
M005558,Parking Garage B,2025-12-01T13:17:52,P003430|P001570|P000820|P003050
M005559,Private Villa,2025-04-01T09:43:08,P001287|P003387
M005560,Downtown Cafe,2025-06-11T19:32:26,P000867|P002737|P002117
M005561,Riverside Docks,2025-02-28T21:36:14,P001386|P001726|P002646|P002616|P001786|P000286
M005562,Private Villa,2025-01-10T13:06:29,P003365|P001445|P002195|P001715
M005563,Backroom - Lucky Star Bar,2025-08-26T20:18:15,P002560|P001620
M005564,Downtown Cafe,2025-12-15T20:21:01,P001424|P002944
M005565,Abandoned Factory,2025-10-25T16:59:41,P002613|P000663
M005566,Downtown Cafe,2025-02-08T23:16:41,P001090|P002180
M005567,Backroom - Lucky Star Bar,2025-03-04T16:36:48,P000679|P003139|P002979|P001219
M005568,Private Villa,2025-09-11T23:03:02,P001841|P002891
M005569,Private Villa,2025-03-11T23:14:11,P002059|P001459|P002299|P002439|P001369
M005570,Private Villa,2025-04-26T23:00:20,P000662|P002542|P002422|P003452|P000232
M005571,Abandoned Factory,2025-01-01T17:18:36,P002231|P002191
M005572,Abandoned Factory,2025-10-22T19:34:00,P001997|P000447|P002737|P002637|P002197
M005573,Storage Facility 12,2025-10-21T23:51:07,P001405|P001145
M005574,Warehouse District,2025-11-26T11:05:38,P001682|P002182|P001142
M005575,Abandoned Factory,2025-10-23T11:44:08,P001753|P000933
M005576,Private Villa,2025-12-14T07:50:48,P001645|P002015|P001215
M005577,Downtown Cafe,2025-08-30T15:50:50,P001424|P003434|P002844
M005578,Storage Facility 12,2025-11-02T07:56:33,P001329|P001139
M005579,Downtown Cafe,2025-09-24T19:43:33,P001912|P000772|P001312|P000442|P001552|P002632
M005580,Abandoned Factory,2025-11-17T18:05:21,P002714|P000194|P001954
M005581,Storage Facility 12,2025-12-13T20:11:31,P003065|P000305|P002775|P001385|P001595
M005582,Private Villa,2025-05-08T17:07:36,P001826|P001606|P001006|P000246
M005583,Warehouse District,2025-09-17T03:23:29,P001305|P001895|P001425
M005584,Backroom - Lucky Star Bar,2025-09-24T04:36:21,P002249|P002689|P002779|P000149
M005585,Abandoned Factory,2025-03-19T15:48:31,P002511|P002441|P002121
M005586,Riverside Docks,2025-12-09T20:09:35,P003063|P001893|P003253|P002363|P002433
M005587,Riverside Docks,2025-04-17T00:19:28,P000615|P000335|P003405
M005588,Riverside Docks,2025-12-18T09:42:14,P002031|P000321|P000971|P000051|P002081
M005589,Private Villa,2025-05-02T11:44:07,P001141|P002291
M005590,Backroom - Lucky Star Bar,2025-09-01T09:21:34,P002666|P001006
M005591,Downtown Cafe,2025-05-15T05:15:03,P002537|P001087|P001397|P002877|P003427
M005592,Private Villa,2025-07-03T11:41:32,P001029|P002079|P003409|P003269|P001799|P000139
M005593,Abandoned Factory,2025-03-08T13:23:56,P002314|P002304
M005594,Private Villa,2025-11-06T15:22:22,P002609|P003179|P000049|P000519|P003209|P000909
M005595,Storage Facility 12,2025-04-23T17:27:29,P003087|P000497|P000817
M005596,Parking Garage B,2025-03-02T06:16:18,P000883|P001233|P000453|P003013|P000693|P000033
M005597,Riverside Docks,2025-07-18T05:48:42,P002820|P000140|P003010
M005598,Backroom - Lucky Star Bar,2025-10-04T09:08:20,P002994|P001134|P000244|P001204
M005599,Backroom - Lucky Star Bar,2025-07-14T02:43:51,P002552|P001102|P001482|P002412|P002562|P000652
M005600,Abandoned Factory,2025-02-26T02:15:35,P001730|P002940|P001610
M005601,Riverside Docks,2025-01-03T03:39:38,P002621|P000641|P001881
M005602,Abandoned Factory,2025-06-28T06:13:45,P001399|P001429|P000099|P002339|P001899
M005603,Warehouse District,2025-08-23T10:39:14,P001358|P002828|P003318|P002568
M005604,Storage Facility 12,2025-12-03T20:46:14,P002286|P003056|P003406|P002366|P003256
M005605,Riverside Docks,2025-07-20T17:04:27,P000685|P000635|P000365
M005606,Parking Garage B,2025-11-16T22:53:54,P000110|P002730
M005607,Storage Facility 12,2025-12-01T10:57:09,P001474|P001194|P003344|P000334|P002174|P002704
M005608,Storage Facility 12,2025-09-05T23:00:21,P002869|P000839|P000309|P001199|P002019|P003419
M005609,Riverside Docks,2025-03-02T14:04:11,P000412|P002562|P001442
M005610,Abandoned Factory,2025-07-28T11:56:40,P003139|P001109
M005611,Private Villa,2025-03-12T02:06:33,P000855|P002895|P003445|P000655
M005612,Backroom - Lucky Star Bar,2025-09-25T22:03:46,P000010|P000870
M005613,Downtown Cafe,2025-04-07T01:50:17,P000380|P003420
M005614,Downtown Cafe,2025-12-02T07:46:27,P001129|P000149
M005615,Downtown Cafe,2025-03-20T04:08:52,P000458|P000658|P003348
M005616,Riverside Docks,2025-04-18T00:47:56,P003160|P000250|P000640|P000280|P000380
M005617,Warehouse District,2025-01-13T23:38:10,P000820|P001220|P002880|P003150|P002650|P003290
M005618,Backroom - Lucky Star Bar,2025-10-13T13:27:28,P000390|P002050|P000770|P001110
M005619,Private Villa,2025-04-23T01:06:19,P000956|P000556|P001716|P003286
M005620,Backroom - Lucky Star Bar,2025-07-02T06:16:39,P000054|P002384|P000934|P002114|P002634
M005621,Downtown Cafe,2025-10-30T07:11:58,P003412|P001772|P002402|P002352|P001862|P001062
M005622,Warehouse District,2025-01-15T06:24:13,P002364|P002014|P000714|P003294|P000224
M005623,Riverside Docks,2025-05-05T17:57:32,P001510|P000640|P002570|P001730|P002910
M005624,Downtown Cafe,2025-12-11T10:28:56,P001161|P003011|P001621|P001891|P000811|P002471
M005625,Downtown Cafe,2025-05-16T09:51:27,P002193|P000963
M005626,Backroom - Lucky Star Bar,2025-10-04T10:43:44,P002714|P001244|P001144|P000724|P000434
M005627,Storage Facility 12,2025-06-14T03:36:47,P000239|P000549|P002199
M005628,Warehouse District,2025-08-23T07:13:13,P002858|P001218|P002658|P000028|P000448
M005629,Downtown Cafe,2025-12-22T22:53:06,P000751|P001731
M005630,Private Villa,2025-09-03T20:50:09,P001202|P003422
M005631,Abandoned Factory,2025-08-01T00:12:40,P001421|P002601
M005632,Downtown Cafe,2025-05-28T21:11:59,P002840|P001790|P001780|P001720|P000320
M005633,Storage Facility 12,2025-01-25T23:07:08,P001228|P001728|P001968
M005634,Riverside Docks,2025-05-22T20:50:09,P002241|P000201|P002951|P003471|P000131|P003011
M005635,Warehouse District,2025-06-19T03:40:20,P000994|P001714|P003264|P002274
M005636,Riverside Docks,2025-07-03T00:47:50,P000679|P000209|P001989|P002799|P001029
M005637,Abandoned Factory,2025-01-18T19:34:14,P001565|P002645|P000075|P002665
M005638,Abandoned Factory,2025-01-04T09:10:56,P002636|P002926|P000636
M005639,Warehouse District,2025-07-29T16:18:55,P003416|P000916|P000506|P001126
M005640,Downtown Cafe,2025-10-06T05:21:59,P002692|P000792|P003102|P001242|P002592
M005641,Backroom - Lucky Star Bar,2025-01-29T23:28:44,P002981|P000001|P000301
M005642,Warehouse District,2025-03-15T10:52:12,P002683|P000993|P001983|P003453
M005643,Downtown Cafe,2025-09-10T05:43:11,P002692|P001062|P000392
M005644,Warehouse District,2025-04-02T16:52:50,P002358|P000808|P003148|P000228
M005645,Warehouse District,2025-08-20T12:04:04,P000904|P003024|P002184
M005646,Abandoned Factory,2025-08-11T01:04:09,P000388|P003168|P000978|P000808|P000128
M005647,Downtown Cafe,2025-09-05T16:29:00,P000267|P001687
M005648,Private Villa,2025-10-06T04:36:07,P001359|P000769|P000779|P002189
M005649,Parking Garage B,2025-04-09T10:27:47,P002352|P001332
M005650,Downtown Cafe,2025-10-04T12:14:59,P001607|P002777|P002387|P003097
M005651,Backroom - Lucky Star Bar,2025-03-23T14:28:19,P001129|P000059|P000279|P002059
M005652,Parking Garage B,2025-11-14T00:12:54,P002096|P002006|P002526|P001366|P002116
M005653,Storage Facility 12,2025-08-20T20:45:31,P000859|P002539|P002989|P000009|P001469
M005654,Parking Garage B,2025-07-14T17:14:33,P000563|P000553|P002173
M005655,Warehouse District,2025-01-11T03:53:01,P000989|P000569|P002349
M005656,Private Villa,2025-02-03T00:18:54,P002310|P000700|P002100
M005657,Storage Facility 12,2025-08-24T19:50:58,P000788|P003438
M005658,Abandoned Factory,2025-03-22T20:42:07,P003342|P001092|P000142|P001042|P000232
M005659,Warehouse District,2025-11-12T05:59:30,P002790|P001320
M005660,Storage Facility 12,2025-10-02T00:57:41,P000448|P000788|P002778
M005661,Parking Garage B,2025-05-29T06:32:11,P002884|P001844|P002994|P000584|P003424|P001584
M005662,Storage Facility 12,2025-05-17T13:16:06,P002203|P003253|P002883|P002023|P002823|P001713
M005663,Downtown Cafe,2025-09-22T00:23:31,P002947|P000687
M005664,Parking Garage B,2025-06-16T02:06:08,P000199|P002999|P001759
M005665,Abandoned Factory,2025-09-09T13:28:17,P002635|P003445
M005666,Backroom - Lucky Star Bar,2025-01-14T13:35:27,P001826|P002996
M005667,Parking Garage B,2025-08-06T07:43:55,P003316|P002906|P002836|P002196|P000806
M005668,Warehouse District,2025-11-30T04:17:35,P001776|P002256|P000136|P002076|P001506|P000516
M005669,Parking Garage B,2025-11-30T03:55:56,P001401|P002361|P000221|P001821|P002661
M005670,Downtown Cafe,2025-03-05T16:33:03,P000766|P000026|P003246|P002616
M005671,Backroom - Lucky Star Bar,2025-07-13T14:39:37,P002066|P002096|P000556
M005672,Backroom - Lucky Star Bar,2025-05-30T01:21:03,P002550|P003310|P003040|P001800|P000530|P000960
M005673,Storage Facility 12,2025-02-28T10:19:58,P002256|P001566|P000276|P001816|P000986|P000866
M005674,Riverside Docks,2025-07-29T09:17:44,P000425|P002795|P002775|P002985
M005675,Parking Garage B,2025-11-06T04:16:16,P003076|P002796|P001256|P001086|P000826
M005676,Storage Facility 12,2025-08-06T08:13:49,P002856|P002366|P000956|P000826|P002736|P002996
M005677,Backroom - Lucky Star Bar,2025-08-01T19:31:36,P003097|P000367
M005678,Backroom - Lucky Star Bar,2025-10-06T11:45:18,P003233|P001423|P000203|P000033
M005679,Warehouse District,2025-08-07T16:45:19,P001581|P002021|P003221|P000401
M005680,Backroom - Lucky Star Bar,2025-01-06T21:50:08,P002979|P002109|P002929
M005681,Warehouse District,2025-01-21T10:30:06,P000904|P000404|P002424|P001224
M005682,Parking Garage B,2025-11-02T03:04:24,P001123|P001693|P001433|P002473|P003343|P000063
M005683,Riverside Docks,2025-12-28T06:10:17,P001657|P000597|P003317|P002677|P003337
M005684,Storage Facility 12,2025-08-26T15:42:58,P000102|P001072|P000072
M005685,Private Villa,2025-07-28T16:39:48,P001460|P001550|P001150
M005686,Parking Garage B,2025-05-07T21:15:23,P002883|P002303|P002143
M005687,Storage Facility 12,2025-01-08T18:24:41,P000655|P002315|P001105|P002465|P001845
M005688,Downtown Cafe,2025-02-07T10:59:22,P001720|P001030|P001740|P001330|P002670|P002610
M005689,Downtown Cafe,2025-05-27T13:43:40,P003425|P001015
M005690,Abandoned Factory,2025-12-18T08:06:50,P000845|P002065
M005691,Abandoned Factory,2025-04-17T19:48:03,P003385|P001825|P000875
M005692,Abandoned Factory,2025-01-13T05:00:19,P003345|P000625|P000165|P001615
M005693,Private Villa,2025-07-20T04:51:52,P002210|P001400|P000680|P000180|P002400|P002320
M005694,Riverside Docks,2025-08-05T11:55:45,P002119|P001529|P001979|P002949
M005695,Riverside Docks,2025-06-02T23:40:21,P003479|P000279|P000339|P003179|P000049|P002339
M005696,Abandoned Factory,2025-07-14T00:45:29,P001516|P001556|P000776|P002476
M005697,Downtown Cafe,2025-04-29T19:08:02,P002455|P001165
M005698,Abandoned Factory,2025-05-27T22:43:16,P001269|P002639|P001569|P003339|P001279|P001389
M005699,Abandoned Factory,2025-06-26T22:27:46,P001762|P000372|P001202
M005700,Storage Facility 12,2025-12-24T03:04:51,P002077|P002147|P000407|P000757|P002037|P003227
M005701,Storage Facility 12,2025-11-09T04:00:47,P002691|P002241|P000441|P000561|P001661|P001261
M005702,Warehouse District,2025-04-29T14:40:16,P000021|P000651|P002711
M005703,Warehouse District,2025-02-11T08:21:07,P002028|P003388|P000118
M005704,Parking Garage B,2025-02-22T19:48:45,P000458|P003138|P001998|P000878
M005705,Backroom - Lucky Star Bar,2025-02-02T17:33:21,P001895|P001985|P001765|P002945
M005706,Abandoned Factory,2025-06-26T00:25:45,P000139|P000039|P001589|P003299|P001499|P000899
M005707,Downtown Cafe,2025-10-13T03:15:04,P000037|P001687|P002217|P002617
M005708,Backroom - Lucky Star Bar,2025-12-03T02:09:02,P001222|P001362
M005709,Abandoned Factory,2025-06-29T17:29:27,P002239|P000209|P001829|P001059
M005710,Private Villa,2025-12-03T17:58:19,P000542|P001052|P001732|P002992
M005711,Downtown Cafe,2025-03-19T23:44:16,P000233|P001693|P000383|P001363|P000433|P003373
M005712,Riverside Docks,2025-06-05T23:43:01,P002280|P001160|P000030|P002200
M005713,Backroom - Lucky Star Bar,2025-09-27T01:55:32,P001798|P002068|P000688|P000888
M005714,Storage Facility 12,2025-08-25T14:21:01,P001536|P001056|P002056|P003476|P002586
M005715,Backroom - Lucky Star Bar,2025-08-26T14:05:53,P003049|P003109|P002839|P000209
M005716,Backroom - Lucky Star Bar,2025-08-26T12:10:10,P002617|P002057|P000277|P000837|P002427
M005717,Parking Garage B,2025-12-11T10:09:42,P001084|P001504|P000144|P003074|P002794
M005718,Riverside Docks,2025-03-21T03:39:46,P000195|P002255|P001085
M005719,Abandoned Factory,2025-05-28T04:30:50,P001012|P001402|P001072|P001382
M005720,Downtown Cafe,2025-08-13T19:23:04,P002589|P002239|P002549|P002139|P001119|P002339
M005721,Abandoned Factory,2025-11-10T16:41:58,P002457|P000617|P000517|P003357|P001977|P000457
M005722,Abandoned Factory,2025-06-15T07:02:27,P002080|P001440|P003360|P001340|P001510|P002820
M005723,Abandoned Factory,2025-10-19T03:12:50,P003241|P003491|P000251|P000391|P002361|P002491
M005724,Private Villa,2025-10-30T14:45:20,P002127|P002417|P003297|P001557|P003267|P001057
M005725,Private Villa,2025-05-09T12:51:48,P002564|P002464|P000854|P003164|P002684
M005726,Warehouse District,2025-06-09T08:41:57,P000974|P000734|P002884
M005727,Backroom - Lucky Star Bar,2025-08-07T15:52:06,P000413|P001523|P000153|P002643|P000233|P002483
M005728,Warehouse District,2025-09-20T01:02:32,P002812|P000492|P002042|P002782|P001862
M005729,Downtown Cafe,2025-04-05T09:07:16,P003414|P001734
M005730,Parking Garage B,2025-03-19T17:55:29,P001618|P003078|P001878
M005731,Backroom - Lucky Star Bar,2025-11-12T00:38:50,P002268|P001008|P001348|P002968|P002698|P002858
M005732,Abandoned Factory,2025-06-20T17:49:09,P003380|P000630|P002060|P002630|P001110
M005733,Riverside Docks,2025-10-10T18:11:07,P001766|P002156|P000756
M005734,Backroom - Lucky Star Bar,2025-12-06T21:38:53,P000912|P000582|P001962
M005735,Parking Garage B,2025-07-28T11:15:20,P000670|P000070|P002530|P001140
M005736,Warehouse District,2025-02-16T02:48:28,P000025|P000215
M005737,Downtown Cafe,2025-06-24T23:11:45,P001695|P002535|P001285|P000145
M005738,Riverside Docks,2025-08-09T14:07:19,P001650|P002390
M005739,Downtown Cafe,2025-08-19T13:39:34,P000562|P000112|P002712|P000722
M005740,Downtown Cafe,2025-04-03T01:09:25,P002808|P000938|P000408|P002228|P003118
M005741,Private Villa,2025-11-03T16:34:00,P001809|P002059
M005742,Parking Garage B,2025-06-19T10:20:05,P001393|P000143|P001163
M005743,Storage Facility 12,2025-03-23T07:43:06,P001356|P001896|P002536
M005744,Abandoned Factory,2025-05-01T08:57:35,P002275|P000725|P000645|P003045|P001345|P002095
M005745,Abandoned Factory,2025-08-20T15:04:10,P000190|P002980|P001110
M005746,Storage Facility 12,2025-03-30T18:30:57,P001556|P000986|P000896|P002026
M005747,Downtown Cafe,2025-10-04T19:02:39,P002782|P002992|P001212|P000322|P000222
M005748,Parking Garage B,2025-12-02T21:31:59,P002037|P000027|P003287|P001337
M005749,Backroom - Lucky Star Bar,2025-02-21T06:21:35,P001624|P001104|P000064|P001304|P000844|P003234
M005750,Backroom - Lucky Star Bar,2025-02-05T01:36:15,P001432|P001222
M005751,Storage Facility 12,2025-07-06T15:08:58,P001090|P000590
M005752,Backroom - Lucky Star Bar,2025-09-06T00:38:35,P001814|P000634|P003414|P001824
M005753,Downtown Cafe,2025-07-30T13:55:17,P002476|P001106|P003006
M005754,Downtown Cafe,2025-07-23T11:57:08,P001298|P000478
M005755,Private Villa,2025-06-15T04:28:21,P002668|P000828|P001558|P002848|P002078
M005756,Downtown Cafe,2025-05-29T13:23:28,P002409|P001089|P000109|P000929|P001189|P000429
M005757,Storage Facility 12,2025-03-08T16:53:18,P000923|P000633
M005758,Private Villa,2025-03-04T23:44:54,P003287|P001707
M005759,Parking Garage B,2025-05-21T18:04:49,P001237|P001347|P002117
M005760,Private Villa,2025-06-29T01:37:38,P000786|P000396|P001346
M005761,Backroom - Lucky Star Bar,2025-10-31T11:03:00,P002524|P002924
M005762,Downtown Cafe,2025-07-04T18:20:28,P001729|P001119
M005763,Backroom - Lucky Star Bar,2025-09-04T05:24:09,P003439|P002309|P000769|P003339|P000739
M005764,Warehouse District,2025-03-25T05:36:02,P000174|P003244|P000974|P001044|P001274
M005765,Storage Facility 12,2025-11-09T21:31:45,P002638|P000488|P002798|P000708|P002788
M005766,Parking Garage B,2025-05-12T00:46:20,P001618|P000988|P001478|P001308
M005767,Backroom - Lucky Star Bar,2025-09-14T14:52:58,P002716|P000496|P002056|P001986
M005768,Parking Garage B,2025-06-08T05:34:24,P000574|P002504|P000224
M005769,Storage Facility 12,2025-10-25T18:46:26,P000030|P000830|P003210|P000070|P000980|P001170
M005770,Abandoned Factory,2025-12-06T15:02:53,P000078|P000538|P001498|P000498|P000558|P002098
M005771,Riverside Docks,2025-08-22T00:29:33,P001131|P002881|P000851
M005772,Warehouse District,2025-09-18T03:55:39,P002636|P002256|P001326|P000696|P002156
M005773,Abandoned Factory,2025-04-13T02:14:05,P003470|P001150
M005774,Downtown Cafe,2025-02-20T22:54:03,P002320|P000120|P000530|P000690|P002190
M005775,Storage Facility 12,2025-01-31T05:27:02,P001638|P000128|P000208|P001488|P002768
M005776,Riverside Docks,2025-12-18T04:34:00,P000943|P003493|P001043|P000443
M005777,Warehouse District,2025-10-14T13:48:49,P002820|P001090|P001640|P002760
M005778,Backroom - Lucky Star Bar,2025-01-27T02:32:06,P002498|P003068|P002688
M005779,Parking Garage B,2025-10-25T09:09:26,P000896|P000726|P002086
M005780,Storage Facility 12,2025-05-17T03:54:05,P002591|P002801|P002071|P002481|P001281|P000241
M005781,Parking Garage B,2025-08-20T18:35:11,P002665|P002015|P001975|P000295|P001495|P002005
M005782,Warehouse District,2025-12-18T20:18:03,P001704|P000694|P002404|P000304|P002344|P001284
M005783,Abandoned Factory,2025-10-31T15:34:24,P000715|P002845|P003165|P000125|P003095
M005784,Riverside Docks,2025-03-08T04:57:13,P000609|P002699|P002239|P001919
M005785,Warehouse District,2025-05-14T11:23:05,P000237|P002587|P003377
M005786,Storage Facility 12,2025-09-25T13:58:14,P002602|P001812
M005787,Backroom - Lucky Star Bar,2025-05-15T21:11:33,P002418|P000248|P000168
M005788,Abandoned Factory,2025-07-25T17:43:15,P003326|P001256
M005789,Abandoned Factory,2025-10-17T16:47:02,P000141|P000611|P001291|P001391|P001571
M005790,Abandoned Factory,2025-10-21T09:18:47,P002535|P000285|P000375
M005791,Storage Facility 12,2025-12-25T05:12:14,P000211|P001171|P002231
M005792,Riverside Docks,2025-09-22T15:37:36,P001819|P000429
M005793,Backroom - Lucky Star Bar,2025-06-11T04:30:36,P000552|P000382|P003112|P002932|P001602|P003262
M005794,Private Villa,2025-05-25T17:26:27,P003265|P002685
M005795,Abandoned Factory,2025-10-26T19:44:45,P002043|P003353|P001533|P003283|P000523
M005796,Private Villa,2025-08-02T22:31:49,P000241|P001601|P000871|P003481|P003271|P000601
M005797,Backroom - Lucky Star Bar,2025-08-23T02:01:01,P000358|P001728|P000148|P002088|P002708
M005798,Private Villa,2025-03-25T19:19:33,P000340|P002190
M005799,Downtown Cafe,2025-05-03T06:08:18,P000353|P002623|P000563|P001433
M005800,Parking Garage B,2025-04-12T13:27:00,P000188|P000918|P003208
M005801,Riverside Docks,2025-08-20T10:17:48,P002727|P002847|P001357|P003307|P000187
M005802,Warehouse District,2025-03-31T22:09:06,P000022|P000982|P003212|P000652|P001382|P002272
M005803,Parking Garage B,2025-08-07T05:38:30,P001620|P002620|P003450|P000410|P001550|P001830
M005804,Downtown Cafe,2025-05-25T13:35:01,P003241|P003131|P001901|P001791
M005805,Parking Garage B,2025-01-18T00:03:07,P001047|P000297
M005806,Abandoned Factory,2025-12-14T13:10:17,P001546|P002716|P002946
M005807,Backroom - Lucky Star Bar,2025-07-17T20:46:33,P002467|P001397|P000297|P002347|P000067|P001747
M005808,Backroom - Lucky Star Bar,2025-03-07T01:14:54,P000295|P003105|P001815|P000915
M005809,Storage Facility 12,2025-04-17T11:42:28,P002428|P001038|P000848
M005810,Backroom - Lucky Star Bar,2025-11-06T20:30:57,P003386|P002866|P002906
M005811,Downtown Cafe,2025-02-19T02:53:25,P002509|P001649|P003489|P001449
M005812,Downtown Cafe,2025-04-07T18:52:02,P000484|P001754|P002944|P001384|P002734|P002454
M005813,Warehouse District,2025-11-01T09:19:42,P001910|P001220
M005814,Private Villa,2025-08-15T11:56:12,P002860|P000340|P001520
M005815,Parking Garage B,2025-08-22T09:42:54,P002089|P000799|P001359
M005816,Downtown Cafe,2025-10-26T16:44:59,P001961|P000571|P003261|P000261
M005817,Abandoned Factory,2025-01-01T07:11:01,P001305|P000885|P001045|P002305
M005818,Downtown Cafe,2025-10-19T04:43:51,P001719|P001189|P000469
M005819,Private Villa,2025-04-11T15:08:13,P000757|P001517
M005820,Abandoned Factory,2025-11-01T23:58:10,P001300|P003030|P000790|P001960|P000620
M005821,Abandoned Factory,2025-01-09T19:03:06,P003397|P001257|P003067|P002737
M005822,Riverside Docks,2025-01-05T07:15:54,P002510|P003420|P000020|P001160|P000720|P002580
M005823,Private Villa,2025-07-03T20:15:12,P001913|P001363|P002013
M005824,Parking Garage B,2025-12-06T04:54:19,P002283|P003323|P003123|P002853|P001693|P001953
M005825,Private Villa,2025-09-27T12:26:16,P003217|P001647
M005826,Parking Garage B,2025-05-07T16:04:08,P000080|P002100
M005827,Private Villa,2025-07-22T07:01:24,P002080|P000400|P003100|P001560
M005828,Backroom - Lucky Star Bar,2025-09-06T16:26:23,P003063|P001103|P001293|P002703
M005829,Abandoned Factory,2025-10-06T22:20:08,P003017|P003397|P002837
M005830,Downtown Cafe,2025-08-26T10:09:02,P001831|P002351
M005831,Private Villa,2025-05-09T10:44:22,P000673|P001593|P000133|P003263|P000423
M005832,Storage Facility 12,2025-05-08T00:32:01,P001154|P002004
M005833,Downtown Cafe,2025-05-17T03:02:44,P001728|P003038|P001278|P000708|P001908
M005834,Parking Garage B,2025-05-27T16:52:40,P000600|P002750|P001330|P000270|P001320|P000780
M005835,Storage Facility 12,2025-01-24T11:56:46,P001232|P001782|P000372|P001382
M005836,Warehouse District,2025-06-24T07:54:50,P002855|P000675|P002575|P000195
M005837,Downtown Cafe,2025-03-18T00:34:44,P000522|P003162|P003312|P001212|P000122|P003242
M005838,Storage Facility 12,2025-09-18T23:51:36,P000059|P000319|P003379|P001909|P002059
M005839,Downtown Cafe,2025-05-11T09:42:59,P001042|P002442|P002012|P001052|P002832|P001152
M005840,Storage Facility 12,2025-10-25T06:07:01,P000297|P000157|P003237|P002637|P001747
M005841,Storage Facility 12,2025-05-26T16:50:52,P001490|P001880|P001190|P001750|P000720|P000330
M005842,Abandoned Factory,2025-11-23T20:46:30,P002023|P001093
M005843,Backroom - Lucky Star Bar,2025-05-22T23:12:41,P002901|P003311
M005844,Riverside Docks,2025-03-24T02:53:53,P001901|P001741|P002321
M005845,Riverside Docks,2025-09-09T02:06:43,P000393|P002613|P000633|P000163|P000023|P002103
M005846,Abandoned Factory,2025-06-21T14:11:15,P000610|P002410|P001480|P001170|P002570|P001400
M005847,Parking Garage B,2025-10-13T02:11:21,P001401|P002331|P002571|P000031|P000931|P000911
M005848,Parking Garage B,2025-04-02T00:45:58,P000161|P000951
M005849,Backroom - Lucky Star Bar,2025-11-21T23:30:05,P000235|P001625
M005850,Riverside Docks,2025-10-19T04:08:31,P001296|P002096|P003316|P000276|P000206|P001956
M005851,Backroom - Lucky Star Bar,2025-09-25T12:07:52,P002732|P001142|P003332|P002912
M005852,Parking Garage B,2025-11-24T18:47:46,P000538|P000748|P003038|P001558|P002558|P002738
M005853,Abandoned Factory,2025-07-05T20:23:53,P001553|P000263|P002353|P002523|P001993|P001713
M005854,Warehouse District,2025-08-06T19:18:01,P000544|P002594|P001174
M005855,Riverside Docks,2025-07-10T01:25:15,P001414|P002364|P001384|P000914|P000384
M005856,Parking Garage B,2025-09-28T18:18:25,P000497|P002357|P002407|P003167|P002337|P001147
M005857,Backroom - Lucky Star Bar,2025-09-07T06:36:18,P001763|P001083
M005858,Downtown Cafe,2025-04-19T03:25:26,P003178|P003138
M005859,Private Villa,2025-09-07T14:39:44,P001321|P001641|P001911|P000821|P000781
M005860,Warehouse District,2025-07-20T06:52:22,P003347|P002277|P002557|P001007
M005861,Riverside Docks,2025-11-07T16:51:55,P002871|P003411|P001601|P000751|P002261
M005862,Warehouse District,2025-03-25T16:45:19,P001452|P002172|P000872|P000622
M005863,Parking Garage B,2025-05-11T22:32:44,P002439|P000719|P000589|P001599|P000269
M005864,Downtown Cafe,2025-12-31T09:23:13,P002606|P001586|P000396|P002006|P002846|P002696
M005865,Storage Facility 12,2025-01-24T10:22:46,P000615|P000335|P001655|P003075|P000565
M005866,Riverside Docks,2025-08-15T03:20:59,P000090|P002850|P002030|P002050
M005867,Private Villa,2025-07-11T21:04:43,P002282|P000542|P003202|P001142|P003262
M005868,Riverside Docks,2025-04-19T16:11:15,P000915|P002895|P002275
M005869,Abandoned Factory,2025-05-10T15:16:26,P003297|P002377|P000477|P003267|P002217|P003247
M005870,Parking Garage B,2025-02-12T11:51:13,P002128|P000968|P003038
M005871,Downtown Cafe,2025-01-05T10:36:45,P003320|P000370|P001370|P000250
M005872,Storage Facility 12,2025-02-25T01:02:20,P003483|P000643|P000593
M005873,Warehouse District,2025-09-23T10:44:13,P000860|P003180
M005874,Warehouse District,2025-10-07T06:51:06,P003010|P002960|P003200|P002800
M005875,Parking Garage B,2025-05-09T21:35:57,P000987|P001017|P001347|P000397|P001947|P001797
M005876,Parking Garage B,2025-03-07T17:55:31,P000915|P002045|P002815|P000425|P001255
M005877,Abandoned Factory,2025-06-26T16:51:57,P003348|P001148|P002928|P002138|P002148|P000538
M005878,Downtown Cafe,2025-03-15T11:21:50,P002708|P001168|P000308
M005879,Parking Garage B,2025-11-20T23:04:02,P000691|P002301|P002561
M005880,Private Villa,2025-01-10T17:12:13,P001210|P002540|P000430
M005881,Private Villa,2025-11-12T16:34:24,P000980|P001810|P000810
M005882,Parking Garage B,2025-01-12T22:55:37,P001662|P001252|P002152|P001772|P001832
M005883,Parking Garage B,2025-11-09T00:51:59,P001596|P001746|P001586
M005884,Private Villa,2025-12-15T18:55:57,P002472|P002672|P002632|P000692
M005885,Backroom - Lucky Star Bar,2025-01-15T21:05:10,P001810|P002160|P002790|P000280
M005886,Riverside Docks,2025-09-02T10:06:40,P000272|P002682
M005887,Riverside Docks,2025-03-31T04:40:21,P002462|P002062
M005888,Riverside Docks,2025-06-23T10:54:19,P001259|P000279|P003489|P002219|P000149
M005889,Warehouse District,2025-02-26T09:45:58,P002501|P002781|P001941|P001181|P001101|P002771
M005890,Backroom - Lucky Star Bar,2025-09-27T05:03:52,P002986|P002996|P001926
M005891,Downtown Cafe,2025-09-20T21:52:41,P000051|P002951|P000831
M005892,Abandoned Factory,2025-04-16T18:17:28,P002664|P000494|P000914
M005893,Backroom - Lucky Star Bar,2025-07-13T18:58:27,P002988|P001908|P003328|P002818|P003248|P002938
M005894,Abandoned Factory,2025-06-02T10:03:21,P000020|P001210|P000320
M005895,Downtown Cafe,2025-06-11T10:46:39,P003210|P002240|P002890
M005896,Backroom - Lucky Star Bar,2025-08-28T09:45:41,P002614|P002384|P003004
M005897,Storage Facility 12,2025-09-08T21:16:36,P002925|P001535
M005898,Backroom - Lucky Star Bar,2025-11-09T06:04:53,P000264|P002754|P003264|P000414|P003114|P001404
M005899,Storage Facility 12,2025-12-27T00:07:01,P000872|P000252
M005900,Backroom - Lucky Star Bar,2025-10-18T22:12:48,P000858|P000118|P001048
M005901,Storage Facility 12,2025-02-25T20:13:53,P000808|P001588|P001128|P002538
M005902,Backroom - Lucky Star Bar,2025-09-25T07:42:04,P000502|P002232|P001742
M005903,Private Villa,2025-02-12T13:06:58,P000556|P003306|P003286|P002246|P003026
M005904,Storage Facility 12,2025-06-03T23:02:23,P002188|P000958|P000728|P002268|P002878
M005905,Riverside Docks,2025-04-28T09:33:18,P000365|P001025
M005906,Backroom - Lucky Star Bar,2025-08-05T16:11:41,P002613|P003493|P002163
M005907,Abandoned Factory,2025-09-20T15:55:03,P001437|P001087|P000237|P002457
M005908,Warehouse District,2025-02-20T09:50:22,P002919|P000929
M005909,Storage Facility 12,2025-09-08T11:18:47,P000242|P002362|P001272|P000162|P001362
M005910,Parking Garage B,2025-04-13T15:51:30,P000560|P000120
M005911,Riverside Docks,2025-07-23T09:21:54,P002442|P003102|P000522|P002962
M005912,Riverside Docks,2025-03-01T13:54:56,P001734|P000534|P001504
M005913,Storage Facility 12,2025-07-29T06:39:17,P003175|P002455|P003185|P001675|P000975|P001285
M005914,Riverside Docks,2025-08-19T13:19:04,P003342|P000372|P002752|P003262|P002952|P002932
M005915,Storage Facility 12,2025-12-28T18:55:34,P000711|P003111|P001571|P001521
M005916,Storage Facility 12,2025-03-18T02:16:58,P000803|P002093|P000213
M005917,Private Villa,2025-08-22T08:23:43,P001042|P001242|P001322
M005918,Downtown Cafe,2025-07-08T08:22:42,P002271|P002901
M005919,Downtown Cafe,2025-01-14T20:18:30,P002258|P001738|P001778|P000918
M005920,Private Villa,2025-08-14T19:26:14,P002659|P000489|P002699|P002459|P002879
M005921,Private Villa,2025-06-17T09:43:21,P001126|P001566|P000756|P003046|P002366
M005922,Riverside Docks,2025-10-02T17:58:30,P000839|P002769|P003359|P003409|P001229|P001999
M005923,Private Villa,2025-10-30T08:44:21,P001895|P002305|P003005
M005924,Backroom - Lucky Star Bar,2025-10-03T04:34:04,P003333|P000053
M005925,Backroom - Lucky Star Bar,2025-03-16T11:05:42,P002775|P000175
M005926,Private Villa,2025-07-22T18:50:58,P000777|P003167
M005927,Backroom - Lucky Star Bar,2025-12-12T09:16:21,P000757|P001937|P003207|P000457
M005928,Private Villa,2025-11-23T11:51:47,P002877|P002247|P003307|P002787|P001017
M005929,Downtown Cafe,2025-10-16T16:51:50,P002981|P002121|P002321|P003331
M005930,Parking Garage B,2025-01-26T14:32:16,P000494|P003064|P002904
M005931,Abandoned Factory,2025-09-28T19:26:42,P000825|P000385|P002925|P002355
M005932,Private Villa,2025-02-22T01:50:24,P002743|P002773|P000933|P002053|P000713
M005933,Storage Facility 12,2025-06-19T02:31:10,P002071|P001731|P002811|P002531|P002401
M005934,Downtown Cafe,2025-04-16T21:22:34,P002918|P001598|P001628|P002888|P000068
M005935,Backroom - Lucky Star Bar,2025-06-18T05:41:36,P000881|P002781|P002571
M005936,Warehouse District,2025-02-11T19:15:43,P000995|P001075|P000615
M005937,Storage Facility 12,2025-07-13T15:48:05,P002804|P001284|P001374|P003244
M005938,Downtown Cafe,2025-01-07T04:35:27,P002980|P000530
M005939,Abandoned Factory,2025-01-02T07:53:50,P002035|P000235|P001325
M005940,Downtown Cafe,2025-02-10T00:28:59,P000983|P000863
M005941,Warehouse District,2025-11-07T11:04:02,P000373|P003203|P003243|P002393|P001833|P002123
M005942,Storage Facility 12,2025-05-02T05:45:47,P000382|P003222|P002592|P000832|P001832
M005943,Parking Garage B,2025-11-12T16:36:53,P003369|P002419|P001279|P002339
M005944,Downtown Cafe,2025-01-11T05:03:38,P002880|P002760|P001960
M005945,Storage Facility 12,2025-02-06T09:02:31,P000724|P003234|P001904|P001574|P001114|P002094
M005946,Warehouse District,2025-03-16T02:27:20,P002896|P000506|P002306
M005947,Parking Garage B,2025-07-31T20:05:25,P002472|P001402
M005948,Abandoned Factory,2025-04-28T11:58:58,P002335|P002295|P000735
M005949,Warehouse District,2025-07-01T16:24:32,P002033|P001953|P000833|P001253|P003183
M005950,Warehouse District,2025-03-25T20:27:16,P002424|P002604|P000784
M005951,Parking Garage B,2025-04-26T03:12:21,P003246|P001716|P001476|P003126
M005952,Riverside Docks,2025-11-07T11:24:37,P001497|P001957|P002147
M005953,Parking Garage B,2025-12-23T06:09:55,P003386|P003426|P000846|P001206|P000586|P001686
M005954,Warehouse District,2025-08-18T01:21:16,P002637|P002207|P002757|P003397|P002927
M005955,Riverside Docks,2025-12-01T22:01:14,P002759|P002529|P001439|P001339|P000599|P000919
M005956,Storage Facility 12,2025-11-09T09:16:05,P001465|P001395
M005957,Private Villa,2025-12-19T12:39:51,P000104|P001204|P001754|P003364|P000794|P002744
M005958,Warehouse District,2025-01-30T20:10:42,P002745|P000315|P001685|P003205
M005959,Abandoned Factory,2025-11-15T10:11:38,P001805|P001285|P002875
M005960,Storage Facility 12,2025-08-11T15:09:33,P001891|P002221|P000061|P001401
M005961,Warehouse District,2025-09-10T08:55:28,P000198|P001108|P001618|P002598|P001298
M005962,Riverside Docks,2025-12-15T04:59:39,P003169|P003399|P002979|P002419|P000209
M005963,Riverside Docks,2025-06-04T03:44:09,P002089|P001109|P002619
M005964,Abandoned Factory,2025-10-03T07:00:33,P003375|P002335|P003165|P001955|P002835
M005965,Backroom - Lucky Star Bar,2025-09-12T18:32:11,P000580|P001060|P003140|P002910|P001900|P000020
M005966,Parking Garage B,2025-09-15T18:39:12,P003444|P000824
M005967,Abandoned Factory,2025-01-07T10:01:39,P001158|P002878
M005968,Downtown Cafe,2025-10-28T07:25:23,P000645|P000715|P003435|P002995
M005969,Abandoned Factory,2025-03-14T15:11:31,P000939|P000639|P002879|P000509
M005970,Abandoned Factory,2025-01-31T21:59:50,P001434|P002434|P002874
M005971,Parking Garage B,2025-05-12T18:47:15,P002943|P001813|P000963|P001533
M005972,Backroom - Lucky Star Bar,2025-04-08T21:52:03,P002291|P001591|P000461
M005973,Downtown Cafe,2025-12-17T23:04:31,P002834|P002894|P001504|P001174|P003154|P000724
M005974,Abandoned Factory,2025-10-17T05:43:27,P000506|P002956
M005975,Abandoned Factory,2025-04-23T23:31:46,P001028|P002618|P002118|P003108|P002698|P000008
M005976,Riverside Docks,2025-10-15T20:38:16,P001341|P002131|P001301|P001051|P002221
M005977,Storage Facility 12,2025-07-22T23:23:02,P000762|P001372|P002862|P001062
M005978,Parking Garage B,2025-10-17T18:54:50,P003249|P002359|P001449|P001869|P002859|P000659
M005979,Riverside Docks,2025-01-23T15:46:22,P003347|P001607
M005980,Warehouse District,2025-09-17T01:09:26,P000139|P002449
M005981,Storage Facility 12,2025-08-07T22:00:18,P002859|P002709|P002889|P002819|P003139|P001139
M005982,Parking Garage B,2025-06-20T11:35:41,P000735|P002545|P001225
M005983,Downtown Cafe,2025-03-31T21:53:20,P000281|P002821|P001481
M005984,Warehouse District,2025-12-22T22:31:36,P002083|P001863|P000183|P000883|P002553|P002973
M005985,Storage Facility 12,2025-11-27T13:25:42,P001804|P001984|P002054|P002754|P001594|P002194
M005986,Abandoned Factory,2025-11-15T22:47:56,P002458|P003028
M005987,Backroom - Lucky Star Bar,2025-04-11T16:32:11,P000721|P000091|P002461|P000501|P001251|P001261
M005988,Abandoned Factory,2025-10-10T23:44:37,P002994|P000214|P001844|P001104
M005989,Abandoned Factory,2025-08-16T23:19:58,P001939|P000629|P002819
M005990,Downtown Cafe,2025-02-23T00:19:43,P000344|P001584|P003194|P003334|P001094
M005991,Warehouse District,2025-01-14T10:07:10,P002820|P002200|P003480|P003290|P002760|P000590
M005992,Warehouse District,2025-02-17T12:00:57,P002362|P001572|P003342|P002502
M005993,Warehouse District,2025-11-25T07:22:33,P002029|P001999|P002909|P002559|P003049|P000089
M005994,Abandoned Factory,2025-08-11T08:19:45,P003482|P002642|P000902|P001602|P003252
M005995,Parking Garage B,2025-11-22T20:15:20,P002882|P000322|P000012|P002432
M005996,Abandoned Factory,2025-04-28T23:49:05,P000944|P003274
M005997,Private Villa,2025-07-15T01:26:13,P002720|P001600|P000870
M005998,Riverside Docks,2025-06-12T07:02:25,P002314|P001574|P000884|P000154|P001264|P002954
M005999,Warehouse District,2025-05-29T00:27:42,P003414|P003164|P000464
M006000,Storage Facility 12,2025-06-20T11:25:28,P000294|P001374
M006001,Storage Facility 12,2025-11-28T20:39:19,P001711|P002811
M006002,Private Villa,2025-12-24T10:00:03,P003067|P002057|P000907
M006003,Parking Garage B,2025-09-11T22:50:35,P001705|P001445|P001925|P002675
M006004,Downtown Cafe,2025-07-05T10:29:09,P002970|P002850|P000650|P001490
M006005,Backroom - Lucky Star Bar,2025-11-09T04:29:10,P001920|P000520|P000130|P001890|P002070
M006006,Parking Garage B,2025-08-29T02:35:13,P002539|P001879
M006007,Backroom - Lucky Star Bar,2025-01-23T18:16:00,P002315|P003305
M006008,Storage Facility 12,2025-01-05T13:06:58,P003267|P001807|P002377|P001447
M006009,Riverside Docks,2025-12-13T18:13:26,P002168|P002028|P002898
M006010,Backroom - Lucky Star Bar,2025-10-16T14:14:13,P002654|P001424|P002704|P000144
M006011,Warehouse District,2025-11-01T23:12:44,P001062|P000562|P000122|P000042|P003182
M006012,Warehouse District,2025-04-09T22:21:03,P001356|P003456|P002646|P002926
M006013,Abandoned Factory,2025-05-03T17:05:50,P003181|P001241
M006014,Parking Garage B,2025-01-20T07:29:00,P000575|P000705
M006015,Parking Garage B,2025-10-18T14:52:22,P003268|P000998|P002698|P001508|P002498|P001448
M006016,Private Villa,2025-09-07T06:49:43,P001034|P001234
M006017,Riverside Docks,2025-05-16T02:20:56,P002788|P000038|P000058|P003008|P002068
M006018,Riverside Docks,2025-10-01T07:31:25,P001659|P002359|P002709|P002639|P001679
M006019,Abandoned Factory,2025-11-22T05:23:13,P000380|P001280|P003210|P002730|P002550|P000890
M006020,Riverside Docks,2025-05-22T20:58:59,P003440|P000700|P002690|P002790|P001250
M006021,Private Villa,2025-03-28T11:21:25,P001847|P000317|P000927
M006022,Riverside Docks,2025-02-19T05:28:42,P002374|P000584|P000384
M006023,Abandoned Factory,2025-11-16T02:56:22,P000124|P002404|P003364
M006024,Storage Facility 12,2025-08-19T18:27:19,P003293|P002413|P003093
M006025,Private Villa,2025-02-03T21:35:19,P002622|P000812|P001782|P001202|P003002|P001562
M006026,Private Villa,2025-05-06T12:01:54,P000002|P000422|P003052|P001502|P001412|P002242
M006027,Storage Facility 12,2025-10-04T14:38:58,P000343|P000553
M006028,Warehouse District,2025-01-10T10:35:11,P001233|P000833|P001203|P003433|P001923|P002093
M006029,Parking Garage B,2025-11-13T23:28:58,P001330|P000330|P000300|P002590|P001140|P002570
M006030,Storage Facility 12,2025-04-22T13:07:28,P002045|P000115
M006031,Backroom - Lucky Star Bar,2025-01-08T16:42:39,P002323|P001223|P000433|P001703|P002623
M006032,Parking Garage B,2025-01-28T23:20:25,P000238|P001508|P002368|P001158
M006033,Storage Facility 12,2025-12-30T11:03:48,P002326|P001796
M006034,Parking Garage B,2025-04-02T00:02:23,P003059|P003429|P000799|P001479
M006035,Parking Garage B,2025-12-05T15:25:40,P000278|P003288|P001348|P000778|P002918
M006036,Parking Garage B,2025-10-07T02:21:41,P001304|P001894
M006037,Downtown Cafe,2025-05-10T21:43:10,P001635|P001325|P000345|P000125
M006038,Warehouse District,2025-11-14T21:19:53,P001031|P002061|P000311|P000881
M006039,Warehouse District,2025-04-04T20:14:17,P002866|P001996
M006040,Parking Garage B,2025-02-16T09:56:31,P002172|P000152|P000762
M006041,Parking Garage B,2025-06-21T05:18:42,P001381|P000921|P000611
M006042,Downtown Cafe,2025-04-18T19:59:32,P000128|P001508|P001608|P000678
M006043,Downtown Cafe,2025-04-14T08:41:09,P002292|P001612|P001372|P001362|P001742|P003472
M006044,Storage Facility 12,2025-07-23T13:38:10,P002377|P002627|P001767|P000337|P000057
M006045,Backroom - Lucky Star Bar,2025-01-08T02:32:06,P001283|P001583|P000143
M006046,Private Villa,2025-07-28T16:40:19,P002425|P000725|P001125
M006047,Warehouse District,2025-03-14T08:45:12,P001516|P002806|P003006|P000666|P000676|P000636
M006048,Warehouse District,2025-06-26T08:41:00,P000658|P002248|P002178
M006049,Warehouse District,2025-07-08T04:36:20,P003017|P002587|P001397
M006050,Private Villa,2025-10-15T02:26:00,P003493|P002953|P000193|P000773
M006051,Downtown Cafe,2025-04-03T03:28:34,P002962|P001452|P000822
M006052,Storage Facility 12,2025-10-02T17:14:35,P003159|P000639|P002519|P003049|P000029|P000169
M006053,Abandoned Factory,2025-05-05T05:25:14,P000187|P001527|P001297|P001907|P001677|P001617
M006054,Parking Garage B,2025-03-28T07:29:43,P003263|P000793|P000353|P000193|P000003
M006055,Parking Garage B,2025-03-28T06:21:27,P000398|P002348|P002148|P001088|P002658|P001478
M006056,Warehouse District,2025-12-31T08:51:30,P000960|P000620|P000350|P003240
M006057,Riverside Docks,2025-08-12T11:53:39,P001481|P000171|P000001|P002701
M006058,Downtown Cafe,2025-06-22T07:39:28,P002941|P000641|P000271|P001321|P003161
M006059,Warehouse District,2025-04-27T02:30:54,P003254|P003084|P000704|P001094|P002304
M006060,Backroom - Lucky Star Bar,2025-12-29T14:35:31,P000096|P002696|P001356|P002526
M006061,Parking Garage B,2025-11-10T00:08:16,P003394|P000284|P001814
M006062,Backroom - Lucky Star Bar,2025-04-16T11:48:51,P001969|P002729|P003149|P002929|P002339|P003189
M006063,Riverside Docks,2025-09-20T17:05:40,P003292|P001002
M006064,Parking Garage B,2025-09-16T01:00:19,P001779|P003009|P002659|P001879|P003219|P001319
M006065,Storage Facility 12,2025-04-28T15:31:49,P000400|P001380|P001000|P001850|P001160
M006066,Storage Facility 12,2025-12-08T20:05:25,P003140|P003440|P001060|P003120
M006067,Parking Garage B,2025-02-13T20:58:12,P001961|P000441
M006068,Private Villa,2025-05-08T03:17:06,P000738|P002398
M006069,Private Villa,2025-10-02T15:19:14,P002745|P002675|P000185|P003335|P002315
M006070,Private Villa,2025-11-23T19:09:50,P000474|P000784
M006071,Parking Garage B,2025-03-23T10:03:30,P001704|P000934
M006072,Riverside Docks,2025-04-02T17:13:06,P002148|P001538|P000608|P000238
M006073,Parking Garage B,2025-03-08T17:53:33,P003125|P003315|P003135|P003205|P003185
M006074,Parking Garage B,2025-09-12T09:17:31,P001079|P000999|P002449|P001709|P003089
M006075,Warehouse District,2025-05-13T11:37:29,P002410|P001620|P001700|P000550
M006076,Backroom - Lucky Star Bar,2025-09-09T05:00:26,P001630|P000500
M006077,Warehouse District,2025-03-09T16:13:13,P000158|P001508|P001998|P000608
M006078,Downtown Cafe,2025-11-04T12:10:00,P001144|P000474|P002044|P002444
M006079,Abandoned Factory,2025-01-28T00:05:10,P000236|P002976|P000056
M006080,Backroom - Lucky Star Bar,2025-03-20T14:20:12,P001238|P001508
M006081,Riverside Docks,2025-01-13T13:43:00,P000259|P003249|P002079
M006082,Parking Garage B,2025-03-30T18:52:26,P001799|P000769
M006083,Backroom - Lucky Star Bar,2025-08-16T10:27:15,P003356|P002566
M006084,Riverside Docks,2025-07-24T18:45:21,P003045|P002565
M006085,Parking Garage B,2025-07-21T12:06:06,P001959|P001479|P000509|P000049
M006086,Private Villa,2025-01-18T03:07:35,P002142|P002892|P002472|P001632
M006087,Warehouse District,2025-02-24T09:06:13,P000233|P003303|P000423|P002663|P003133|P000043
M006088,Warehouse District,2025-08-22T04:34:39,P001363|P000103|P000613|P001753|P001503
M006089,Storage Facility 12,2025-10-19T06:07:08,P002022|P003392
M006090,Private Villa,2025-08-25T13:05:11,P000422|P002482|P002982|P002492
M006091,Storage Facility 12,2025-10-05T16:38:40,P002240|P002930|P001970|P002330|P000940
M006092,Warehouse District,2025-12-24T03:07:03,P001266|P001106|P001276|P000896|P001766|P003126
M006093,Downtown Cafe,2025-12-10T12:29:10,P001924|P002874|P001594|P000044|P002284
M006094,Private Villa,2025-06-15T13:37:09,P003376|P001296|P000846|P000546|P001766|P002966
M006095,Storage Facility 12,2025-07-06T03:36:57,P000355|P003305
M006096,Downtown Cafe,2025-04-17T22:41:33,P001974|P000984|P002304|P003104
M006097,Parking Garage B,2025-02-27T23:46:07,P000729|P000099
M006098,Abandoned Factory,2025-07-30T00:07:15,P002338|P000258|P002228|P002458|P001368|P003138
M006099,Downtown Cafe,2025-09-01T13:11:00,P001815|P002975|P002995|P001005|P001395|P003175
M006100,Abandoned Factory,2025-06-02T13:29:47,P001616|P002176|P001676|P003376|P001316|P002516
M006101,Parking Garage B,2025-10-22T18:26:39,P000858|P001308|P000558|P000948|P001268|P000398
M006102,Private Villa,2025-11-29T07:36:55,P001527|P003207|P000027|P001567|P002757
M006103,Storage Facility 12,2025-05-28T21:50:15,P002132|P000652|P000852|P002062|P002772
M006104,Abandoned Factory,2025-10-19T10:45:19,P000428|P002318
M006105,Private Villa,2025-10-08T15:58:30,P002138|P001168|P002178|P000478|P003358
M006106,Riverside Docks,2025-03-28T02:01:14,P001109|P000949|P000809|P003339|P002999
M006107,Backroom - Lucky Star Bar,2025-04-25T13:02:28,P000797|P003277|P001527
M006108,Downtown Cafe,2025-02-05T18:42:08,P001965|P002895|P000345|P002135|P002645
M006109,Abandoned Factory,2025-02-14T15:56:17,P003274|P002034|P002834|P000844|P003104
M006110,Parking Garage B,2025-09-02T19:04:04,P003274|P001424|P002864|P001144|P000444
M006111,Riverside Docks,2025-08-27T07:01:34,P002432|P001052|P002552|P001622|P000832|P003372
M006112,Downtown Cafe,2025-11-06T03:23:15,P002746|P000566|P001276|P001636|P000786|P000416
M006113,Abandoned Factory,2025-01-20T06:20:29,P000962|P001682|P002382|P002222|P001582|P003122
M006114,Private Villa,2025-03-20T22:32:07,P001569|P000039|P000179|P002389|P002349
M006115,Downtown Cafe,2025-11-11T09:37:05,P002274|P003124|P001854
M006116,Warehouse District,2025-08-14T04:40:22,P002236|P001366|P001636|P003216
M006117,Downtown Cafe,2025-08-29T21:07:21,P003112|P001372|P002492|P000872
M006118,Warehouse District,2025-02-07T14:35:45,P000524|P003294|P000784|P000764
M006119,Backroom - Lucky Star Bar,2025-08-13T03:48:47,P001466|P003046|P003006
M006120,Riverside Docks,2025-02-01T00:31:40,P001714|P002224|P001724|P000424|P001174|P001044
M006121,Riverside Docks,2025-02-20T04:38:10,P001338|P000198|P002478
M006122,Downtown Cafe,2025-03-27T03:00:36,P001698|P002818|P002208
M006123,Abandoned Factory,2025-10-31T20:44:13,P002306|P003036|P001996
M006124,Riverside Docks,2025-07-27T03:30:50,P002854|P002284|P000094|P001984|P002654
M006125,Parking Garage B,2025-03-08T06:37:37,P001983|P000653|P003233|P003353|P002903|P001243
M006126,Riverside Docks,2025-10-20T13:27:35,P002342|P001712
M006127,Backroom - Lucky Star Bar,2025-07-18T17:42:45,P001535|P003045|P000145|P002975
M006128,Downtown Cafe,2025-10-31T17:20:34,P001322|P000382|P002512|P000192|P001272
M006129,Riverside Docks,2025-05-07T18:15:43,P000655|P001415|P002895|P001585
M006130,Parking Garage B,2025-08-17T17:39:43,P000466|P001376|P003436
M006131,Backroom - Lucky Star Bar,2025-10-31T14:22:18,P002614|P000444|P000264|P001104|P002704|P003374
M006132,Parking Garage B,2025-06-25T17:15:19,P002313|P001533|P000713
M006133,Abandoned Factory,2025-07-26T15:38:51,P002517|P001797|P002697|P001347
M006134,Downtown Cafe,2025-12-13T08:12:38,P002247|P001697
M006135,Backroom - Lucky Star Bar,2025-03-31T05:18:26,P003299|P003399|P001389|P000329
M006136,Backroom - Lucky Star Bar,2025-02-18T01:34:19,P000542|P002492|P003112
M006137,Warehouse District,2025-12-28T11:34:24,P002274|P001334|P001764
M006138,Riverside Docks,2025-12-23T22:59:26,P000428|P002128|P002758|P000358|P001268|P003218
M006139,Warehouse District,2025-09-20T13:19:17,P001985|P002625|P001635|P002005|P003095
M006140,Abandoned Factory,2025-06-05T04:38:22,P002022|P000932|P002232|P000742|P000652
M006141,Storage Facility 12,2025-07-10T21:24:59,P001708|P000768|P001928|P000958
M006142,Private Villa,2025-12-21T19:08:28,P002533|P000543|P002273|P002403|P000233
M006143,Backroom - Lucky Star Bar,2025-09-29T13:28:07,P000329|P002939|P001049
M006144,Private Villa,2025-09-21T09:24:29,P001990|P002830|P000140|P000370|P001660|P002490
M006145,Parking Garage B,2025-11-02T08:44:26,P001457|P000967|P002657|P002937|P000817|P002627
M006146,Downtown Cafe,2025-09-06T06:08:44,P001902|P000712|P001102|P002432
M006147,Private Villa,2025-10-21T19:59:30,P002250|P001180|P002410
M006148,Abandoned Factory,2025-04-01T22:30:09,P002913|P002283|P001383|P003003|P003193|P001133
M006149,Warehouse District,2025-01-15T06:24:54,P000247|P002837
M006150,Private Villa,2025-10-08T09:49:03,P001828|P000998|P000728|P001398|P001458
M006151,Backroom - Lucky Star Bar,2025-02-14T02:35:17,P002194|P000324|P003184|P002884
M006152,Downtown Cafe,2025-06-28T09:36:47,P002510|P000820|P000330|P000950|P000520
M006153,Storage Facility 12,2025-01-24T10:41:18,P000993|P003183|P002793
M006154,Warehouse District,2025-10-04T04:07:35,P002450|P000460|P000970|P001170
M006155,Riverside Docks,2025-03-12T14:02:41,P002055|P000865|P003395
M006156,Riverside Docks,2025-06-22T00:03:24,P001506|P003436|P002726|P003106|P002276
M006157,Warehouse District,2025-01-27T00:38:33,P001648|P001838|P002788
M006158,Backroom - Lucky Star Bar,2025-08-05T21:53:49,P001622|P000342|P002712|P002722|P002072|P002672
M006159,Backroom - Lucky Star Bar,2025-07-21T16:42:44,P002714|P000874|P002494
M006160,Parking Garage B,2025-10-26T22:15:12,P001696|P003306|P000436
M006161,Riverside Docks,2025-06-02T08:51:31,P003116|P002556|P001876|P003276
M006162,Riverside Docks,2025-10-12T23:15:39,P002563|P002293|P002453|P002073
M006163,Storage Facility 12,2025-12-23T06:06:08,P001090|P002300|P000110|P001200|P002860|P000760
M006164,Backroom - Lucky Star Bar,2025-03-10T06:41:40,P002856|P003006|P000516|P001486|P001316
M006165,Abandoned Factory,2025-11-18T22:33:29,P002099|P002659|P002899|P002079|P001549|P000049
M006166,Backroom - Lucky Star Bar,2025-12-03T07:51:55,P001647|P002487|P000307|P001067|P001367|P000077
M006167,Riverside Docks,2025-01-19T23:36:23,P000916|P001536|P000576|P002036|P002956
M006168,Parking Garage B,2025-01-29T17:43:20,P000088|P003158|P002578|P000348|P001058|P001408
M006169,Abandoned Factory,2025-07-06T18:43:41,P000794|P000304|P002774|P001024|P000334
M006170,Warehouse District,2025-05-18T10:30:15,P000118|P001098
M006171,Parking Garage B,2025-02-02T06:49:59,P000771|P003181|P003361|P002821|P002401|P001321
M006172,Warehouse District,2025-12-16T02:34:59,P001716|P000876|P002566|P002696|P002646|P000016
M006173,Abandoned Factory,2025-02-07T00:18:23,P002044|P001164|P001054|P001004|P002704|P003494
M006174,Warehouse District,2025-08-06T02:17:21,P003347|P000247|P002337
M006175,Parking Garage B,2025-02-05T23:49:49,P002350|P000100|P001450
M006176,Abandoned Factory,2025-06-10T14:51:10,P002418|P002808|P000778|P002698|P001148|P002928
M006177,Riverside Docks,2025-02-12T12:38:22,P001201|P000891
M006178,Downtown Cafe,2025-11-23T13:00:36,P001207|P003257|P001477|P000877
M006179,Parking Garage B,2025-02-08T16:22:41,P002539|P000409|P002519|P001269|P001229|P002379
M006180,Downtown Cafe,2025-07-24T03:28:24,P001403|P000343
M006181,Private Villa,2025-01-01T00:51:46,P002711|P000651
M006182,Downtown Cafe,2025-03-14T06:27:42,P002663|P001103|P002983|P000403|P000503|P001633
M006183,Riverside Docks,2025-07-03T07:27:09,P001484|P000464|P000304
M006184,Storage Facility 12,2025-01-30T20:15:32,P001817|P003357
M006185,Parking Garage B,2025-01-09T11:55:16,P002773|P002943|P002803
M006186,Parking Garage B,2025-09-02T16:50:00,P001059|P000779|P001899|P001069
M006187,Warehouse District,2025-05-03T03:03:33,P001499|P003009|P001999|P002819|P003309|P002759
M006188,Private Villa,2025-06-26T00:49:23,P000026|P002916|P002096
M006189,Parking Garage B,2025-12-02T08:21:58,P002820|P003000
M006190,Downtown Cafe,2025-04-07T09:48:33,P002516|P002266|P002016|P000146
M006191,Private Villa,2025-10-29T11:55:42,P001175|P000005|P001955|P000125|P001495|P003415
M006192,Riverside Docks,2025-03-24T01:43:07,P000301|P002131|P001691
M006193,Downtown Cafe,2025-04-09T17:07:36,P003458|P003238|P002338
M006194,Riverside Docks,2025-02-28T05:42:55,P000863|P000233|P000543|P000713
M006195,Warehouse District,2025-04-28T08:56:33,P002432|P000792
M006196,Parking Garage B,2025-09-22T23:00:11,P001353|P001623|P000233
M006197,Downtown Cafe,2025-07-12T17:51:35,P002397|P000207
M006198,Parking Garage B,2025-07-04T08:26:57,P002086|P000616|P001906
M006199,Downtown Cafe,2025-09-11T23:45:44,P002476|P002986|P003336|P002356|P000866
M006200,Riverside Docks,2025-05-23T05:25:21,P000521|P001271|P003391|P000541
M006201,Abandoned Factory,2025-02-21T04:26:50,P003320|P002990
M006202,Warehouse District,2025-07-07T06:18:37,P003364|P003074|P001104|P000994|P001184|P001374
M006203,Warehouse District,2025-10-24T07:14:29,P000563|P000803
M006204,Abandoned Factory,2025-01-12T07:31:57,P002695|P002705
M006205,Downtown Cafe,2025-04-22T10:05:27,P001462|P002432
M006206,Warehouse District,2025-02-08T00:47:14,P003461|P002981|P002951
M006207,Parking Garage B,2025-06-17T13:43:12,P001968|P003378|P000808|P001738|P002618
M006208,Warehouse District,2025-11-25T05:59:04,P001420|P002840|P001060|P000330|P001620
M006209,Downtown Cafe,2025-11-05T09:58:58,P002839|P000259|P002759|P000759
M006210,Downtown Cafe,2025-01-22T01:36:34,P002914|P001554|P002814|P002924|P000864|P002764
M006211,Abandoned Factory,2025-02-09T14:52:37,P003405|P000015
M006212,Abandoned Factory,2025-09-29T06:05:20,P001874|P003474|P002524|P003174
M006213,Storage Facility 12,2025-02-10T21:48:19,P000793|P000363|P000243|P002983|P000893
M006214,Storage Facility 12,2025-02-18T04:37:55,P001408|P001138|P002288|P002008|P001608
M006215,Parking Garage B,2025-02-28T22:18:35,P003040|P000850|P001770|P000870
M006216,Storage Facility 12,2025-01-06T01:12:42,P001096|P000216|P001266|P003066|P000316
M006217,Abandoned Factory,2025-10-25T11:02:10,P000326|P000166|P000656|P001866|P003026|P001376
M006218,Storage Facility 12,2025-07-16T10:06:56,P002397|P000867|P002237|P002617
M006219,Downtown Cafe,2025-01-25T16:03:03,P001612|P002792|P002192|P001272|P003452|P003392
M006220,Warehouse District,2025-01-31T18:55:18,P002561|P000171|P002141|P003251
M006221,Abandoned Factory,2025-03-23T07:37:56,P000338|P002048|P000678|P002978|P000978|P002358
M006222,Storage Facility 12,2025-12-03T13:03:15,P002008|P000078|P001018|P000608|P003448|P000828
M006223,Warehouse District,2025-08-16T11:22:28,P000153|P002683|P000093|P002433|P001073
M006224,Downtown Cafe,2025-08-05T02:38:03,P002566|P003056|P003016|P002096|P000956
M006225,Abandoned Factory,2025-07-07T20:13:31,P002848|P003048|P003168|P002878|P001278
M006226,Warehouse District,2025-03-28T16:46:45,P000216|P002146|P000446|P000966
M006227,Abandoned Factory,2025-09-01T04:29:45,P001027|P000977|P000447|P001897|P001007|P000347
M006228,Storage Facility 12,2025-04-16T01:02:13,P001224|P001434|P000304|P000734
M006229,Storage Facility 12,2025-02-12T04:13:00,P002698|P001648
M006230,Warehouse District,2025-01-06T09:45:08,P001181|P001991|P002301|P000791|P002961
M006231,Private Villa,2025-06-16T11:00:42,P001795|P000035|P001415|P001165|P002075|P001585
M006232,Abandoned Factory,2025-04-15T02:53:12,P002265|P001995|P002705|P001005|P003345
M006233,Storage Facility 12,2025-03-24T21:26:12,P000687|P002917|P001007|P000547|P003217|P002327
M006234,Downtown Cafe,2025-07-18T00:56:29,P000028|P000888
M006235,Storage Facility 12,2025-07-24T12:56:30,P003328|P002268|P001898
M006236,Parking Garage B,2025-11-05T12:07:04,P001643|P001493|P003303
M006237,Storage Facility 12,2025-02-27T03:14:03,P000949|P001669|P001469|P000969|P000919
M006238,Riverside Docks,2025-05-13T19:04:06,P003113|P000903
M006239,Backroom - Lucky Star Bar,2025-08-15T14:39:10,P003111|P002341|P000461|P001771
M006240,Backroom - Lucky Star Bar,2025-07-12T08:49:24,P002136|P002566
M006241,Abandoned Factory,2025-09-04T05:18:07,P002134|P002904|P001374|P000194|P001854|P002614
M006242,Parking Garage B,2025-04-06T04:46:54,P001881|P001321|P002471
M006243,Storage Facility 12,2025-04-18T14:18:52,P001877|P001967|P000647
M006244,Backroom - Lucky Star Bar,2025-01-20T19:03:10,P002167|P001027|P001927
M006245,Private Villa,2025-08-19T10:48:12,P003420|P000710|P001710|P002430
M006246,Abandoned Factory,2025-03-22T07:32:50,P000450|P002800|P001450|P001180|P001040
M006247,Warehouse District,2025-04-13T03:48:27,P001254|P002984|P001504|P001144|P002844|P001484
M006248,Abandoned Factory,2025-11-08T23:27:31,P000650|P003020
M006249,Storage Facility 12,2025-04-19T15:39:33,P001914|P001134|P001484
M006250,Parking Garage B,2025-04-02T20:34:18,P001710|P003030
M006251,Riverside Docks,2025-03-19T21:28:47,P002798|P001818|P002408
M006252,Storage Facility 12,2025-01-12T23:08:08,P000762|P001712|P002972|P002282|P001222
M006253,Backroom - Lucky Star Bar,2025-07-24T09:23:06,P002804|P000364|P003354|P001554|P002864|P002824
M006254,Parking Garage B,2025-09-28T00:01:06,P003174|P002354|P000484
M006255,Storage Facility 12,2025-10-03T04:40:22,P001585|P003045
M006256,Warehouse District,2025-10-02T05:40:19,P001963|P000053|P000313|P001853
M006257,Backroom - Lucky Star Bar,2025-05-01T10:19:22,P002484|P001314|P002084
M006258,Warehouse District,2025-12-27T17:21:16,P000463|P001653|P000123
M006259,Backroom - Lucky Star Bar,2025-09-04T16:23:36,P002140|P002530|P001160|P002290|P001970
M006260,Warehouse District,2025-10-04T13:06:13,P003193|P002713|P000393|P003063|P000443|P003053
M006261,Downtown Cafe,2025-06-24T12:30:08,P000181|P002781|P002401
M006262,Private Villa,2025-07-05T18:59:09,P000409|P003259|P000369|P002549|P000649
M006263,Warehouse District,2025-07-06T22:33:06,P000568|P001978|P003468|P002688|P003098|P001138
M006264,Downtown Cafe,2025-02-22T12:39:42,P001565|P002805|P000155|P002175|P002885|P001465
M006265,Backroom - Lucky Star Bar,2025-03-12T21:17:25,P002964|P001644
M006266,Warehouse District,2025-07-19T13:13:00,P000622|P000382|P000522|P002452
M006267,Abandoned Factory,2025-03-07T00:59:31,P000959|P003049|P002989
M006268,Abandoned Factory,2025-11-15T13:21:35,P002067|P000987|P001917|P003137|P000107
M006269,Riverside Docks,2025-02-20T13:57:24,P001392|P002362|P001202|P000252
M006270,Backroom - Lucky Star Bar,2025-05-03T02:13:07,P001619|P001119
M006271,Riverside Docks,2025-12-23T03:06:15,P000538|P000298|P000318
M006272,Private Villa,2025-06-27T03:34:45,P001899|P000739|P002309|P002699|P000829|P001389
M006273,Riverside Docks,2025-02-12T02:44:56,P002566|P001936|P002956|P003106
M006274,Abandoned Factory,2025-11-22T06:07:56,P000620|P003230|P003400|P002340|P002830
M006275,Backroom - Lucky Star Bar,2025-03-04T12:21:46,P001083|P001833|P000663|P002773
M006276,Downtown Cafe,2025-11-25T20:18:05,P002887|P001927|P003447|P001837|P002577|P000037
M006277,Warehouse District,2025-07-18T01:19:12,P002634|P001954|P002884|P002434|P001634|P001734
M006278,Warehouse District,2025-09-13T13:27:29,P000600|P000050|P000380|P002080|P002470
M006279,Warehouse District,2025-01-04T11:12:26,P003478|P000598|P002538
M006280,Downtown Cafe,2025-01-08T07:09:08,P002463|P001273|P003303
M006281,Storage Facility 12,2025-12-17T21:54:19,P003217|P002337|P000117
M006282,Riverside Docks,2025-08-09T21:53:25,P001619|P000559|P001709|P001109|P000089
M006283,Backroom - Lucky Star Bar,2025-03-21T01:59:55,P000854|P000824
M006284,Backroom - Lucky Star Bar,2025-02-21T04:02:41,P002943|P002453|P001373|P002823|P003333|P001043
M006285,Private Villa,2025-06-04T23:27:14,P000822|P001292|P001392|P002152|P003362
M006286,Warehouse District,2025-08-13T00:55:05,P000193|P003443|P000253
M006287,Backroom - Lucky Star Bar,2025-12-28T18:31:51,P001176|P002406
M006288,Abandoned Factory,2025-08-02T00:57:58,P002922|P001382|P002742|P002612|P002492
M006289,Backroom - Lucky Star Bar,2025-12-28T01:50:22,P001700|P002240|P001170|P000430|P000900|P001680
M006290,Riverside Docks,2025-01-14T02:27:59,P000901|P000751|P002071|P000451
M006291,Parking Garage B,2025-12-21T12:12:16,P002927|P003117
M006292,Private Villa,2025-11-12T19:50:46,P000528|P001168|P000028|P001858|P001418
M006293,Backroom - Lucky Star Bar,2025-07-18T06:55:57,P001980|P002340|P001600|P003030|P003330
M006294,Private Villa,2025-11-23T11:36:52,P002271|P000311|P001001|P001841
M006295,Riverside Docks,2025-08-10T17:53:57,P000845|P000835|P000285
M006296,Storage Facility 12,2025-07-03T08:54:21,P000471|P002101
M006297,Warehouse District,2025-10-22T03:23:08,P000710|P001250
M006298,Downtown Cafe,2025-08-31T13:46:11,P002600|P002550|P002850|P001460
M006299,Riverside Docks,2025-08-05T04:34:00,P002239|P001489|P002189|P001259|P000749|P003259
M006300,Private Villa,2025-03-31T16:21:20,P001803|P002203|P000843|P002693
M006301,Backroom - Lucky Star Bar,2025-10-18T19:58:47,P001312|P001372
M006302,Backroom - Lucky Star Bar,2025-07-27T12:58:34,P003156|P001306|P002076|P002046|P003306
M006303,Abandoned Factory,2025-10-26T12:11:05,P002879|P002309|P003459|P003409|P000139
M006304,Parking Garage B,2025-10-12T15:39:20,P001732|P000782|P000442|P002992|P001252
M006305,Storage Facility 12,2025-09-29T06:12:24,P000955|P001695|P001785|P001195|P002275|P000535
M006306,Warehouse District,2025-11-15T17:15:08,P001705|P001685|P002825|P000615|P000135
M006307,Storage Facility 12,2025-09-26T13:07:50,P002374|P000644|P001344
M006308,Storage Facility 12,2025-02-08T03:26:14,P001429|P000339|P002259
M006309,Downtown Cafe,2025-01-27T07:41:39,P003238|P000968|P001708|P000388
M006310,Downtown Cafe,2025-02-25T23:29:32,P000334|P001784|P000364|P002624|P001814|P003054
M006311,Downtown Cafe,2025-03-08T23:34:07,P003361|P000971|P002591|P003381
M006312,Warehouse District,2025-07-08T02:53:13,P001061|P002931
M006313,Private Villa,2025-06-19T23:15:33,P002047|P001327|P001597|P000257|P000337
M006314,Parking Garage B,2025-11-24T00:00:45,P000520|P001810
M006315,Warehouse District,2025-07-14T21:07:27,P001931|P000281|P001481|P001631
M006316,Downtown Cafe,2025-10-10T07:47:33,P000074|P002354|P003304|P002984
M006317,Downtown Cafe,2025-07-02T13:10:04,P002116|P002256
M006318,Parking Garage B,2025-01-17T14:49:16,P003113|P001343|P002903|P002583|P001493|P000323
M006319,Parking Garage B,2025-07-13T18:43:36,P000140|P000840|P002380|P001950|P001960
M006320,Storage Facility 12,2025-09-30T19:52:55,P003440|P000730
M006321,Warehouse District,2025-06-25T22:49:17,P003149|P001979
M006322,Riverside Docks,2025-10-20T20:40:45,P001576|P002686|P002576|P000676|P003066|P003236
M006323,Warehouse District,2025-10-27T10:57:53,P000697|P001097|P002177|P002757|P003207|P001657
M006324,Downtown Cafe,2025-11-26T21:02:56,P000538|P000318|P002058|P001008|P002458|P000578
M006325,Parking Garage B,2025-07-24T16:40:43,P001784|P002204|P002724|P000984|P002914|P001854
M006326,Riverside Docks,2025-07-02T07:33:41,P000436|P003346|P002846|P002876|P002496|P001266
M006327,Storage Facility 12,2025-06-21T13:53:03,P003353|P002723
M006328,Backroom - Lucky Star Bar,2025-07-25T22:18:56,P001595|P003475|P002475|P000145
M006329,Warehouse District,2025-01-20T08:13:32,P002854|P000844
M006330,Parking Garage B,2025-03-06T07:53:11,P002488|P002158|P002568
M006331,Private Villa,2025-09-30T18:52:42,P001612|P001512|P003002|P000822
M006332,Storage Facility 12,2025-10-21T07:48:10,P001948|P000858|P003128
M006333,Abandoned Factory,2025-08-30T04:33:24,P001361|P000921|P002521|P000371|P001571|P001901
M006334,Warehouse District,2025-09-26T02:12:19,P002081|P003091|P001491
M006335,Storage Facility 12,2025-11-17T09:56:48,P000798|P001608|P001038|P002548|P002328
M006336,Abandoned Factory,2025-05-19T14:12:28,P000908|P001868|P001458
M006337,Riverside Docks,2025-07-13T17:16:12,P001870|P002910|P001910|P003130
M006338,Storage Facility 12,2025-07-19T08:00:45,P002269|P002079
M006339,Warehouse District,2025-05-21T00:17:17,P001776|P000366|P002006|P003376
M006340,Abandoned Factory,2025-04-20T23:25:30,P000494|P002294|P003304|P002424|P001244|P002534
M006341,Backroom - Lucky Star Bar,2025-01-19T18:02:27,P001947|P002007|P003307
M006342,Riverside Docks,2025-12-01T09:48:26,P000970|P000360|P002200|P000390|P002500
M006343,Storage Facility 12,2025-11-23T09:40:11,P000857|P000247
M006344,Warehouse District,2025-03-23T19:40:04,P001996|P000106|P002366
M006345,Warehouse District,2025-10-22T01:42:02,P000266|P001936|P003336|P001666|P001116
M006346,Private Villa,2025-08-16T03:23:30,P002573|P002263
M006347,Riverside Docks,2025-07-08T04:26:41,P000637|P001017|P002907|P000627|P002847|P001897
M006348,Parking Garage B,2025-09-16T21:24:24,P000264|P000294|P001364
M006349,Storage Facility 12,2025-03-21T11:23:29,P003340|P001050|P000150|P000270
M006350,Riverside Docks,2025-04-10T01:59:19,P003310|P000560|P001340|P002810|P001210
M006351,Private Villa,2025-07-01T08:45:21,P003097|P002427|P001377
M006352,Parking Garage B,2025-06-21T17:42:56,P000724|P002404|P000084
M006353,Private Villa,2025-07-19T23:59:13,P002511|P002431|P003301|P001801|P001131
M006354,Downtown Cafe,2025-09-12T02:49:06,P003311|P001781
M006355,Warehouse District,2025-03-16T11:24:22,P001101|P003101
M006356,Warehouse District,2025-05-06T15:54:00,P000784|P000764|P002704
M006357,Storage Facility 12,2025-10-06T16:41:15,P000012|P003172|P001102|P003192
M006358,Downtown Cafe,2025-01-22T10:23:36,P002020|P001500|P001230|P002360|P001830
M006359,Storage Facility 12,2025-08-26T09:23:29,P001555|P000575|P001215|P003465
M006360,Private Villa,2025-05-17T15:38:23,P001923|P002593|P000713|P002563
M006361,Parking Garage B,2025-01-12T16:38:53,P001732|P001152
M006362,Warehouse District,2025-02-04T07:23:31,P002413|P001833|P000363|P000953|P002013|P002943
M006363,Downtown Cafe,2025-11-01T17:22:43,P002807|P000137
M006364,Warehouse District,2025-09-15T13:02:35,P001902|P000522|P001732|P001682
M006365,Private Villa,2025-03-24T19:40:35,P001072|P003352|P002042|P000962|P000542
M006366,Storage Facility 12,2025-09-03T23:22:54,P000457|P001937|P000507
M006367,Storage Facility 12,2025-10-10T10:46:04,P001257|P003287|P001667|P002617|P001087
M006368,Riverside Docks,2025-08-01T16:19:30,P000229|P003139|P001769
M006369,Riverside Docks,2025-09-29T09:22:31,P003025|P002295|P002045|P000775
M006370,Storage Facility 12,2025-03-31T11:54:32,P002239|P002029|P003119|P001809|P000599|P002979
M006371,Private Villa,2025-08-01T04:38:59,P003186|P000976|P001006|P000646
M006372,Downtown Cafe,2025-11-08T14:22:22,P000334|P001164
M006373,Storage Facility 12,2025-07-30T17:12:48,P001822|P001022|P002232|P003432|P002472
M006374,Parking Garage B,2025-12-14T00:25:31,P002128|P000008|P002838|P003128
M006375,Parking Garage B,2025-12-17T04:15:45,P000226|P000826|P000566
M006376,Private Villa,2025-09-24T10:12:19,P000573|P000733|P002593|P002623
M006377,Backroom - Lucky Star Bar,2025-11-16T01:35:53,P003069|P002809|P002869|P002219|P000519
M006378,Warehouse District,2025-07-10T17:32:28,P000393|P003333
M006379,Riverside Docks,2025-05-12T02:34:41,P002600|P002630|P000400|P001400
M006380,Abandoned Factory,2025-03-24T17:06:29,P002481|P002031
M006381,Parking Garage B,2025-02-06T22:42:11,P003405|P002715|P000915|P000475
M006382,Backroom - Lucky Star Bar,2025-08-07T02:34:03,P000465|P000165|P002965|P003395|P003435|P002345
M006383,Private Villa,2025-08-17T08:21:02,P002320|P002170|P003350|P001510|P000990
M006384,Parking Garage B,2025-06-06T13:59:57,P003372|P001292|P001052|P001952
M006385,Parking Garage B,2025-05-05T06:01:56,P000179|P002879|P001619|P003069|P000749|P000229
M006386,Downtown Cafe,2025-08-01T16:33:42,P002396|P003236|P003286|P002436|P002596|P002916
M006387,Riverside Docks,2025-08-27T18:32:59,P002866|P002236
M006388,Storage Facility 12,2025-05-02T15:20:35,P002887|P000547
M006389,Abandoned Factory,2025-05-27T06:18:57,P002049|P000109|P000269|P003249|P001529|P001719
M006390,Downtown Cafe,2025-07-22T13:18:35,P002118|P002078|P001978|P002948|P002338|P000668
M006391,Storage Facility 12,2025-08-31T13:10:41,P001564|P000354
M006392,Warehouse District,2025-03-26T05:02:47,P000341|P000991
M006393,Parking Garage B,2025-10-14T18:57:13,P002644|P001014|P002244
M006394,Private Villa,2025-06-02T08:03:25,P001242|P001682|P002802|P000042|P001152
M006395,Abandoned Factory,2025-05-25T03:46:23,P001245|P002795|P000775|P003405|P003315
M006396,Abandoned Factory,2025-12-20T02:21:41,P000444|P001244|P000894|P002924
M006397,Private Villa,2025-03-17T06:08:32,P000446|P001496|P002266|P000306
M006398,Riverside Docks,2025-10-01T00:33:12,P002086|P003196|P001806
M006399,Storage Facility 12,2025-09-27T08:24:06,P003262|P000542
M006400,Abandoned Factory,2025-02-16T05:13:02,P002020|P001590|P001200|P002430|P002940|P002450
M006401,Private Villa,2025-04-13T20:30:45,P001371|P002451
M006402,Parking Garage B,2025-04-28T11:42:45,P001239|P001479|P002499|P000489
M006403,Backroom - Lucky Star Bar,2025-07-18T04:43:00,P001326|P003246
M006404,Riverside Docks,2025-12-31T00:01:33,P001846|P002216|P000936|P000776
M006405,Downtown Cafe,2025-04-22T00:42:01,P003107|P002237
M006406,Parking Garage B,2025-07-10T06:10:19,P002902|P002572
M006407,Backroom - Lucky Star Bar,2025-06-22T21:08:24,P000590|P000050|P002520|P003050|P000200|P001320
M006408,Storage Facility 12,2025-11-25T14:36:26,P002084|P001094
M006409,Warehouse District,2025-12-26T13:57:23,P003434|P002474|P003484|P000314|P002834|P000634
M006410,Storage Facility 12,2025-02-12T11:43:39,P000749|P000089|P002489|P001289
M006411,Backroom - Lucky Star Bar,2025-11-28T09:34:53,P003081|P000571|P001851|P001881|P001261|P000231
M006412,Storage Facility 12,2025-04-01T12:01:25,P000106|P001706|P001396|P002646|P002626|P001526
M006413,Backroom - Lucky Star Bar,2025-03-19T18:36:05,P000854|P002954|P000434|P000644
M006414,Warehouse District,2025-05-05T03:18:04,P003104|P000704|P000954|P002964
M006415,Storage Facility 12,2025-06-29T11:11:19,P001256|P001736|P000316|P002086
M006416,Backroom - Lucky Star Bar,2025-06-17T07:57:17,P002680|P002230|P002750|P002630|P003460|P002160
M006417,Parking Garage B,2025-11-13T06:19:00,P000614|P001434|P002284|P002204|P002934
M006418,Storage Facility 12,2025-07-29T10:57:38,P002312|P000912|P002982
M006419,Warehouse District,2025-07-09T14:59:37,P003139|P000139|P002249|P000009
M006420,Private Villa,2025-03-01T02:07:38,P001487|P002657|P001607
M006421,Parking Garage B,2025-01-21T04:13:53,P002154|P002214
M006422,Warehouse District,2025-04-22T00:27:54,P002792|P001962
M006423,Riverside Docks,2025-01-31T18:42:54,P002499|P001819|P000629|P001129|P003109
M006424,Parking Garage B,2025-01-09T06:39:42,P000625|P000735|P001525|P002285|P000665|P000275
M006425,Warehouse District,2025-06-04T17:55:46,P002249|P000709|P001709|P000109
M006426,Private Villa,2025-12-09T15:43:19,P000130|P001980|P001330|P000320|P000940|P002370
M006427,Backroom - Lucky Star Bar,2025-02-14T00:27:52,P002122|P002392
M006428,Backroom - Lucky Star Bar,2025-05-19T01:41:29,P000145|P001065|P002455
M006429,Riverside Docks,2025-04-30T03:10:29,P002471|P000391
M006430,Backroom - Lucky Star Bar,2025-10-23T00:10:16,P002912|P000472|P000622|P001382
M006431,Downtown Cafe,2025-05-22T23:07:08,P001157|P000497|P003007|P002087|P003317|P000527
M006432,Riverside Docks,2025-08-08T00:05:51,P000746|P001326|P001706|P000676|P003316
M006433,Private Villa,2025-08-28T14:41:34,P002783|P002733|P001323|P000043|P002303
M006434,Warehouse District,2025-10-01T02:48:52,P000062|P002092|P001332|P003232
M006435,Backroom - Lucky Star Bar,2025-05-05T10:27:06,P000820|P000030|P002320
M006436,Abandoned Factory,2025-11-27T21:15:48,P003383|P001863|P003423|P002563|P001363|P002923
M006437,Storage Facility 12,2025-02-09T08:01:18,P003384|P000024|P003234|P003134
M006438,Warehouse District,2025-09-17T18:34:48,P000077|P001977|P001777|P003457
M006439,Private Villa,2025-04-18T19:44:26,P002926|P001606|P000516|P000876|P000016
M006440,Downtown Cafe,2025-06-11T09:22:09,P000152|P001702|P001352|P002412
M006441,Backroom - Lucky Star Bar,2025-03-30T20:46:25,P002090|P001170
M006442,Storage Facility 12,2025-03-14T20:56:35,P003223|P000783|P003193|P001103|P000863
M006443,Backroom - Lucky Star Bar,2025-06-28T17:47:49,P000929|P002149|P002909|P000599|P001669|P001819
M006444,Parking Garage B,2025-09-03T12:31:57,P003122|P003092|P003392|P000852
M006445,Parking Garage B,2025-03-11T08:30:53,P000143|P002343
M006446,Parking Garage B,2025-05-19T04:10:16,P003071|P003361|P002931|P000751
M006447,Abandoned Factory,2025-05-02T21:35:29,P002152|P003232|P000542|P000572|P003262|P000892
M006448,Downtown Cafe,2025-05-29T21:17:34,P001199|P001559|P003079|P001729
M006449,Downtown Cafe,2025-12-24T18:01:32,P000665|P002545
M006450,Backroom - Lucky Star Bar,2025-11-30T05:17:08,P000290|P002150|P000900|P002160|P000510|P002370
M006451,Parking Garage B,2025-02-22T07:31:22,P002717|P002537|P000587|P000377
M006452,Backroom - Lucky Star Bar,2025-01-12T17:05:07,P000528|P001008
M006453,Parking Garage B,2025-01-06T03:23:46,P000014|P001724
M006454,Parking Garage B,2025-08-13T03:34:23,P002986|P000726|P000736|P001356
M006455,Storage Facility 12,2025-11-05T02:06:09,P002820|P003190
M006456,Riverside Docks,2025-10-19T09:15:35,P001661|P002661
M006457,Warehouse District,2025-01-29T05:10:31,P001727|P002847|P003177
M006458,Riverside Docks,2025-02-22T02:22:49,P002889|P003449|P000869|P002799|P000049
M006459,Storage Facility 12,2025-04-29T20:46:17,P002970|P002570|P002650|P000050|P001000|P001220
M006460,Backroom - Lucky Star Bar,2025-04-02T22:45:52,P001899|P001039|P001109|P000519|P000479|P001519
M006461,Parking Garage B,2025-06-10T20:08:05,P000746|P001846|P001066|P002666|P000126|P001296
M006462,Warehouse District,2025-06-06T14:14:10,P002101|P001611
M006463,Parking Garage B,2025-02-14T01:12:11,P000152|P001632|P001582|P002712|P000142
M006464,Parking Garage B,2025-04-08T21:06:17,P003323|P003453|P000973
M006465,Downtown Cafe,2025-02-06T19:34:41,P002043|P000823|P003073|P000563
M006466,Parking Garage B,2025-05-04T02:31:15,P001483|P002843|P000533|P002053|P001793
M006467,Abandoned Factory,2025-07-31T00:02:53,P002303|P001443
M006468,Riverside Docks,2025-04-27T07:54:18,P001433|P003033|P001413
M006469,Downtown Cafe,2025-10-23T05:14:57,P003145|P001095
M006470,Abandoned Factory,2025-03-12T10:26:19,P002880|P000090
M006471,Abandoned Factory,2025-12-03T19:55:18,P002717|P000437|P000837|P001457|P000717|P000387
M006472,Abandoned Factory,2025-10-23T06:25:10,P000985|P000595|P000325|P002165
M006473,Abandoned Factory,2025-06-19T13:20:33,P001555|P000305
M006474,Backroom - Lucky Star Bar,2025-10-12T13:50:13,P003047|P002667|P000087|P002837
M006475,Storage Facility 12,2025-07-08T00:38:12,P000979|P001079|P000299|P001989|P001129|P000259
M006476,Downtown Cafe,2025-12-24T07:34:35,P003148|P002258|P002528|P000168|P000868|P002408
M006477,Warehouse District,2025-06-08T08:48:02,P003415|P001815|P001235|P001045|P003135|P002225
M006478,Storage Facility 12,2025-09-19T00:04:10,P000596|P000966|P001256
M006479,Abandoned Factory,2025-03-26T10:49:05,P002231|P002491|P002151|P001801
M006480,Warehouse District,2025-08-27T19:43:50,P001687|P001347|P002097|P000137|P000347|P001067
M006481,Backroom - Lucky Star Bar,2025-04-20T21:01:33,P001532|P002922|P000452|P002942|P001682|P000682
M006482,Backroom - Lucky Star Bar,2025-11-24T21:36:53,P000814|P000334|P001294|P001494
M006483,Private Villa,2025-02-21T11:01:10,P002085|P002175|P001855|P000875|P001345|P002895
M006484,Storage Facility 12,2025-11-05T02:02:37,P001941|P000091|P002191|P002871
M006485,Backroom - Lucky Star Bar,2025-01-11T15:11:36,P002994|P000504
M006486,Private Villa,2025-10-30T04:04:22,P002293|P000303|P001713|P001123
M006487,Parking Garage B,2025-07-31T08:41:26,P002398|P003458|P000398|P000528|P002448|P000008
M006488,Storage Facility 12,2025-12-05T14:46:45,P000651|P003391|P001041
M006489,Downtown Cafe,2025-12-02T12:06:41,P001327|P000087|P002517
M006490,Backroom - Lucky Star Bar,2025-07-02T04:40:14,P000674|P003034|P002244|P003464|P000074|P003414
M006491,Riverside Docks,2025-03-27T09:29:37,P000413|P000993|P003103|P002253|P000793|P001303
M006492,Downtown Cafe,2025-05-20T16:47:09,P002418|P000058|P002928|P001208|P000148
M006493,Riverside Docks,2025-01-12T10:34:41,P003490|P003040|P000060|P003360|P000460|P001560
M006494,Downtown Cafe,2025-12-29T03:34:26,P000961|P002151|P001111|P000521
M006495,Warehouse District,2025-12-16T20:42:37,P003184|P002334|P003164|P000424|P002674
M006496,Storage Facility 12,2025-03-30T19:20:10,P001291|P001351|P000491|P000271|P002371
M006497,Abandoned Factory,2025-07-01T11:24:13,P001521|P003091|P001371
M006498,Backroom - Lucky Star Bar,2025-06-10T07:42:47,P002289|P003129|P001469|P000839|P002099|P001829
M006499,Private Villa,2025-12-16T08:25:47,P000282|P001232|P001432|P002642
M006500,Storage Facility 12,2025-08-11T07:46:33,P001555|P001365|P003365|P002245
M006501,Parking Garage B,2025-11-20T14:43:34,P000627|P001537
M006502,Storage Facility 12,2025-09-04T04:23:40,P001897|P001227|P000867|P002777
M006503,Downtown Cafe,2025-05-15T22:22:14,P003131|P003481
M006504,Private Villa,2025-09-15T20:43:12,P001558|P000608|P000718|P000628|P001548|P001428
M006505,Backroom - Lucky Star Bar,2025-07-09T00:26:33,P002619|P000489|P002059|P001739
M006506,Storage Facility 12,2025-12-06T08:51:25,P001478|P000778|P003408|P002328|P001008|P001358
M006507,Storage Facility 12,2025-11-09T00:41:48,P001802|P001972|P003382|P001652|P001632
M006508,Downtown Cafe,2025-12-30T06:36:08,P003383|P000613
M006509,Riverside Docks,2025-09-16T06:40:23,P000441|P002361
M006510,Abandoned Factory,2025-09-18T11:53:01,P000391|P001311|P002611
M006511,Storage Facility 12,2025-01-21T05:25:51,P000880|P001950|P003370|P000260|P000180|P002280
M006512,Private Villa,2025-08-06T20:56:07,P002855|P000755|P002025|P002665|P003205
M006513,Private Villa,2025-12-19T05:26:28,P000137|P001337|P003467|P002057|P001457|P002467
M006514,Private Villa,2025-07-20T06:02:36,P000162|P001312|P000332|P001752|P002292
M006515,Riverside Docks,2025-07-07T21:53:51,P002621|P001571|P001601|P000991|P000521|P000111
M006516,Warehouse District,2025-02-13T12:20:11,P003435|P003455|P001415|P001725|P000025|P000985
M006517,Parking Garage B,2025-01-12T15:17:43,P000729|P000559|P000149|P002519
M006518,Warehouse District,2025-12-20T21:49:31,P000504|P002844|P000804
M006519,Downtown Cafe,2025-07-11T22:49:38,P002065|P001355|P003155|P000025|P003405
M006520,Parking Garage B,2025-12-24T14:14:57,P001887|P003047|P001607|P000537|P001537|P000827
M006521,Parking Garage B,2025-03-24T00:30:41,P000998|P001848|P001008
M006522,Riverside Docks,2025-01-21T04:51:39,P001892|P000412|P001322|P000152
M006523,Abandoned Factory,2025-11-16T20:53:06,P003204|P001454|P002924
M006524,Downtown Cafe,2025-08-11T02:36:07,P001129|P000519|P002019|P000589|P002839|P000509
M006525,Private Villa,2025-04-17T23:36:08,P001045|P002315|P002825
M006526,Parking Garage B,2025-09-12T02:22:21,P000607|P000307|P002517|P003227|P001817
M006527,Riverside Docks,2025-06-04T15:17:21,P002100|P002420
M006528,Riverside Docks,2025-03-17T23:43:16,P001101|P003131
M006529,Abandoned Factory,2025-01-05T05:05:44,P002275|P000825|P001465|P000125
M006530,Parking Garage B,2025-02-25T02:56:25,P001116|P001476|P003026
M006531,Storage Facility 12,2025-09-12T02:04:26,P000814|P001344|P001834|P002944
M006532,Backroom - Lucky Star Bar,2025-05-15T11:23:55,P003161|P003151|P000511|P000251
M006533,Backroom - Lucky Star Bar,2025-12-03T18:30:36,P001384|P000214|P001454
M006534,Storage Facility 12,2025-01-29T08:41:04,P002866|P001676|P002446|P002526
M006535,Storage Facility 12,2025-03-10T17:49:59,P000808|P000008|P001258|P000398
M006536,Warehouse District,2025-07-26T04:03:02,P002088|P001718|P001438|P000358
M006537,Parking Garage B,2025-07-26T04:29:50,P001121|P000261|P002601|P000631|P002571
M006538,Abandoned Factory,2025-09-25T10:07:33,P000877|P002667|P003327|P003207|P000957|P000087
M006539,Riverside Docks,2025-11-18T11:35:43,P000274|P001444|P003374|P003274|P002474
M006540,Storage Facility 12,2025-12-09T16:24:47,P003207|P003027|P000517|P002007|P000167
M006541,Private Villa,2025-04-15T07:27:33,P002557|P000727|P002747|P000857|P002617
M006542,Abandoned Factory,2025-05-18T00:19:45,P000759|P001459|P002789
M006543,Private Villa,2025-05-27T13:16:52,P002112|P002022|P002142|P001432|P000122|P001942
M006544,Warehouse District,2025-08-13T17:30:32,P003482|P002232|P000772|P002542
M006545,Parking Garage B,2025-11-10T04:35:06,P000882|P001292
M006546,Warehouse District,2025-04-12T22:10:30,P003155|P001425|P003485|P002845
M006547,Backroom - Lucky Star Bar,2025-10-07T03:48:52,P003476|P003166|P002386
M006548,Private Villa,2025-10-10T13:07:57,P001275|P001205
M006549,Private Villa,2025-06-14T04:35:14,P002605|P000005|P000215|P000595
M006550,Private Villa,2025-08-17T19:23:16,P000065|P003075|P000385
M006551,Storage Facility 12,2025-04-15T08:37:56,P003077|P002747|P000557|P000787
M006552,Storage Facility 12,2025-02-11T21:05:45,P002729|P001179|P003339
M006553,Private Villa,2025-03-31T05:00:11,P001325|P000005|P001415|P001025|P000045|P000325
M006554,Warehouse District,2025-07-27T15:05:05,P000306|P000456|P001946
M006555,Storage Facility 12,2025-09-03T20:34:54,P000178|P001578
M006556,Storage Facility 12,2025-08-18T16:48:56,P000231|P002501|P001331
M006557,Private Villa,2025-08-18T16:47:15,P000968|P003468|P003488|P001868
M006558,Riverside Docks,2025-11-07T21:38:41,P001900|P001780
M006559,Riverside Docks,2025-03-25T17:40:10,P002721|P002311|P002261|P001951|P002621
M006560,Warehouse District,2025-10-20T13:44:51,P002008|P001638
M006561,Storage Facility 12,2025-03-20T05:41:22,P002318|P000328|P000398|P001568|P002308|P002768
M006562,Backroom - Lucky Star Bar,2025-01-27T21:27:28,P002106|P002506|P003086
M006563,Warehouse District,2025-05-02T11:10:56,P000665|P001885
M006564,Downtown Cafe,2025-08-28T06:39:30,P001758|P000298|P001068|P001278|P001718
M006565,Downtown Cafe,2025-09-24T03:30:20,P001203|P000733|P002343
M006566,Storage Facility 12,2025-11-09T23:47:11,P002483|P002903
M006567,Downtown Cafe,2025-04-26T19:35:02,P001739|P003289|P000719|P001939
M006568,Abandoned Factory,2025-03-24T17:48:01,P000644|P000194|P001194|P001284
M006569,Backroom - Lucky Star Bar,2025-03-03T12:46:49,P002483|P000053|P003233|P001463|P002323
M006570,Storage Facility 12,2025-09-07T13:15:29,P001930|P000720|P002820|P001520|P001920
M006571,Backroom - Lucky Star Bar,2025-03-17T09:16:25,P002818|P003168|P001158|P002268|P002808|P000298
M006572,Storage Facility 12,2025-03-21T02:58:52,P000965|P002875
M006573,Storage Facility 12,2025-06-28T01:06:10,P000697|P003117
M006574,Downtown Cafe,2025-12-24T20:16:20,P002748|P000528|P003168
M006575,Warehouse District,2025-02-16T20:03:42,P002571|P002651|P001891
M006576,Private Villa,2025-01-05T23:17:21,P002261|P001441|P000891
M006577,Backroom - Lucky Star Bar,2025-04-22T11:43:22,P002946|P001686|P003426
M006578,Riverside Docks,2025-10-06T02:40:19,P001184|P001544|P000814|P001604
M006579,Downtown Cafe,2025-09-27T06:51:36,P000610|P000240|P001640|P001940|P001460
M006580,Parking Garage B,2025-12-16T07:57:23,P001117|P003177
M006581,Storage Facility 12,2025-03-23T01:22:08,P000758|P000418
M006582,Storage Facility 12,2025-12-17T22:15:49,P000580|P000220|P000260|P003440|P000970
M006583,Storage Facility 12,2025-02-13T04:04:45,P000169|P000959
M006584,Warehouse District,2025-06-22T17:07:11,P001034|P002414|P001134|P000964|P001984
M006585,Backroom - Lucky Star Bar,2025-08-26T17:28:59,P003327|P002657|P002457
M006586,Private Villa,2025-08-12T14:07:32,P000538|P000778|P000858|P000248
M006587,Warehouse District,2025-10-23T15:46:41,P002488|P002588|P002748
M006588,Warehouse District,2025-08-14T02:26:05,P001602|P000692|P002952
M006589,Downtown Cafe,2025-10-10T12:33:12,P000014|P001304|P002384|P001124
M006590,Private Villa,2025-01-15T17:59:16,P000708|P000438|P001628|P002578|P001898
M006591,Backroom - Lucky Star Bar,2025-07-26T07:28:45,P001540|P001980|P003200|P001370|P001250
M006592,Private Villa,2025-08-15T23:47:34,P000555|P001345|P001725|P001895|P001125|P001845
M006593,Parking Garage B,2025-01-31T11:22:05,P000608|P000528
M006594,Riverside Docks,2025-05-25T08:54:51,P003322|P001292
M006595,Downtown Cafe,2025-11-23T16:40:12,P001501|P000341|P003041
M006596,Parking Garage B,2025-03-30T09:23:01,P002232|P000892|P000412|P003402
M006597,Abandoned Factory,2025-09-17T22:51:13,P001009|P001879|P002279|P000689|P000699|P002799
M006598,Parking Garage B,2025-05-31T08:00:32,P002381|P001741|P003131|P001621|P000781
M006599,Parking Garage B,2025-08-29T22:17:31,P000635|P002585|P000165
M006600,Downtown Cafe,2025-09-16T22:55:25,P000614|P002794
M006601,Parking Garage B,2025-11-28T08:00:17,P000010|P003200
M006602,Riverside Docks,2025-01-22T15:38:35,P002393|P000383|P000203|P000493|P001143
M006603,Backroom - Lucky Star Bar,2025-04-25T10:17:17,P001319|P002509|P003339|P003159|P001679|P000039
M006604,Parking Garage B,2025-01-06T12:49:40,P002189|P002719
M006605,Riverside Docks,2025-04-25T07:18:57,P000406|P002736|P003086|P000686|P001936|P002256
M006606,Downtown Cafe,2025-12-09T10:34:49,P000786|P000616
M006607,Private Villa,2025-11-07T19:43:34,P001870|P003300|P002360|P003140|P003400
M006608,Parking Garage B,2025-01-17T19:22:56,P003410|P001730|P000570|P001440
M006609,Parking Garage B,2025-12-24T14:51:38,P002751|P000891
M006610,Warehouse District,2025-04-22T02:18:36,P002078|P000588
M006611,Riverside Docks,2025-07-21T13:27:58,P002673|P000523|P002903|P003293|P000893|P000333
M006612,Private Villa,2025-06-04T09:19:28,P001923|P003173|P001183
M006613,Parking Garage B,2025-10-31T14:20:11,P000548|P000528|P000348|P000818
M006614,Parking Garage B,2025-07-05T14:32:20,P001159|P000289
M006615,Parking Garage B,2025-01-17T22:34:46,P002862|P003042|P000512|P000632|P001512|P001212
M006616,Private Villa,2025-05-22T22:20:00,P002688|P001538|P000658|P000048
M006617,Backroom - Lucky Star Bar,2025-02-14T08:29:40,P001754|P001214|P001574|P001774|P000684|P001104
M006618,Storage Facility 12,2025-08-13T12:49:30,P002679|P000099|P000559
M006619,Warehouse District,2025-11-14T11:50:25,P001967|P001907|P002617
M006620,Backroom - Lucky Star Bar,2025-07-30T06:15:26,P001378|P000258|P002608|P000418|P003438
M006621,Riverside Docks,2025-04-03T02:33:15,P001927|P002887
M006622,Warehouse District,2025-12-27T07:16:37,P001458|P001368|P002598|P001378|P000168
M006623,Backroom - Lucky Star Bar,2025-10-17T23:19:15,P002657|P002247
M006624,Backroom - Lucky Star Bar,2025-08-21T03:52:54,P000870|P002740|P001320|P002150
M006625,Storage Facility 12,2025-11-02T15:01:35,P003174|P000954|P000624|P003124|P003074|P002104
M006626,Backroom - Lucky Star Bar,2025-07-20T13:23:48,P000545|P003385|P001595|P001365|P003435|P002865
M006627,Riverside Docks,2025-11-28T21:03:13,P003464|P000584|P001944|P001954|P003254|P001074
M006628,Abandoned Factory,2025-06-15T13:34:16,P003160|P001080
M006629,Warehouse District,2025-04-23T00:38:11,P002142|P000222|P001822|P002162
M006630,Private Villa,2025-05-14T23:07:36,P001729|P002749|P000819|P001359|P000369|P003269
M006631,Warehouse District,2025-05-17T05:24:38,P002062|P001242|P002572|P003262
M006632,Private Villa,2025-03-30T12:37:27,P001083|P001723
M006633,Riverside Docks,2025-06-21T13:12:12,P002870|P001010|P002850|P001520|P000140
M006634,Downtown Cafe,2025-03-02T19:56:31,P001887|P002017|P003407|P001647|P000207|P003177
M006635,Storage Facility 12,2025-04-29T02:40:26,P000155|P000135|P002865|P003025|P001235
M006636,Warehouse District,2025-04-13T11:23:12,P001476|P003096
M006637,Storage Facility 12,2025-07-31T16:30:50,P000778|P002618|P000878|P001108
M006638,Storage Facility 12,2025-10-13T09:29:12,P001095|P002505|P002585|P000905|P000035
M006639,Riverside Docks,2025-10-18T20:31:34,P000986|P001646
M006640,Storage Facility 12,2025-01-11T17:51:16,P000559|P000789|P001379|P001179
M006641,Parking Garage B,2025-05-24T16:28:40,P001635|P001805
M006642,Abandoned Factory,2025-11-18T05:32:07,P001505|P000585|P002735|P002035|P000505
M006643,Warehouse District,2025-04-01T07:12:45,P002223|P000233
M006644,Backroom - Lucky Star Bar,2025-05-23T19:03:27,P002520|P001020|P001300|P000170|P001920|P001530
M006645,Riverside Docks,2025-12-25T08:59:26,P002433|P000873|P001953|P003123|P001073
M006646,Backroom - Lucky Star Bar,2025-05-04T13:05:47,P002789|P002009|P001749|P002999
M006647,Storage Facility 12,2025-10-03T03:05:04,P001361|P002031|P002311
M006648,Riverside Docks,2025-11-17T10:20:52,P000224|P000184|P000744|P002854|P001864|P000834
M006649,Parking Garage B,2025-12-27T07:59:28,P000901|P000021|P001141
M006650,Riverside Docks,2025-05-29T23:35:22,P001139|P003129|P002509|P002379|P000129|P001199
M006651,Abandoned Factory,2025-08-17T00:39:03,P001836|P002136|P002956|P002326
M006652,Warehouse District,2025-06-20T16:47:55,P002149|P002269|P000829|P002799|P001899
M006653,Parking Garage B,2025-12-23T11:27:17,P003455|P000295|P000875|P003055|P003085
M006654,Parking Garage B,2025-01-20T19:05:00,P000754|P002364|P001914|P001574|P002234|P002764
M006655,Riverside Docks,2025-12-22T02:07:01,P001385|P001345|P003365|P002575
M006656,Abandoned Factory,2025-09-25T10:52:21,P001883|P002803|P000723|P001783
M006657,Warehouse District,2025-07-12T14:05:03,P001541|P003171|P000861|P002051|P001221|P003001
M006658,Parking Garage B,2025-05-31T02:19:01,P003069|P001889|P002739|P002169|P002429
M006659,Backroom - Lucky Star Bar,2025-03-12T07:54:50,P001469|P000939|P001319|P001449|P000309|P001059
M006660,Backroom - Lucky Star Bar,2025-12-13T15:42:32,P002633|P003323|P002053|P001713|P001153|P000593
M006661,Warehouse District,2025-02-28T12:58:33,P000600|P002220|P000310|P000200
M006662,Riverside Docks,2025-03-03T07:06:47,P003434|P002854|P001464|P000804|P001564|P001314
M006663,Abandoned Factory,2025-02-14T18:33:03,P000428|P000018|P002198|P001518|P003428
M006664,Parking Garage B,2025-04-24T23:13:21,P003128|P003328|P003368|P002718|P002968|P002468
M006665,Riverside Docks,2025-05-23T11:55:30,P002194|P001914|P000664|P001474|P001374
M006666,Backroom - Lucky Star Bar,2025-03-27T16:43:17,P001165|P002395|P003485|P001345
M006667,Riverside Docks,2025-12-29T20:18:16,P003243|P002243
M006668,Abandoned Factory,2025-02-20T12:42:40,P002323|P002913
M006669,Parking Garage B,2025-08-17T06:29:41,P003302|P002702
M006670,Parking Garage B,2025-09-01T05:22:01,P001879|P001589|P000969|P001079|P002839|P002169
M006671,Private Villa,2025-02-21T17:34:42,P001969|P002799|P002519|P000039|P001179
M006672,Storage Facility 12,2025-12-06T15:39:29,P001255|P002325|P000415|P001655
M006673,Backroom - Lucky Star Bar,2025-03-10T22:05:18,P000646|P002336
M006674,Downtown Cafe,2025-06-29T02:53:07,P001425|P001565|P000005
M006675,Abandoned Factory,2025-05-26T14:43:55,P000703|P002583|P001093
M006676,Riverside Docks,2025-07-06T13:56:04,P001868|P002378
M006677,Backroom - Lucky Star Bar,2025-04-01T05:56:16,P002687|P000967|P002587|P002137|P002447
M006678,Private Villa,2025-06-07T08:44:15,P001394|P000354|P002134|P002534|P001704|P003054
M006679,Riverside Docks,2025-07-16T14:24:57,P001417|P000757|P001567|P002217|P000997
M006680,Backroom - Lucky Star Bar,2025-10-12T23:26:52,P001479|P000499
M006681,Private Villa,2025-12-06T08:34:43,P002577|P001937|P000107|P002447
M006682,Parking Garage B,2025-06-14T04:59:08,P002141|P001261|P000371|P002071
M006683,Parking Garage B,2025-05-11T09:08:49,P001216|P002276|P003426|P002676|P003376|P002446
M006684,Parking Garage B,2025-04-17T11:49:35,P003179|P002439
M006685,Warehouse District,2025-06-17T22:39:52,P001021|P002501
M006686,Riverside Docks,2025-01-30T19:37:17,P000837|P001677|P003257|P001547|P000917|P001987
M006687,Storage Facility 12,2025-07-16T02:28:49,P002594|P003074|P000414
M006688,Backroom - Lucky Star Bar,2025-11-26T19:43:31,P002288|P000928|P000608
M006689,Storage Facility 12,2025-05-01T05:13:24,P000447|P002667|P001887|P000827|P001927|P001437
M006690,Riverside Docks,2025-04-09T21:38:12,P001461|P002571
M006691,Riverside Docks,2025-12-02T12:06:30,P002346|P001856|P002226
M006692,Riverside Docks,2025-08-22T02:12:27,P002809|P002259|P002349|P002929
M006693,Storage Facility 12,2025-02-06T13:03:03,P001676|P001266|P002436
M006694,Abandoned Factory,2025-11-25T00:03:38,P001299|P001149|P001809|P003489|P002319|P000539
M006695,Abandoned Factory,2025-10-06T17:14:19,P001117|P003247
M006696,Backroom - Lucky Star Bar,2025-04-24T11:18:14,P000250|P001310
M006697,Private Villa,2025-03-10T19:19:01,P001567|P001997|P000117|P002387|P000777|P001227
M006698,Storage Facility 12,2025-06-25T21:12:20,P001675|P002875|P003425|P002775|P000815
M006699,Riverside Docks,2025-10-16T15:41:02,P002570|P003210|P001370|P002180|P002490
M006700,Private Villa,2025-03-06T09:52:10,P000065|P001625|P002345|P002805
M006701,Parking Garage B,2025-08-25T11:44:41,P000428|P000478|P000728|P000288|P000688|P002618
M006702,Riverside Docks,2025-05-22T21:23:26,P001112|P003112|P003072
M006703,Parking Garage B,2025-07-10T07:02:31,P001231|P002571|P003131
M006704,Storage Facility 12,2025-04-15T02:51:46,P002674|P002014|P001104|P003154|P001304
M006705,Backroom - Lucky Star Bar,2025-03-03T05:10:42,P002205|P002935|P002595
M006706,Riverside Docks,2025-08-18T13:24:45,P000586|P000496|P002056|P001586|P000186
M006707,Parking Garage B,2025-03-09T09:34:07,P001946|P002006
M006708,Parking Garage B,2025-03-02T01:09:53,P001521|P001411|P002901
M006709,Storage Facility 12,2025-01-18T01:57:42,P000649|P001159|P003409
M006710,Backroom - Lucky Star Bar,2025-07-19T12:42:19,P000413|P003473|P002813|P001173|P000693|P003063
M006711,Downtown Cafe,2025-11-14T08:16:06,P002285|P003065|P002795|P001505
M006712,Parking Garage B,2025-11-07T15:21:00,P002157|P003487|P003087
M006713,Backroom - Lucky Star Bar,2025-11-02T10:26:28,P002390|P000200
M006714,Riverside Docks,2025-05-24T16:54:23,P002680|P002840|P002340
M006715,Abandoned Factory,2025-01-21T02:08:03,P000231|P002371|P003261|P000361
M006716,Private Villa,2025-01-25T04:53:37,P002880|P000400|P001540|P000880|P000530
M006717,Private Villa,2025-04-03T03:04:54,P000003|P003113|P001503|P002143|P000353
M006718,Downtown Cafe,2025-06-18T07:52:43,P001529|P003019|P002339
M006719,Backroom - Lucky Star Bar,2025-06-21T16:56:00,P003341|P001171|P000851|P001241
M006720,Backroom - Lucky Star Bar,2025-05-24T14:14:59,P001523|P000873
M006721,Warehouse District,2025-01-20T14:24:08,P000820|P001760
M006722,Riverside Docks,2025-07-21T13:15:30,P000240|P001860|P003260|P000870
M006723,Riverside Docks,2025-01-21T04:02:55,P001413|P001693
M006724,Downtown Cafe,2025-06-14T20:28:29,P000714|P002944
M006725,Riverside Docks,2025-06-28T12:57:01,P003235|P001705
M006726,Warehouse District,2025-11-03T09:41:24,P003399|P001209|P001989|P001789
M006727,Warehouse District,2025-06-09T04:25:29,P003451|P001271|P003481|P002671|P001111|P003321
M006728,Backroom - Lucky Star Bar,2025-06-15T07:16:13,P003412|P000872|P001252|P001922|P001302|P002492
M006729,Storage Facility 12,2025-04-02T06:00:20,P000115|P000105|P001375|P002525|P003005
M006730,Private Villa,2025-01-20T08:31:13,P000584|P000524|P002264|P001664
M006731,Riverside Docks,2025-01-17T12:30:57,P001952|P000702|P001722|P001762|P003452
M006732,Warehouse District,2025-07-16T23:00:36,P002885|P002055
M006733,Downtown Cafe,2025-04-25T11:05:02,P000058|P000248|P001048
M006734,Riverside Docks,2025-05-16T15:20:16,P002218|P000348|P001238
M006735,Private Villa,2025-07-20T16:07:42,P003073|P002793|P003403|P002593|P002743
M006736,Warehouse District,2025-10-07T16:15:00,P001421|P000341|P001091|P001591
M006737,Parking Garage B,2025-05-29T05:30:29,P000068|P003408|P001938|P001058|P002698
M006738,Riverside Docks,2025-09-28T08:09:27,P001134|P000604|P003344|P000044
M006739,Parking Garage B,2025-05-18T20:30:51,P003211|P001601|P001241
M006740,Parking Garage B,2025-09-26T06:26:03,P000053|P001893|P003343
M006741,Warehouse District,2025-01-17T14:41:12,P002981|P002891|P001501|P002551|P002961
M006742,Downtown Cafe,2025-09-30T22:44:18,P000324|P000494
M006743,Storage Facility 12,2025-11-07T08:26:01,P000909|P000659|P002009|P002519|P002879
M006744,Parking Garage B,2025-11-07T11:14:11,P001217|P003427
M006745,Private Villa,2025-09-18T15:19:38,P003295|P001055|P002225|P002725|P001385|P001895
M006746,Backroom - Lucky Star Bar,2025-03-25T01:32:15,P000729|P000299|P000559|P001779
M006747,Abandoned Factory,2025-07-02T15:33:36,P001949|P003399
M006748,Downtown Cafe,2025-11-02T22:20:29,P001549|P003269
M006749,Parking Garage B,2025-08-07T20:11:03,P002568|P003078|P000068|P000518|P000788
M006750,Warehouse District,2025-07-29T08:14:51,P000194|P002154|P001584|P003274|P002504|P000214
M006751,Storage Facility 12,2025-02-05T22:28:35,P002594|P001164|P002544|P001174|P002764|P001484
M006752,Warehouse District,2025-07-29T03:55:05,P001257|P000897|P001377
M006753,Private Villa,2025-08-30T21:13:25,P002102|P002882
M006754,Backroom - Lucky Star Bar,2025-11-27T03:56:09,P000756|P002886|P003246|P003416|P000216
M006755,Riverside Docks,2025-06-18T05:25:23,P003253|P002943|P003033
M006756,Parking Garage B,2025-08-22T11:02:13,P001655|P002825|P002275|P000505|P001445
M006757,Warehouse District,2025-06-26T05:11:32,P000624|P002404|P002524|P002054|P000464
M006758,Riverside Docks,2025-07-23T06:11:01,P000587|P000967|P001937
M006759,Private Villa,2025-06-23T00:04:20,P000036|P000656|P002066|P000136|P000586|P001566
M006760,Parking Garage B,2025-05-27T10:32:03,P002982|P000462|P001612
M006761,Storage Facility 12,2025-08-08T09:02:55,P001355|P002785
M006762,Parking Garage B,2025-04-06T04:36:14,P002208|P001308|P001468
M006763,Storage Facility 12,2025-07-02T16:09:18,P001068|P002638
M006764,Abandoned Factory,2025-01-14T10:02:56,P000636|P001976
M006765,Riverside Docks,2025-07-30T03:03:26,P000807|P001637|P003017
M006766,Storage Facility 12,2025-05-23T16:58:47,P000676|P000876
M006767,Private Villa,2025-03-18T02:20:13,P002980|P001970|P002750|P001770|P001610|P001400
M006768,Abandoned Factory,2025-12-25T22:53:17,P000313|P000613|P000223|P002933|P002913|P001603
M006769,Storage Facility 12,2025-12-17T20:29:03,P001467|P001417|P002367
M006770,Warehouse District,2025-02-27T14:09:13,P003247|P003287|P001407|P001557|P002277
M006771,Parking Garage B,2025-03-03T11:28:01,P000475|P001425|P003285
M006772,Downtown Cafe,2025-03-04T07:51:36,P003476|P002966|P002456
M006773,Storage Facility 12,2025-09-30T19:35:25,P002319|P003119|P000979
M006774,Downtown Cafe,2025-04-24T15:43:58,P002296|P000616|P001736|P001316
M006775,Riverside Docks,2025-12-07T11:52:08,P001537|P001577|P001157
M006776,Parking Garage B,2025-10-01T15:03:29,P001341|P000641
M006777,Riverside Docks,2025-10-13T10:49:38,P003456|P000736|P001296|P000596|P000486
M006778,Abandoned Factory,2025-01-05T01:20:51,P003146|P000796|P000766
M006779,Downtown Cafe,2025-09-15T10:00:22,P000650|P000610|P003220|P002330|P001350|P002570
M006780,Private Villa,2025-05-24T07:20:38,P002707|P000787|P001937|P002377|P002387
M006781,Warehouse District,2025-05-27T14:05:45,P002801|P002461|P002141|P000821|P001481|P001031
M006782,Backroom - Lucky Star Bar,2025-02-26T02:24:29,P002975|P002335|P001765|P003415
M006783,Downtown Cafe,2025-01-07T21:02:25,P001544|P001594|P002424
M006784,Parking Garage B,2025-08-13T00:54:14,P001676|P002256|P001246|P002056|P000756|P003146
M006785,Backroom - Lucky Star Bar,2025-07-31T12:17:53,P001287|P002827|P001567|P001657
M006786,Downtown Cafe,2025-11-22T02:24:40,P000850|P002830|P000510|P000350|P002400|P001750
M006787,Riverside Docks,2025-09-05T02:40:48,P001788|P002258|P001498|P002138|P002158
M006788,Warehouse District,2025-10-24T00:59:53,P002187|P000877|P002297|P002997|P000357
M006789,Parking Garage B,2025-02-01T17:18:44,P001918|P001048|P002888|P000428|P001428
M006790,Downtown Cafe,2025-05-15T23:02:35,P003490|P000430|P003050|P002650|P000520|P001310
M006791,Storage Facility 12,2025-04-09T10:32:14,P002368|P001208|P003268|P001078|P003398|P003338
M006792,Abandoned Factory,2025-01-02T10:18:26,P003364|P001184|P002894|P003474
M006793,Storage Facility 12,2025-07-21T08:37:17,P001715|P000965|P001115
M006794,Parking Garage B,2025-01-07T18:09:06,P001813|P001853
M006795,Backroom - Lucky Star Bar,2025-11-23T19:30:25,P000673|P001623|P001563|P000893|P002573
M006796,Downtown Cafe,2025-06-22T06:40:44,P002458|P002038|P002938|P001808|P001878|P001578
M006797,Warehouse District,2025-10-07T05:32:01,P000061|P000051|P001021
M006798,Backroom - Lucky Star Bar,2025-08-02T08:35:39,P002852|P001542|P003462
M006799,Backroom - Lucky Star Bar,2025-09-11T09:24:19,P000772|P003242|P001412
M006800,Private Villa,2025-09-18T03:30:21,P000639|P000789|P002339|P002259
M006801,Private Villa,2025-06-29T12:27:14,P000068|P003458|P000498|P003298
M006802,Riverside Docks,2025-05-10T14:43:55,P001275|P001675|P002115
M006803,Private Villa,2025-03-12T02:09:22,P003484|P002034|P003024
M006804,Backroom - Lucky Star Bar,2025-08-27T01:39:40,P003453|P001293|P001503|P000673|P000353|P003373
M006805,Abandoned Factory,2025-01-26T21:20:55,P002837|P002797|P003197|P001787|P002357|P000077
M006806,Warehouse District,2025-02-21T02:39:11,P002510|P003200
M006807,Parking Garage B,2025-06-10T18:07:02,P002874|P001044|P000054|P000734|P001204
M006808,Abandoned Factory,2025-09-24T23:35:34,P003439|P001069
M006809,Warehouse District,2025-09-24T17:28:29,P003490|P001700
M006810,Backroom - Lucky Star Bar,2025-01-25T04:57:04,P003275|P003145|P001105|P001315|P002935|P001275
M006811,Downtown Cafe,2025-06-17T23:13:14,P001917|P000137|P002927|P000847|P000677|P002767
M006812,Storage Facility 12,2025-09-14T13:25:30,P002881|P001561|P000701
M006813,Private Villa,2025-09-20T23:17:18,P001521|P002681|P002381|P001451
M006814,Private Villa,2025-10-02T03:27:56,P002620|P001040|P003340|P001500|P001240
M006815,Storage Facility 12,2025-04-12T22:44:27,P000174|P001004|P003054|P002224
M006816,Downtown Cafe,2025-03-03T15:52:07,P000757|P001107|P002577|P000637|P000367
M006817,Backroom - Lucky Star Bar,2025-05-30T14:05:01,P001654|P001934|P002694|P002544|P003214
M006818,Riverside Docks,2025-01-05T13:51:29,P000250|P002750
M006819,Private Villa,2025-01-11T15:56:09,P000632|P003482|P001582|P000012|P002082|P003082
M006820,Private Villa,2025-05-09T22:49:23,P002316|P002476|P002376|P000246
M006821,Private Villa,2025-09-13T17:17:34,P001839|P001559|P000709
M006822,Riverside Docks,2025-10-27T04:13:07,P001498|P000358|P001338|P001818|P003108|P003058
M006823,Backroom - Lucky Star Bar,2025-05-12T19:39:34,P001866|P002766|P002896|P000806
M006824,Backroom - Lucky Star Bar,2025-01-30T17:17:22,P003248|P001338|P000078|P001188
M006825,Downtown Cafe,2025-08-17T17:13:38,P002066|P000976|P001516|P002906
M006826,Warehouse District,2025-05-03T15:36:28,P003220|P003180|P003060|P000790
M006827,Warehouse District,2025-07-01T16:28:17,P002173|P000413
M006828,Private Villa,2025-04-03T13:09:56,P000894|P000064|P002534
M006829,Downtown Cafe,2025-05-01T23:17:50,P002379|P003339
M006830,Private Villa,2025-12-12T21:56:12,P001103|P000873|P001613|P000663|P003163|P003193
M006831,Backroom - Lucky Star Bar,2025-11-20T01:48:58,P002289|P000289|P002129|P003289
M006832,Warehouse District,2025-01-11T18:50:47,P001403|P001873|P003193|P000053|P001373
M006833,Riverside Docks,2025-09-04T04:28:19,P002615|P001525|P002305|P001185
M006834,Riverside Docks,2025-04-08T11:26:47,P002877|P001157
M006835,Private Villa,2025-05-09T19:41:42,P000230|P002170|P001130|P002100
M006836,Warehouse District,2025-04-14T05:22:50,P003311|P003071
M006837,Downtown Cafe,2025-02-17T14:09:59,P000493|P000593|P003193
M006838,Abandoned Factory,2025-08-30T17:52:22,P000634|P001044|P003184|P002394|P000134
M006839,Riverside Docks,2025-09-12T09:55:14,P000238|P000098|P001438|P002508
M006840,Abandoned Factory,2025-06-06T08:16:56,P000495|P002275|P002155|P001235
M006841,Parking Garage B,2025-05-17T03:18:04,P001110|P001100|P001960|P003440|P002280
M006842,Backroom - Lucky Star Bar,2025-12-24T02:22:53,P002773|P003303|P002553
M006843,Storage Facility 12,2025-08-31T00:13:07,P003216|P001376|P001346|P001296
M006844,Backroom - Lucky Star Bar,2025-03-01T06:05:56,P001152|P001412|P000972|P000942
M006845,Storage Facility 12,2025-11-13T23:26:24,P002821|P002151|P003421|P000531|P000971|P000911
M006846,Abandoned Factory,2025-02-14T13:37:36,P001536|P000466|P002856
M006847,Abandoned Factory,2025-04-20T10:08:46,P000351|P003311|P001121|P003421|P001531
M006848,Warehouse District,2025-04-11T18:25:12,P002812|P001392|P000952|P000522|P001782
M006849,Warehouse District,2025-07-21T16:31:37,P002117|P000697|P002377|P003247
M006850,Abandoned Factory,2025-09-13T15:13:15,P001941|P002741|P002431
M006851,Riverside Docks,2025-09-24T03:37:16,P003492|P001382
M006852,Parking Garage B,2025-08-27T05:02:57,P003098|P002448|P003288|P000068|P003268|P002308
M006853,Downtown Cafe,2025-08-07T08:47:18,P003489|P000859|P000349|P001159
M006854,Private Villa,2025-06-19T00:52:02,P003028|P003438|P002608|P000028|P002968|P000078
M006855,Riverside Docks,2025-04-08T22:16:34,P002833|P000903
M006856,Riverside Docks,2025-02-04T13:09:31,P001125|P002755|P003255|P001235|P000515|P001865
M006857,Parking Garage B,2025-07-04T12:55:33,P000517|P003227|P000677|P001547
M006858,Downtown Cafe,2025-09-03T09:40:03,P002692|P000042|P002782|P000992
M006859,Downtown Cafe,2025-06-28T10:00:10,P003329|P002559|P001019|P000009|P000849
M006860,Parking Garage B,2025-12-07T16:36:40,P003085|P000025|P002915|P000655|P001155|P002905
M006861,Private Villa,2025-05-09T13:57:17,P000497|P001027|P003047|P003127|P002547
M006862,Storage Facility 12,2025-12-11T01:41:04,P002512|P003062|P002682|P002432|P001792
M006863,Storage Facility 12,2025-01-23T00:04:59,P001606|P002896
M006864,Backroom - Lucky Star Bar,2025-07-28T12:52:41,P002923|P000523|P001143|P000773|P000133
M006865,Downtown Cafe,2025-11-03T21:16:08,P000407|P000837|P002057|P001157|P001167
M006866,Warehouse District,2025-10-10T14:00:32,P002182|P003032|P000462|P001152
M006867,Riverside Docks,2025-02-03T07:00:31,P000814|P003404
M006868,Backroom - Lucky Star Bar,2025-10-10T19:22:04,P001100|P000670|P002120|P001530
M006869,Storage Facility 12,2025-04-12T13:12:36,P000452|P001472
M006870,Abandoned Factory,2025-09-20T14:27:07,P001594|P002254|P001264|P002674|P001374
M006871,Parking Garage B,2025-10-06T14:04:06,P000630|P000450
M006872,Abandoned Factory,2025-01-30T13:40:01,P001898|P002288|P002128|P001038|P000938
M006873,Riverside Docks,2025-06-28T17:24:54,P003252|P000972|P003242|P001362|P001042|P001662
M006874,Downtown Cafe,2025-03-06T21:41:32,P002932|P003002|P001822|P000532|P000782|P001772
M006875,Abandoned Factory,2025-05-29T01:08:55,P002663|P003063|P000113|P002943|P003393
M006876,Parking Garage B,2025-01-13T16:47:17,P002936|P002006|P001976|P000896|P000166|P000026
M006877,Backroom - Lucky Star Bar,2025-05-14T20:16:01,P003216|P001296|P001716|P002626|P001356|P000726
M006878,Abandoned Factory,2025-07-18T02:30:57,P000286|P001856|P002536|P000026|P003066
M006879,Riverside Docks,2025-12-20T16:59:22,P001623|P002283|P000153|P003143|P000763|P000483
M006880,Backroom - Lucky Star Bar,2025-09-17T23:21:44,P002439|P001589|P001229
M006881,Warehouse District,2025-02-04T11:49:46,P001221|P001541|P002591|P001421|P001531
M006882,Parking Garage B,2025-03-01T18:01:33,P000727|P003037
M006883,Warehouse District,2025-07-10T16:32:41,P003028|P003188
M006884,Abandoned Factory,2025-11-12T08:16:22,P002225|P003235|P002215|P000655
M006885,Storage Facility 12,2025-04-30T09:20:11,P001490|P001840|P001600|P000900|P000710
M006886,Backroom - Lucky Star Bar,2025-01-15T05:46:06,P003159|P000119|P000899|P002519
M006887,Private Villa,2025-01-15T17:18:36,P001736|P002806|P003476
M006888,Downtown Cafe,2025-11-24T22:16:05,P000915|P000105|P000885
M006889,Storage Facility 12,2025-12-30T16:56:40,P000226|P002736|P002756|P002246|P002116
M006890,Downtown Cafe,2025-01-01T16:27:55,P001417|P001497|P001157
M006891,Parking Garage B,2025-09-20T13:15:16,P002835|P002875|P001205|P002665
M006892,Abandoned Factory,2025-09-22T08:21:17,P002404|P000624|P002994|P002814
M006893,Parking Garage B,2025-06-07T02:14:04,P001296|P000596|P003386|P002426
M006894,Storage Facility 12,2025-07-26T21:21:53,P002501|P002341|P003441|P000471
M006895,Private Villa,2025-01-07T11:33:33,P002152|P001762
M006896,Downtown Cafe,2025-09-13T02:14:39,P002571|P001561
M006897,Abandoned Factory,2025-04-20T14:25:15,P002992|P002272
M006898,Storage Facility 12,2025-05-13T03:32:05,P001118|P001718|P000668
M006899,Parking Garage B,2025-07-13T07:07:44,P001113|P001533
M006900,Parking Garage B,2025-01-28T10:43:26,P001387|P002597
M006901,Abandoned Factory,2025-11-18T19:50:05,P001741|P003161|P002941|P001811|P001151
M006902,Riverside Docks,2025-08-24T05:09:02,P003219|P000569|P002929
M006903,Warehouse District,2025-08-25T16:47:19,P000452|P000082
M006904,Abandoned Factory,2025-09-26T02:14:01,P002666|P000236|P001056|P000096
M006905,Private Villa,2025-04-19T16:58:45,P002285|P002355|P002305
M006906,Private Villa,2025-12-05T05:09:04,P001361|P001121
M006907,Backroom - Lucky Star Bar,2025-02-14T21:54:23,P000189|P001439|P001239|P000859
M006908,Backroom - Lucky Star Bar,2025-07-16T23:04:48,P001827|P000647|P000797|P001417
M006909,Private Villa,2025-12-22T00:36:23,P001737|P002907|P001597|P001777|P002447|P001607
M006910,Abandoned Factory,2025-02-28T19:08:22,P001172|P000302|P002312|P002202
M006911,Downtown Cafe,2025-02-19T13:54:33,P002371|P003481|P003121|P001721|P000271|P001911
M006912,Abandoned Factory,2025-06-22T08:49:06,P001646|P003066|P003316
M006913,Parking Garage B,2025-04-10T15:03:52,P000105|P002215
M006914,Parking Garage B,2025-04-14T08:50:30,P003107|P000837|P002857|P001867|P001177
M006915,Storage Facility 12,2025-08-13T23:13:58,P001713|P002423|P000923|P001813
M006916,Parking Garage B,2025-10-20T14:59:45,P002477|P001947|P001657|P000527|P001707|P003077
M006917,Riverside Docks,2025-07-22T22:59:43,P000486|P001376|P001006
M006918,Backroom - Lucky Star Bar,2025-07-04T02:07:21,P001791|P001431|P002101|P000961
M006919,Private Villa,2025-06-25T16:13:46,P000020|P000650
M006920,Storage Facility 12,2025-12-26T23:16:00,P003065|P002815|P000715
M006921,Parking Garage B,2025-08-23T19:54:20,P001783|P001533|P002733
M006922,Abandoned Factory,2025-03-31T19:57:54,P002927|P002407|P002247|P003227|P001307
M006923,Downtown Cafe,2025-01-02T02:20:58,P002345|P002295|P002715|P002415
M006924,Private Villa,2025-12-11T21:44:00,P001207|P002207|P001807|P000797|P002647|P002847
M006925,Private Villa,2025-11-13T02:15:14,P000353|P002123|P001043|P001073
M006926,Storage Facility 12,2025-07-19T04:01:17,P001797|P001007|P002047|P001207|P002147|P002487
M006927,Downtown Cafe,2025-03-12T18:24:28,P002004|P000054|P001474|P000714|P000124|P001704
M006928,Downtown Cafe,2025-02-20T03:06:41,P003297|P001637|P000997
M006929,Parking Garage B,2025-02-06T01:44:32,P001318|P001708
M006930,Backroom - Lucky Star Bar,2025-04-30T17:16:04,P000694|P000234|P002614
M006931,Warehouse District,2025-10-24T17:54:07,P002283|P000823|P001873|P001973|P001573|P000653
M006932,Backroom - Lucky Star Bar,2025-07-08T12:35:39,P000992|P002222|P003272|P002502|P000852|P001042
M006933,Parking Garage B,2025-03-04T05:44:32,P001565|P000645|P001485|P000385|P003445
M006934,Private Villa,2025-08-20T08:09:33,P002926|P001436|P003216
M006935,Parking Garage B,2025-11-22T04:07:03,P001603|P000113|P000883|P000013|P000063
M006936,Private Villa,2025-05-23T19:13:52,P000701|P001501|P001851|P000041|P003111|P000541
M006937,Warehouse District,2025-10-25T20:35:31,P002773|P000753|P003463|P000983|P003293
M006938,Warehouse District,2025-06-08T21:51:30,P002385|P000015|P002545|P001105
M006939,Storage Facility 12,2025-05-22T08:21:04,P001802|P001972|P001992
M006940,Abandoned Factory,2025-04-26T05:26:12,P002570|P000220|P001680|P000610
M006941,Downtown Cafe,2025-11-05T22:01:41,P002147|P002247|P001067|P002957|P000737
M006942,Downtown Cafe,2025-02-02T17:32:28,P002349|P002449|P001289
M006943,Backroom - Lucky Star Bar,2025-12-23T10:45:44,P002283|P000183|P000733|P003283
M006944,Storage Facility 12,2025-05-29T08:26:09,P000965|P002835|P002135
M006945,Backroom - Lucky Star Bar,2025-12-09T04:54:16,P001686|P001366
M006946,Parking Garage B,2025-03-16T12:24:03,P003360|P003120|P002310|P000980
M006947,Storage Facility 12,2025-06-07T13:55:13,P000344|P002744
M006948,Riverside Docks,2025-09-10T05:14:14,P001435|P002335|P001205|P002855
M006949,Private Villa,2025-06-24T01:50:36,P000658|P000378|P001718|P001648|P003078|P000248
M006950,Riverside Docks,2025-07-28T05:14:00,P000621|P001571|P001831|P002081|P000071|P000521
M006951,Warehouse District,2025-11-05T06:45:44,P001606|P000056|P001956|P001966|P002636|P001256
M006952,Riverside Docks,2025-12-19T00:58:13,P000088|P003018|P000998|P001708|P000738
M006953,Parking Garage B,2025-11-08T13:52:29,P000927|P000257
M006954,Backroom - Lucky Star Bar,2025-07-20T22:18:57,P002611|P002461|P000511|P003491|P000411|P003141
M006955,Abandoned Factory,2025-06-08T13:33:31,P001622|P003252|P001332|P003232
M006956,Backroom - Lucky Star Bar,2025-01-17T05:40:19,P000589|P002799|P003149|P002069|P000889|P002819
M006957,Riverside Docks,2025-05-29T11:50:27,P002505|P002545
M006958,Downtown Cafe,2025-01-27T13:38:43,P001543|P000373|P001593
M006959,Backroom - Lucky Star Bar,2025-09-28T11:18:05,P002239|P001759
M006960,Abandoned Factory,2025-07-16T10:36:47,P000373|P002753|P002003|P003453
M006961,Riverside Docks,2025-08-28T01:13:00,P002662|P001042|P002892|P002282|P002952
M006962,Downtown Cafe,2025-06-17T12:37:30,P002125|P000975|P001735|P003225|P000935|P001405
M006963,Private Villa,2025-07-08T04:03:00,P001141|P000891|P001521|P000721|P003071|P002991
M006964,Backroom - Lucky Star Bar,2025-06-17T04:04:34,P001352|P002502|P000542
M006965,Backroom - Lucky Star Bar,2025-12-15T01:18:01,P001163|P001543|P002643|P000783|P002533
M006966,Downtown Cafe,2025-07-11T17:18:32,P003149|P000339|P000589|P003409|P000729
M006967,Downtown Cafe,2025-05-31T09:04:23,P003050|P001240|P002750|P000140|P001940
M006968,Parking Garage B,2025-03-09T01:11:30,P000473|P002573|P002213|P001203|P002973
M006969,Parking Garage B,2025-11-02T21:02:50,P002155|P002685|P002555|P002095|P001815
M006970,Backroom - Lucky Star Bar,2025-03-03T07:16:24,P002279|P001489|P001869|P003409
M006971,Riverside Docks,2025-05-04T05:21:58,P003248|P002998
M006972,Abandoned Factory,2025-06-02T08:55:31,P001524|P001834|P000594|P002454|P000724|P001924
M006973,Abandoned Factory,2025-09-19T16:24:29,P001355|P000735|P002895
M006974,Parking Garage B,2025-08-22T15:35:00,P002553|P002563
M006975,Parking Garage B,2025-08-03T12:58:38,P002976|P000106
M006976,Downtown Cafe,2025-10-29T12:35:31,P002199|P000619|P000139
M006977,Private Villa,2025-09-03T07:28:34,P000796|P001836|P002606|P000346
M006978,Riverside Docks,2025-11-06T18:44:30,P001564|P001194
M006979,Warehouse District,2025-08-25T09:53:50,P003013|P000303|P003273
M006980,Private Villa,2025-08-25T01:08:38,P000361|P001231|P000841
M006981,Riverside Docks,2025-07-19T09:20:23,P000988|P001408|P002738|P002558|P002298|P000538
M006982,Parking Garage B,2025-03-01T23:38:11,P001317|P002997|P002157|P001537|P000567
M006983,Downtown Cafe,2025-05-12T19:14:31,P002031|P000361|P003241
M006984,Riverside Docks,2025-02-26T12:41:13,P003111|P003061|P003391
M006985,Downtown Cafe,2025-12-14T01:58:36,P000926|P000226
M006986,Downtown Cafe,2025-11-10T23:23:28,P003003|P001523|P002273
M006987,Backroom - Lucky Star Bar,2025-10-10T03:08:10,P001600|P001670|P001770|P002350|P001310
M006988,Riverside Docks,2025-03-18T03:28:04,P002369|P003459|P002789
M006989,Private Villa,2025-03-01T10:01:22,P002493|P000703|P001013|P001623
M006990,Warehouse District,2025-01-13T23:19:24,P001930|P000500|P001520|P001160
M006991,Riverside Docks,2025-03-19T23:04:12,P001839|P000039|P001579
M006992,Private Villa,2025-10-16T19:14:44,P002364|P001404|P002294|P002844|P000094
M006993,Backroom - Lucky Star Bar,2025-07-02T19:11:25,P001613|P000193|P000693|P002073
M006994,Storage Facility 12,2025-04-09T12:54:46,P001465|P003205|P001925
M006995,Abandoned Factory,2025-10-16T13:27:11,P000694|P002044|P002054|P001644
M006996,Riverside Docks,2025-05-16T09:12:32,P001900|P002910|P000110|P001960
M006997,Storage Facility 12,2025-07-03T07:03:22,P001291|P000821|P000931|P002361
M006998,Downtown Cafe,2025-03-25T07:23:43,P000826|P001076|P002376
M006999,Storage Facility 12,2025-09-17T14:44:54,P002234|P001934
M007000,Parking Garage B,2025-11-15T09:01:50,P000443|P000903|P002943
M007001,Private Villa,2025-12-19T03:11:41,P001373|P001383
M007002,Downtown Cafe,2025-11-11T00:01:54,P003093|P002133|P001793|P001333|P000913|P002063
M007003,Backroom - Lucky Star Bar,2025-04-09T22:41:43,P002531|P003251|P002461
M007004,Riverside Docks,2025-02-13T01:46:37,P000673|P001743|P001273|P001913|P000693
M007005,Downtown Cafe,2025-06-11T16:46:54,P000422|P002682|P001332|P001852
M007006,Storage Facility 12,2025-12-23T03:51:16,P002340|P003400|P001810|P001950|P000820|P001340
M007007,Warehouse District,2025-05-16T21:21:27,P001849|P001749
M007008,Storage Facility 12,2025-11-05T13:58:04,P000031|P000901|P002771
M007009,Private Villa,2025-06-17T02:17:24,P000421|P003261|P000971|P001141
M007010,Downtown Cafe,2025-09-30T07:41:02,P000636|P000456|P002406|P002556|P001086|P000466
M007011,Downtown Cafe,2025-03-27T05:52:36,P001012|P003152|P000632|P000502|P003042
M007012,Abandoned Factory,2025-03-28T02:31:21,P001925|P000035|P001395|P003255
M007013,Riverside Docks,2025-05-08T01:31:07,P001136|P000966|P003386
M007014,Riverside Docks,2025-12-03T20:29:15,P000468|P003098
M007015,Storage Facility 12,2025-11-21T07:12:21,P001111|P001071|P002681|P001911
M007016,Warehouse District,2025-07-23T04:24:31,P002693|P001013|P000703|P000493
M007017,Storage Facility 12,2025-02-27T06:21:40,P003367|P002787
M007018,Abandoned Factory,2025-09-25T21:56:26,P000521|P002101|P002911|P000661
M007019,Warehouse District,2025-08-05T13:21:13,P003292|P000272|P001622
M007020,Warehouse District,2025-08-31T20:59:14,P001550|P002110|P000360|P000050|P003150
M007021,Storage Facility 12,2025-09-27T10:23:00,P003455|P002985|P003295|P002555|P002525
M007022,Storage Facility 12,2025-05-10T05:56:12,P003474|P003414|P000654|P001004|P002044
M007023,Warehouse District,2025-07-25T21:35:19,P002449|P001839|P001829|P001769|P000189|P001169
M007024,Private Villa,2025-03-02T09:55:01,P002283|P001143
M007025,Storage Facility 12,2025-07-23T14:49:25,P000473|P000593|P000353|P001543|P003033
M007026,Backroom - Lucky Star Bar,2025-04-06T03:09:05,P000629|P000269|P001449
M007027,Downtown Cafe,2025-04-21T22:50:05,P002926|P002956|P000366|P002786|P000736
M007028,Backroom - Lucky Star Bar,2025-08-18T02:58:44,P001813|P002453|P002353|P002303|P002053
M007029,Abandoned Factory,2025-08-09T12:39:18,P002389|P001089|P000009|P000639
M007030,Backroom - Lucky Star Bar,2025-08-22T03:53:19,P001691|P003001|P000191|P002011|P001791|P000591
M007031,Storage Facility 12,2025-07-03T03:36:47,P002134|P001634|P002194|P000494|P002504|P000544
M007032,Riverside Docks,2025-01-08T21:24:33,P000730|P003460|P000670|P001000|P000110
M007033,Backroom - Lucky Star Bar,2025-07-21T06:45:58,P001514|P002934|P000134
M007034,Storage Facility 12,2025-10-15T15:58:09,P002993|P002413|P000343|P000133|P001493
M007035,Riverside Docks,2025-12-09T20:10:11,P000970|P000500|P001190|P002650
M007036,Warehouse District,2025-08-07T05:38:04,P001552|P000522|P001932
M007037,Parking Garage B,2025-07-28T21:34:45,P001410|P002890
M007038,Private Villa,2025-09-21T18:24:45,P003418|P002058|P001338|P000188|P003148|P002328
M007039,Parking Garage B,2025-11-29T05:42:00,P003192|P002212|P003042|P002062
M007040,Riverside Docks,2025-07-03T08:38:49,P003062|P001022|P002422|P002932|P000932
M007041,Abandoned Factory,2025-03-22T20:33:59,P002133|P002833|P001893
M007042,Parking Garage B,2025-08-23T04:05:23,P002675|P000965|P003365|P002365|P001835
M007043,Abandoned Factory,2025-08-22T09:11:05,P001986|P000306
M007044,Parking Garage B,2025-10-22T23:01:18,P003211|P003311|P001671
M007045,Warehouse District,2025-12-26T23:12:37,P003024|P000734|P002544
M007046,Abandoned Factory,2025-09-05T13:32:48,P003049|P002739|P002219|P002289|P002089
M007047,Warehouse District,2025-05-27T09:25:27,P002450|P002310|P002610|P001990|P001740
M007048,Abandoned Factory,2025-04-26T16:56:49,P000109|P002609
M007049,Riverside Docks,2025-11-13T09:36:22,P001598|P000518|P001168|P001098
M007050,Private Villa,2025-05-01T09:12:13,P001424|P003044|P001494|P000604
M007051,Abandoned Factory,2025-10-20T23:43:05,P002349|P001799
M007052,Parking Garage B,2025-04-01T16:25:45,P000098|P002408|P002588|P001568|P003258|P002898
M007053,Storage Facility 12,2025-03-26T09:24:09,P001454|P001504|P001774|P002114
M007054,Backroom - Lucky Star Bar,2025-12-20T13:50:15,P002994|P001364|P002594|P001744|P001344|P002354
M007055,Backroom - Lucky Star Bar,2025-09-28T16:25:31,P001924|P001224|P001694
M007056,Warehouse District,2025-01-06T05:16:37,P000008|P000858
M007057,Abandoned Factory,2025-07-06T10:40:57,P001304|P002744|P000584|P000424|P001954
M007058,Riverside Docks,2025-11-04T09:54:35,P000506|P001046|P003196|P003486|P000146|P001156
M007059,Storage Facility 12,2025-04-12T00:15:59,P002941|P001501|P000281|P002541|P001741
M007060,Abandoned Factory,2025-11-14T02:26:29,P001182|P002172|P000342
M007061,Storage Facility 12,2025-04-03T17:11:10,P003066|P002846
M007062,Storage Facility 12,2025-11-28T18:34:37,P002825|P000145|P003045|P001775
M007063,Downtown Cafe,2025-05-15T05:59:17,P001196|P000276|P000796
M007064,Downtown Cafe,2025-12-09T04:04:45,P001923|P002053|P001213
M007065,Warehouse District,2025-06-28T16:52:34,P000813|P001993|P000743|P002623|P001563|P001793
M007066,Private Villa,2025-12-05T17:48:53,P002923|P000513|P001163|P001703|P000693|P002323
M007067,Downtown Cafe,2025-10-07T17:09:35,P001215|P000835|P002225|P001665
M007068,Warehouse District,2025-05-24T01:48:27,P001150|P000410|P000380
M007069,Backroom - Lucky Star Bar,2025-07-03T04:23:52,P000906|P001656|P000476|P001986|P002636
M007070,Private Villa,2025-02-03T13:32:24,P003415|P002775|P002205|P001325|P002225
M007071,Storage Facility 12,2025-07-10T10:28:08,P001748|P002238|P003318|P003388
M007072,Private Villa,2025-09-19T16:55:26,P001889|P001079|P002419|P003259|P002119|P002049
M007073,Backroom - Lucky Star Bar,2025-06-17T20:24:42,P001399|P002859|P000809|P002619
M007074,Private Villa,2025-10-22T21:04:44,P000595|P001455|P000415|P002245
M007075,Backroom - Lucky Star Bar,2025-09-17T20:27:57,P001818|P001218|P000008|P000858
M007076,Storage Facility 12,2025-01-06T14:37:47,P000712|P000162|P001432|P001842|P001492
M007077,Storage Facility 12,2025-09-13T13:07:52,P003392|P001542|P002452|P002112
M007078,Parking Garage B,2025-03-16T00:53:12,P003001|P001461|P000921|P001191|P000541|P002731
M007079,Riverside Docks,2025-07-25T01:39:36,P000013|P002993|P003173|P003043
M007080,Parking Garage B,2025-10-07T05:34:40,P000261|P002821
M007081,Riverside Docks,2025-11-26T05:15:47,P001470|P002260|P003050|P003440|P002910
M007082,Warehouse District,2025-07-25T16:37:56,P002376|P002546
M007083,Downtown Cafe,2025-07-26T13:11:12,P002434|P003284|P003304
M007084,Storage Facility 12,2025-08-24T12:21:44,P003036|P001226
M007085,Riverside Docks,2025-09-30T23:19:07,P001924|P001364|P002574|P003254|P000244
M007086,Storage Facility 12,2025-10-24T16:51:53,P002737|P002097|P002107|P001177|P002787
M007087,Storage Facility 12,2025-06-24T17:39:26,P000963|P002613|P001963|P002403|P000523|P000643
M007088,Riverside Docks,2025-06-10T09:54:59,P001060|P001590|P002770|P001550|P002670|P002820
M007089,Downtown Cafe,2025-06-29T03:19:07,P001009|P001549|P002719|P001939|P002349|P002149
M007090,Riverside Docks,2025-07-20T18:07:26,P001899|P001749|P000679|P000259|P001129|P000299
M007091,Parking Garage B,2025-11-09T03:52:49,P003422|P002272
M007092,Parking Garage B,2025-12-28T06:18:17,P001984|P000014|P000994|P002074
M007093,Backroom - Lucky Star Bar,2025-12-22T06:09:27,P000401|P002891|P002811|P003441
M007094,Backroom - Lucky Star Bar,2025-04-11T03:01:09,P000536|P002466|P001686|P000036
M007095,Riverside Docks,2025-03-24T09:38:32,P001460|P003370|P001060
M007096,Abandoned Factory,2025-05-22T06:27:32,P000397|P002377|P001167|P003087|P000147|P002907
M007097,Abandoned Factory,2025-02-22T03:22:30,P002037|P001947
M007098,Abandoned Factory,2025-10-06T06:32:49,P001697|P000747
M007099,Downtown Cafe,2025-03-23T22:22:01,P002103|P002753|P001723|P001513
M007100,Private Villa,2025-10-05T01:10:03,P003122|P000282|P002132|P002052|P001612
M007101,Downtown Cafe,2025-04-27T11:44:44,P001693|P000683|P000243|P002943
M007102,Riverside Docks,2025-03-20T09:33:32,P001269|P001569|P000409|P001599|P003079
M007103,Parking Garage B,2025-04-10T11:50:09,P001297|P001847|P001207|P002877
M007104,Downtown Cafe,2025-09-28T03:03:44,P001721|P001321|P000891
M007105,Backroom - Lucky Star Bar,2025-04-28T18:15:33,P000119|P000429|P001579
M007106,Downtown Cafe,2025-06-10T07:09:12,P002591|P002811
M007107,Warehouse District,2025-10-20T21:22:58,P001256|P003206
M007108,Warehouse District,2025-01-14T11:22:15,P001079|P001209
M007109,Abandoned Factory,2025-12-26T10:54:48,P003429|P002559|P000209|P001769|P002729|P001139
M007110,Abandoned Factory,2025-08-22T11:02:53,P001580|P000330|P003390|P002980|P002550|P003400
M007111,Downtown Cafe,2025-03-11T20:33:10,P000664|P001834|P001744|P001714|P000264|P001554
M007112,Abandoned Factory,2025-03-17T09:33:43,P002839|P002899|P003049|P003069|P003239
M007113,Abandoned Factory,2025-02-26T09:58:26,P000220|P002030|P001550
M007114,Private Villa,2025-07-25T03:27:59,P000064|P001264|P002084|P000674|P001324
M007115,Backroom - Lucky Star Bar,2025-09-12T00:49:55,P000174|P003154|P001614|P001124
M007116,Private Villa,2025-04-05T11:09:45,P000013|P000453|P001023|P002573
M007117,Parking Garage B,2025-11-13T00:31:07,P000361|P002381|P001181|P001691
M007118,Downtown Cafe,2025-02-10T21:59:42,P001557|P000707|P001227
M007119,Abandoned Factory,2025-11-18T12:10:32,P001845|P000475|P003015
M007120,Riverside Docks,2025-05-19T10:41:11,P001309|P000439|P003019
M007121,Riverside Docks,2025-08-04T22:29:00,P001536|P002526
M007122,Storage Facility 12,2025-03-15T16:57:59,P001584|P001614|P001254|P000814
M007123,Parking Garage B,2025-08-29T01:04:42,P000211|P000201|P001341
M007124,Private Villa,2025-03-20T23:15:53,P000517|P002727|P001447|P002217
M007125,Riverside Docks,2025-04-17T02:11:04,P000408|P002718
M007126,Downtown Cafe,2025-08-21T13:17:27,P002629|P001979|P000119|P003269|P002029|P000049
M007127,Backroom - Lucky Star Bar,2025-01-03T21:21:00,P001704|P000444|P003474|P002264
M007128,Parking Garage B,2025-05-16T19:48:30,P001624|P000724|P002734|P001574|P002774
M007129,Private Villa,2025-06-28T13:46:46,P001708|P001608
M007130,Downtown Cafe,2025-07-26T05:42:08,P002462|P001802|P002882|P001752|P001422
M007131,Warehouse District,2025-08-21T14:49:06,P000659|P002879|P003359
M007132,Backroom - Lucky Star Bar,2025-02-12T07:33:13,P002685|P003025|P000175|P000535|P002845|P001265
M007133,Abandoned Factory,2025-06-06T19:52:19,P000364|P002334|P000704|P002044|P000314
M007134,Backroom - Lucky Star Bar,2025-05-18T06:33:55,P001115|P001875|P000775
M007135,Backroom - Lucky Star Bar,2025-11-05T17:24:12,P000165|P001305|P000775
M007136,Private Villa,2025-05-19T16:25:05,P001360|P002870|P001010|P000410|P001260|P002760
M007137,Backroom - Lucky Star Bar,2025-01-27T13:58:21,P003363|P000313|P003333|P001483|P000203|P001663
M007138,Riverside Docks,2025-03-06T00:03:41,P002236|P001636
M007139,Parking Garage B,2025-05-17T09:56:42,P002489|P002579|P002399|P003339
M007140,Warehouse District,2025-05-30T05:30:04,P001611|P001891|P000911|P003071|P000241|P001911
M007141,Parking Garage B,2025-04-21T11:11:44,P001192|P003072|P001492|P002832|P001982|P001152
M007142,Riverside Docks,2025-06-11T23:37:28,P000947|P000747|P000787|P000627|P001877|P000387
M007143,Parking Garage B,2025-03-08T19:28:23,P002162|P000842
M007144,Warehouse District,2025-04-16T03:21:48,P001069|P001519|P001389|P000449|P001139|P003369
M007145,Riverside Docks,2025-01-05T07:55:28,P000084|P002504|P001314|P001164|P000074|P002834
M007146,Private Villa,2025-08-28T09:45:12,P003411|P002441
M007147,Warehouse District,2025-10-03T19:40:11,P000673|P002913|P000653
M007148,Downtown Cafe,2025-12-23T16:35:31,P003117|P002337|P002047
M007149,Parking Garage B,2025-12-29T08:08:40,P000047|P001407
M007150,Abandoned Factory,2025-11-01T11:13:56,P002223|P002193
M007151,Backroom - Lucky Star Bar,2025-04-29T13:11:35,P000598|P000198
M007152,Abandoned Factory,2025-07-06T05:17:27,P003146|P000616
M007153,Storage Facility 12,2025-06-10T05:27:36,P003081|P000111|P001721|P002601|P002141
M007154,Storage Facility 12,2025-11-30T12:19:38,P002818|P003198|P000118|P001028|P002138|P001678
M007155,Parking Garage B,2025-01-08T09:22:45,P002118|P003188|P001118
M007156,Backroom - Lucky Star Bar,2025-03-06T03:53:00,P000030|P001160|P003160
M007157,Riverside Docks,2025-02-19T18:58:12,P000371|P002581|P001971|P001131|P002661|P001671
M007158,Abandoned Factory,2025-01-21T21:50:16,P002705|P000285|P000365|P000695
M007159,Backroom - Lucky Star Bar,2025-01-31T01:11:41,P001898|P003408|P002118|P002408|P002068|P003218
M007160,Storage Facility 12,2025-09-10T07:56:33,P002655|P001815|P001745|P001515
M007161,Riverside Docks,2025-12-21T06:12:27,P001520|P001280|P000970
M007162,Riverside Docks,2025-02-15T00:23:17,P001294|P001194|P000064|P003484|P001544|P003064
M007163,Downtown Cafe,2025-05-15T01:18:51,P001872|P001542
M007164,Storage Facility 12,2025-07-04T10:36:58,P003145|P003055|P000745|P002545
M007165,Warehouse District,2025-11-21T07:57:22,P003379|P002449|P002889|P001729
M007166,Backroom - Lucky Star Bar,2025-11-02T23:31:59,P001479|P002009|P001819|P001529
M007167,Backroom - Lucky Star Bar,2025-09-02T03:06:46,P000727|P003147|P000857
M007168,Riverside Docks,2025-09-17T19:41:26,P001877|P002097|P002497|P001307
M007169,Riverside Docks,2025-11-04T18:19:26,P002859|P001359|P000389|P000899|P002099
M007170,Downtown Cafe,2025-06-27T04:49:02,P003291|P000611|P002971|P000631|P001861
M007171,Downtown Cafe,2025-07-08T12:23:45,P001797|P002497|P001607|P002077|P000107|P000387
M007172,Backroom - Lucky Star Bar,2025-07-06T21:03:51,P000942|P000892|P002612|P001142|P002462|P000802
M007173,Parking Garage B,2025-10-13T05:04:15,P000529|P001099|P001089|P000639|P001769
M007174,Parking Garage B,2025-09-16T01:24:37,P002009|P000039|P002039
M007175,Abandoned Factory,2025-06-28T03:39:31,P001549|P001659
M007176,Riverside Docks,2025-08-24T16:22:08,P002235|P000675|P001555|P002915|P001635
M007177,Storage Facility 12,2025-09-21T02:34:08,P002760|P001600|P002270
M007178,Backroom - Lucky Star Bar,2025-12-17T17:25:21,P002377|P002147|P000957|P001037|P003007|P001007
M007179,Downtown Cafe,2025-12-18T14:14:21,P000355|P003075|P001125|P001305|P003425
M007180,Backroom - Lucky Star Bar,2025-09-22T17:11:51,P002699|P000629|P003309|P000369
M007181,Backroom - Lucky Star Bar,2025-07-11T12:25:53,P002347|P001827|P001597|P000107|P001907|P003417
M007182,Parking Garage B,2025-01-13T08:25:10,P002503|P002863
M007183,Private Villa,2025-01-29T05:24:26,P000124|P000564|P000964|P000534|P002974
M007184,Backroom - Lucky Star Bar,2025-11-28T16:41:27,P003390|P001380|P001800
M007185,Parking Garage B,2025-06-26T05:03:33,P001683|P001223|P001563|P002353|P003273|P001783
M007186,Storage Facility 12,2025-09-20T08:24:18,P001384|P001074|P000114|P002424
M007187,Downtown Cafe,2025-07-11T15:48:13,P000111|P002191
M007188,Private Villa,2025-03-01T00:11:18,P001792|P002012|P000192|P002452|P000212|P000702
M007189,Riverside Docks,2025-05-18T04:24:50,P001551|P003301|P000921|P003041
M007190,Abandoned Factory,2025-08-29T18:35:44,P000225|P000065|P000325|P002765
M007191,Parking Garage B,2025-03-21T07:13:02,P001051|P000341|P001711|P001201|P001321|P000621
M007192,Warehouse District,2025-03-04T13:20:57,P002277|P002177|P001287|P002417|P001207|P001517
M007193,Backroom - Lucky Star Bar,2025-07-31T03:40:08,P002247|P000507|P001777|P002137
M007194,Abandoned Factory,2025-12-12T15:36:06,P002770|P000570|P002750|P001940
M007195,Warehouse District,2025-04-14T10:04:25,P002455|P003165|P002805|P002085|P003345|P000615
M007196,Storage Facility 12,2025-08-27T10:07:42,P002305|P003165
M007197,Warehouse District,2025-09-17T07:04:57,P000821|P001161|P002511|P003261
M007198,Riverside Docks,2025-12-01T08:43:37,P000241|P002251|P001591
M007199,Backroom - Lucky Star Bar,2025-07-01T10:39:18,P001760|P002890|P002240|P000670|P003130
M007200,Backroom - Lucky Star Bar,2025-03-28T22:36:16,P000208|P000798|P001598
M007201,Storage Facility 12,2025-12-07T14:24:53,P000069|P002909|P002059|P001939|P000119|P002839
M007202,Backroom - Lucky Star Bar,2025-05-27T21:40:42,P002483|P002593|P003013|P000343
M007203,Storage Facility 12,2025-04-21T06:16:22,P002876|P003056|P000546
M007204,Warehouse District,2025-03-15T03:24:47,P001472|P001492|P003112|P001752
M007205,Riverside Docks,2025-11-06T19:04:39,P000328|P001858|P001938|P002358|P000828
M007206,Warehouse District,2025-08-17T12:11:46,P000199|P001579
M007207,Downtown Cafe,2025-05-05T04:25:01,P000392|P000972|P000732|P002192|P002802
M007208,Backroom - Lucky Star Bar,2025-05-15T18:30:21,P001218|P000658|P003428|P002068
M007209,Warehouse District,2025-03-11T14:23:53,P000807|P000037
M007210,Private Villa,2025-11-04T21:02:47,P001170|P001970
M007211,Private Villa,2025-12-13T00:18:58,P001989|P000459|P001699
M007212,Downtown Cafe,2025-11-29T17:01:11,P001371|P003231|P002891|P003411|P001931
M007213,Backroom - Lucky Star Bar,2025-09-01T11:03:04,P002739|P003489|P000369|P001819
M007214,Downtown Cafe,2025-09-16T13:15:49,P003146|P002866
M007215,Riverside Docks,2025-07-03T12:13:05,P002509|P000949|P002769|P000999|P001269|P001039
M007216,Abandoned Factory,2025-08-11T21:53:58,P002664|P000804|P002224|P002114|P001014|P002034
M007217,Riverside Docks,2025-11-04T16:44:07,P000439|P000929|P000819|P001229|P001759
M007218,Parking Garage B,2025-03-14T03:54:15,P003107|P002427|P001237
M007219,Private Villa,2025-09-09T01:25:22,P003467|P001947|P001877
M007220,Abandoned Factory,2025-12-01T16:56:11,P000858|P000618|P002588|P000768|P001618|P002848
M007221,Riverside Docks,2025-10-09T20:22:43,P002107|P000797|P002997|P001787
M007222,Parking Garage B,2025-04-26T13:33:55,P002400|P000300|P002060|P001270|P001670|P000030
M007223,Abandoned Factory,2025-12-02T20:53:51,P002960|P002860
M007224,Backroom - Lucky Star Bar,2025-11-17T09:06:17,P001787|P001637|P000947
M007225,Downtown Cafe,2025-12-31T19:06:06,P000631|P001371
M007226,Storage Facility 12,2025-09-08T15:54:44,P002691|P001141|P001991
M007227,Backroom - Lucky Star Bar,2025-04-01T22:40:20,P000301|P002551
M007228,Abandoned Factory,2025-03-12T02:17:51,P002875|P003135|P002555|P002515
M007229,Storage Facility 12,2025-01-11T08:49:01,P002049|P002109|P000449|P000389
M007230,Downtown Cafe,2025-05-18T16:49:04,P003327|P001957|P001637|P002417|P000717|P000857
M007231,Downtown Cafe,2025-06-27T17:30:14,P000718|P002508|P003288|P002518|P002428|P002658
M007232,Parking Garage B,2025-08-07T04:37:14,P002400|P001420|P003320
M007233,Storage Facility 12,2025-09-10T12:04:07,P001353|P000543|P001413
M007234,Warehouse District,2025-03-03T13:27:33,P001550|P000590
M007235,Downtown Cafe,2025-01-09T18:30:34,P000857|P002367|P000797|P002717|P000407|P002477
M007236,Parking Garage B,2025-11-26T22:34:03,P001415|P001995|P000865|P002765|P002575
M007237,Abandoned Factory,2025-04-06T12:59:04,P002108|P002118|P000438|P001498|P000798|P000928
M007238,Private Villa,2025-03-12T02:09:33,P000352|P003022|P000272
M007239,Private Villa,2025-02-10T06:56:54,P000932|P002402|P002412
M007240,Abandoned Factory,2025-08-10T11:40:17,P002808|P001828|P003178|P000918|P000698
M007241,Backroom - Lucky Star Bar,2025-07-23T17:56:59,P001266|P001196
M007242,Warehouse District,2025-04-16T00:11:18,P002480|P002060
M007243,Private Villa,2025-08-18T05:18:05,P002028|P000588
M007244,Private Villa,2025-04-30T23:25:14,P001946|P002376|P000246|P002196|P002686|P000826
M007245,Downtown Cafe,2025-08-24T04:05:15,P001754|P002024|P002294|P003074|P001974|P001224
M007246,Abandoned Factory,2025-11-17T23:29:26,P002049|P000809|P001549|P001209|P000969|P000119
M007247,Downtown Cafe,2025-12-07T05:15:33,P002183|P000163|P003033|P003433
M007248,Warehouse District,2025-01-08T17:09:50,P002407|P000717|P003397|P000397|P002017
M007249,Parking Garage B,2025-07-30T14:03:34,P001601|P001711|P000301|P002371
M007250,Private Villa,2025-12-23T21:36:37,P001327|P003087|P000347
M007251,Backroom - Lucky Star Bar,2025-04-11T09:04:06,P002321|P002241|P002301|P001121
M007252,Riverside Docks,2025-04-06T21:13:02,P002920|P002420|P002830
M007253,Abandoned Factory,2025-12-25T04:35:56,P002113|P003403|P002913
M007254,Private Villa,2025-02-17T10:30:18,P002024|P000114
M007255,Abandoned Factory,2025-06-29T14:54:51,P003116|P003426|P002066
M007256,Parking Garage B,2025-02-03T03:46:52,P002355|P001295|P000895|P000445|P003055
M007257,Parking Garage B,2025-01-04T01:02:34,P001785|P000665|P000925|P001275|P002185|P002775
M007258,Downtown Cafe,2025-12-21T12:06:42,P000089|P003149|P000709|P002679|P000839|P000409
M007259,Abandoned Factory,2025-01-17T15:04:04,P002406|P000506
M007260,Warehouse District,2025-11-21T00:59:27,P000203|P002933|P000843|P001063
M007261,Backroom - Lucky Star Bar,2025-10-09T21:04:33,P000525|P000095|P000865
M007262,Warehouse District,2025-01-23T07:25:21,P002958|P001678|P002448|P002148|P000628|P001938
M007263,Private Villa,2025-09-24T09:23:33,P000160|P000620|P003090|P000840|P001570|P002110
M007264,Warehouse District,2025-11-18T04:42:30,P002959|P001859
M007265,Parking Garage B,2025-02-18T15:35:04,P001148|P002928
M007266,Downtown Cafe,2025-10-16T22:23:52,P001824|P001494|P002764
M007267,Riverside Docks,2025-05-20T00:55:52,P000773|P003223|P000463|P002323|P000763
M007268,Private Villa,2025-06-23T18:38:13,P001403|P000833|P001003|P002403|P002593|P001863
M007269,Backroom - Lucky Star Bar,2025-10-09T06:47:53,P003425|P002395|P001165|P002975|P000275
M007270,Storage Facility 12,2025-11-05T07:08:46,P003277|P003247
M007271,Backroom - Lucky Star Bar,2025-03-22T10:12:28,P000262|P000852|P002652|P002672
M007272,Private Villa,2025-02-19T13:19:33,P000630|P003330|P003080
M007273,Abandoned Factory,2025-01-20T04:10:10,P002422|P003432|P002242|P002072|P000642
M007274,Abandoned Factory,2025-11-02T10:30:29,P000068|P002068|P003388|P000058|P003188
M007275,Storage Facility 12,2025-08-23T01:18:55,P000477|P001437|P000307|P002617|P000787|P000197
M007276,Downtown Cafe,2025-12-12T13:44:53,P001266|P001186|P003166
M007277,Storage Facility 12,2025-02-02T12:12:37,P000475|P000215|P002625
M007278,Riverside Docks,2025-01-11T20:25:10,P000662|P002602|P000862|P002852
M007279,Storage Facility 12,2025-03-10T08:51:05,P000647|P000597|P001327|P001867|P003037
M007280,Private Villa,2025-06-29T05:31:59,P000384|P000534|P002094|P002344|P002524
M007281,Storage Facility 12,2025-03-24T21:28:04,P001323|P003313|P002783|P002333
M007282,Warehouse District,2025-12-03T17:12:37,P000332|P000852
M007283,Private Villa,2025-03-19T08:42:03,P000557|P001707|P002867|P001137|P000667
M007284,Parking Garage B,2025-05-15T02:08:32,P000232|P000322|P000902|P000712|P000582
M007285,Downtown Cafe,2025-06-22T19:30:24,P002461|P001691|P001631
M007286,Downtown Cafe,2025-12-27T02:53:52,P001720|P002130|P003030
M007287,Backroom - Lucky Star Bar,2025-06-07T17:27:07,P001567|P001947|P001887
M007288,Storage Facility 12,2025-03-24T19:14:57,P001257|P001077|P001867|P002257|P001147
M007289,Warehouse District,2025-06-07T16:46:20,P001706|P000306|P001526|P001806
M007290,Warehouse District,2025-02-25T00:25:52,P000272|P000552
M007291,Warehouse District,2025-01-26T00:30:52,P001268|P002228|P003308|P001218|P001968
M007292,Parking Garage B,2025-07-11T10:22:31,P003291|P002651|P003181
M007293,Abandoned Factory,2025-12-03T14:48:45,P000074|P000934|P001244|P000994|P000134|P003324
M007294,Parking Garage B,2025-06-18T18:56:12,P002229|P002369|P002959|P001959|P002059
M007295,Riverside Docks,2025-02-06T23:17:09,P003312|P002862|P002822|P000232
M007296,Downtown Cafe,2025-06-30T12:37:08,P001630|P003090|P002570
M007297,Parking Garage B,2025-06-18T04:13:50,P003239|P002249|P000039|P001539
M007298,Riverside Docks,2025-11-30T08:49:04,P000879|P003299|P000919|P000249
M007299,Warehouse District,2025-08-29T05:58:39,P000842|P002732|P001422
M007300,Abandoned Factory,2025-12-26T12:13:37,P002665|P001525|P002915|P002895|P001765
M007301,Downtown Cafe,2025-02-10T14:29:13,P000427|P002057|P000327
M007302,Storage Facility 12,2025-06-28T18:19:17,P001502|P002352|P001672|P001112|P002682|P001092
M007303,Riverside Docks,2025-09-07T23:49:23,P002369|P003249
M007304,Parking Garage B,2025-12-18T22:00:43,P002125|P000695|P003055
M007305,Downtown Cafe,2025-06-04T07:32:08,P000562|P002652|P001692|P000892
M007306,Abandoned Factory,2025-09-12T02:12:30,P003040|P000900
M007307,Abandoned Factory,2025-06-20T10:42:48,P002437|P002457|P000887|P000407
M007308,Warehouse District,2025-05-20T22:41:17,P003361|P001871
M007309,Backroom - Lucky Star Bar,2025-06-18T14:59:10,P002394|P000914|P002374|P000514|P000054
M007310,Private Villa,2025-02-08T22:48:13,P003484|P002184|P000104|P001534
M007311,Private Villa,2025-06-10T19:21:42,P002653|P002953|P001213|P001603
M007312,Storage Facility 12,2025-03-28T07:55:07,P002198|P002598|P001218|P001128
M007313,Storage Facility 12,2025-02-13T23:29:44,P002621|P000271|P001941|P000641|P001631
M007314,Private Villa,2025-10-06T15:34:45,P002475|P002745|P003105|P001895
M007315,Downtown Cafe,2025-05-18T05:18:20,P000642|P000752|P002452|P001492
M007316,Private Villa,2025-02-22T08:33:44,P003122|P002772
M007317,Riverside Docks,2025-12-04T17:10:58,P002264|P003434|P002404|P001764|P003134|P002234
M007318,Abandoned Factory,2025-03-15T05:38:04,P001546|P002786|P000606|P002996|P000726
M007319,Warehouse District,2025-07-08T07:49:16,P002105|P002135|P000945
M007320,Storage Facility 12,2025-05-31T12:09:14,P003107|P000247|P003427
M007321,Parking Garage B,2025-04-11T04:42:33,P001670|P001250|P001270|P001970|P002010|P001710
M007322,Warehouse District,2025-01-31T19:02:11,P001172|P003052
M007323,Riverside Docks,2025-10-04T23:23:23,P002351|P002421
M007324,Riverside Docks,2025-01-24T14:53:21,P000847|P000107|P002947|P000897|P000177|P001377
M007325,Riverside Docks,2025-06-17T21:38:44,P000483|P001653
M007326,Private Villa,2025-09-02T16:12:22,P001100|P001860|P000220
M007327,Private Villa,2025-08-22T10:48:20,P003313|P003223|P001533|P003433|P000763
M007328,Riverside Docks,2025-06-20T13:20:47,P001878|P002728|P000038|P001538
M007329,Abandoned Factory,2025-11-03T02:47:07,P002185|P002305|P003125|P001415|P003235|P000035
M007330,Private Villa,2025-02-20T17:31:52,P002947|P002897|P003367|P003097|P002187
M007331,Parking Garage B,2025-04-28T02:09:18,P000710|P000970|P000770
M007332,Backroom - Lucky Star Bar,2025-10-01T03:08:47,P001553|P001273|P002673|P001183|P000673
M007333,Downtown Cafe,2025-10-10T18:42:34,P002186|P001706|P002006|P000366
M007334,Warehouse District,2025-07-20T02:57:01,P001663|P001343|P001693|P003333|P001043
M007335,Abandoned Factory,2025-04-27T20:03:46,P002768|P003148|P002888|P001248|P001588|P001818
M007336,Downtown Cafe,2025-08-12T23:13:56,P002666|P000696|P001746|P000946|P003096
M007337,Abandoned Factory,2025-03-12T06:46:50,P002721|P002861|P002651|P001911|P000381|P001771
M007338,Warehouse District,2025-11-21T06:52:13,P002225|P002085|P002125|P000185|P000675|P001935
M007339,Parking Garage B,2025-05-10T19:08:16,P000153|P000513|P003463|P000163
M007340,Abandoned Factory,2025-06-25T11:31:28,P002726|P000056
M007341,Downtown Cafe,2025-10-28T10:42:02,P001818|P003218
M007342,Abandoned Factory,2025-08-02T06:00:33,P000137|P000927|P001617
M007343,Warehouse District,2025-07-06T12:53:29,P002370|P000030|P001330|P000290|P003220|P000020
M007344,Private Villa,2025-01-07T07:24:14,P003139|P001209|P001889|P000599|P002839|P003389
M007345,Parking Garage B,2025-07-25T03:03:30,P000613|P000893|P000443|P003053|P002483|P002083
M007346,Storage Facility 12,2025-07-25T17:07:13,P002875|P002905|P000915
M007347,Private Villa,2025-07-03T02:46:25,P002678|P001258
M007348,Private Villa,2025-10-13T05:32:22,P002715|P000525
M007349,Storage Facility 12,2025-09-22T07:59:01,P000532|P001272|P002722|P002952
M007350,Abandoned Factory,2025-12-04T01:34:51,P002226|P001306
M007351,Private Villa,2025-03-12T01:15:50,P002779|P000929|P002959|P002899|P000229
M007352,Private Villa,2025-12-26T11:30:30,P002935|P000045|P002225
M007353,Warehouse District,2025-09-27T05:02:59,P001868|P002668|P000108|P000188|P001708|P003458
M007354,Downtown Cafe,2025-07-21T15:32:57,P000617|P000707
M007355,Storage Facility 12,2025-04-04T19:22:37,P003273|P000933|P002563
M007356,Parking Garage B,2025-07-26T00:50:02,P003460|P001660|P000660|P003140|P003270|P001860
M007357,Storage Facility 12,2025-04-05T07:39:39,P002589|P002199|P003269
M007358,Storage Facility 12,2025-02-24T00:26:23,P001172|P001272|P001332|P003212
M007359,Private Villa,2025-07-31T05:49:46,P001679|P002129|P000239|P000419
M007360,Abandoned Factory,2025-12-01T04:16:13,P001116|P000826
M007361,Riverside Docks,2025-03-02T04:26:39,P001891|P002291
M007362,Warehouse District,2025-12-15T20:48:20,P003258|P000088|P000968
M007363,Backroom - Lucky Star Bar,2025-06-17T22:19:53,P001565|P000405|P003365|P002925|P001525
M007364,Parking Garage B,2025-08-03T03:42:11,P001834|P003314|P002254|P002934|P001244
M007365,Downtown Cafe,2025-01-06T15:10:36,P002399|P002839|P000939
M007366,Backroom - Lucky Star Bar,2025-11-07T20:33:33,P001371|P002181|P000421|P001431|P002111|P002281
M007367,Private Villa,2025-10-22T21:42:02,P000080|P002730
M007368,Backroom - Lucky Star Bar,2025-04-30T04:34:31,P000261|P001221|P002861|P001181|P003241|P003431
M007369,Downtown Cafe,2025-03-12T10:51:36,P003000|P003160|P000870
M007370,Downtown Cafe,2025-06-19T08:12:54,P001785|P001005
M007371,Backroom - Lucky Star Bar,2025-07-27T10:59:52,P002261|P002781|P003171
M007372,Abandoned Factory,2025-10-26T22:18:26,P001943|P002493|P000783|P000013|P001313
M007373,Downtown Cafe,2025-02-13T07:55:20,P001407|P003257
M007374,Private Villa,2025-09-14T20:54:27,P002699|P001319|P001369
M007375,Private Villa,2025-11-01T11:01:06,P003364|P002454|P003034|P003064
M007376,Backroom - Lucky Star Bar,2025-07-12T21:27:02,P000277|P003077|P002907|P001087|P002187|P003337
M007377,Parking Garage B,2025-08-30T08:48:36,P003016|P001566
M007378,Abandoned Factory,2025-03-26T15:14:01,P000035|P002425|P002345
M007379,Warehouse District,2025-03-31T03:28:14,P001897|P000137|P003027|P003487|P001777|P000817
M007380,Backroom - Lucky Star Bar,2025-05-18T20:06:36,P000854|P000344|P000694
M007381,Warehouse District,2025-06-30T17:12:25,P000040|P003350|P003380|P001660|P002580|P002530
M007382,Storage Facility 12,2025-06-29T16:00:03,P000559|P000159|P000149|P001439|P000629
M007383,Private Villa,2025-07-30T03:32:25,P003366|P000566|P002716|P002046
M007384,Riverside Docks,2025-04-19T04:58:46,P002385|P000765|P002495|P003385
M007385,Abandoned Factory,2025-04-26T03:15:04,P002642|P003432|P003182|P000332|P002252
M007386,Riverside Docks,2025-04-02T00:03:47,P000704|P002124|P002914|P001264
M007387,Private Villa,2025-06-09T03:27:43,P001909|P001099|P003449|P003269
M007388,Private Villa,2025-08-08T11:28:52,P001760|P003100
M007389,Downtown Cafe,2025-01-16T19:41:22,P001426|P003366|P002126
M007390,Abandoned Factory,2025-10-25T23:02:37,P002968|P003418|P002958
M007391,Backroom - Lucky Star Bar,2025-03-12T15:27:26,P000099|P002499|P003319|P001469
M007392,Downtown Cafe,2025-09-14T12:29:37,P002355|P000985|P000925|P003395
M007393,Storage Facility 12,2025-01-16T07:41:50,P001457|P001427|P002517
M007394,Parking Garage B,2025-03-21T01:00:47,P003088|P002168|P003108|P002648|P000588
M007395,Downtown Cafe,2025-01-16T23:07:35,P002541|P000111
M007396,Warehouse District,2025-03-14T07:45:30,P003177|P001957|P001817|P000267|P002227|P000537
M007397,Downtown Cafe,2025-08-30T11:27:54,P000916|P002156|P002706|P001296|P001026|P000296
M007398,Downtown Cafe,2025-06-10T00:03:09,P003035|P001605|P000115
M007399,Backroom - Lucky Star Bar,2025-02-05T22:26:07,P000729|P001949|P000479|P000139|P000239|P001679
M007400,Storage Facility 12,2025-11-15T18:56:30,P000558|P001708
M007401,Parking Garage B,2025-02-01T12:04:34,P000161|P000211|P002031|P001641|P000881|P002271
M007402,Abandoned Factory,2025-01-18T10:21:22,P003268|P002188|P000768|P002418|P001508
M007403,Riverside Docks,2025-06-29T03:56:30,P002116|P001796|P001496|P000896
M007404,Downtown Cafe,2025-03-18T01:18:17,P003263|P001623|P002953|P000163
M007405,Private Villa,2025-11-27T21:49:11,P001177|P000627|P002857|P001047|P000657|P000577
M007406,Private Villa,2025-12-09T21:24:35,P001454|P001814|P000094
M007407,Storage Facility 12,2025-12-10T22:32:19,P001635|P002185|P002855|P000275
M007408,Downtown Cafe,2025-04-09T13:35:18,P001642|P001682|P003482|P001072
M007409,Private Villa,2025-07-16T02:31:27,P002811|P003411|P000441
M007410,Parking Garage B,2025-02-24T10:18:37,P000295|P000705|P003185
M007411,Warehouse District,2025-11-24T11:55:12,P000456|P000076|P003306|P000466|P001386|P003246
M007412,Parking Garage B,2025-02-02T00:23:16,P001828|P002988|P000198|P002868|P002998|P001098
M007413,Private Villa,2025-04-04T06:18:52,P001608|P003228|P002498|P001698|P000818
M007414,Downtown Cafe,2025-04-16T00:05:35,P002596|P003196|P002546|P002246|P001616|P001456
M007415,Storage Facility 12,2025-04-20T23:45:18,P001193|P001953|P002273
M007416,Riverside Docks,2025-02-08T08:07:33,P000977|P002497|P001697
M007417,Parking Garage B,2025-02-28T23:12:52,P002292|P000012
M007418,Backroom - Lucky Star Bar,2025-12-04T21:19:07,P002452|P001502|P002602|P001242|P002132
M007419,Parking Garage B,2025-12-02T12:13:01,P001562|P003072|P001892
M007420,Warehouse District,2025-09-18T00:02:09,P000538|P002598
M007421,Parking Garage B,2025-07-20T14:33:45,P000922|P001292|P001372
M007422,Private Villa,2025-12-01T12:09:05,P003234|P002164|P002624|P002374|P002054
M007423,Storage Facility 12,2025-11-12T15:05:15,P000225|P003175|P002015|P003215|P001495
M007424,Warehouse District,2025-01-17T00:02:01,P002987|P000907|P002427|P001137|P000847
M007425,Parking Garage B,2025-08-31T00:00:25,P001343|P000923|P002763|P001943|P001283|P002433
M007426,Riverside Docks,2025-09-28T02:39:56,P002488|P000118|P002058|P002608|P001028|P001418
M007427,Private Villa,2025-03-07T04:00:40,P001180|P002620|P002110
M007428,Backroom - Lucky Star Bar,2025-07-05T22:25:22,P003274|P000434|P001174|P000304|P002124|P000924
M007429,Abandoned Factory,2025-02-24T20:03:55,P002781|P001271
M007430,Riverside Docks,2025-03-28T13:39:41,P002417|P002197|P000777
M007431,Backroom - Lucky Star Bar,2025-03-04T22:25:01,P002336|P000776|P002896|P003276|P002196
M007432,Riverside Docks,2025-07-30T18:22:01,P000082|P001382|P002972|P001772|P001052|P001362
M007433,Private Villa,2025-03-11T14:39:27,P001550|P000820|P001720|P002240
M007434,Storage Facility 12,2025-01-07T18:19:41,P001152|P001802|P000072
M007435,Riverside Docks,2025-07-25T02:04:59,P003280|P002230|P000400|P000750|P001060
M007436,Parking Garage B,2025-04-07T02:41:22,P001253|P002213|P001213|P002623
M007437,Downtown Cafe,2025-09-26T20:44:46,P001569|P002099|P000569|P002399|P002589
M007438,Downtown Cafe,2025-03-27T09:09:42,P001850|P003190|P002810|P002780
M007439,Abandoned Factory,2025-07-20T15:50:37,P000847|P002877|P000547
M007440,Downtown Cafe,2025-05-29T22:59:14,P002325|P002035
M007441,Downtown Cafe,2025-05-11T02:01:45,P000754|P003394|P002584|P001674
M007442,Abandoned Factory,2025-08-21T02:36:28,P000832|P001012|P003472|P000062|P000932
M007443,Riverside Docks,2025-02-10T10:00:32,P000225|P001975|P000265
M007444,Warehouse District,2025-12-18T05:27:01,P002515|P000615|P000495|P000465
M007445,Abandoned Factory,2025-02-10T05:47:33,P000065|P000395|P002385|P002405|P000005
M007446,Downtown Cafe,2025-09-09T20:43:53,P002784|P001774
M007447,Parking Garage B,2025-03-21T07:25:30,P002425|P002175
M007448,Warehouse District,2025-02-14T15:33:32,P003204|P002944|P002354|P002704|P000434|P002404
M007449,Warehouse District,2025-07-23T17:42:59,P002431|P001791|P003211
M007450,Backroom - Lucky Star Bar,2025-06-25T01:47:18,P000871|P002011|P002941|P000901
M007451,Backroom - Lucky Star Bar,2025-03-07T08:20:48,P000602|P000792|P000672|P001602|P000842
M007452,Riverside Docks,2025-12-24T00:01:54,P001652|P001382|P002882|P002812
M007453,Private Villa,2025-03-17T02:51:41,P000420|P001460|P000050|P002730|P000140|P002650
M007454,Riverside Docks,2025-12-23T11:10:22,P002991|P000441|P002561|P000901
M007455,Abandoned Factory,2025-06-03T02:06:38,P002893|P000113
M007456,Private Villa,2025-05-07T05:07:58,P003042|P000382|P001602|P000972
M007457,Storage Facility 12,2025-07-16T21:25:07,P003173|P000143
M007458,Warehouse District,2025-01-14T17:24:11,P003312|P003072|P003202|P001022|P003182|P001372
M007459,Storage Facility 12,2025-08-13T17:32:32,P001615|P002735|P002185|P001365|P000025
M007460,Downtown Cafe,2025-06-17T03:35:45,P002564|P002484|P003134|P003494
M007461,Backroom - Lucky Star Bar,2025-10-29T01:36:09,P003401|P003091|P003051|P002501|P001181|P000571
M007462,Downtown Cafe,2025-05-17T00:44:50,P000574|P000384|P000734
M007463,Backroom - Lucky Star Bar,2025-02-19T22:40:58,P003298|P003358|P001798|P002028|P003028|P002158
M007464,Backroom - Lucky Star Bar,2025-08-14T18:11:29,P000717|P000487|P002237|P002977|P001917|P002497
M007465,Riverside Docks,2025-04-03T23:07:52,P000987|P000867|P002647|P001707|P002777|P003307
M007466,Private Villa,2025-08-28T03:21:25,P000404|P000754|P001144|P001104
M007467,Riverside Docks,2025-06-02T20:10:17,P001446|P001996|P002026|P000056|P001956|P000926
M007468,Backroom - Lucky Star Bar,2025-05-12T12:49:43,P003361|P002671|P000501|P000701|P001041|P001351
M007469,Downtown Cafe,2025-09-17T23:24:34,P000492|P000302
M007470,Warehouse District,2025-05-05T04:07:01,P000593|P001703|P002353
M007471,Storage Facility 12,2025-11-14T22:52:38,P000411|P001511|P000741|P000241
M007472,Warehouse District,2025-04-26T07:37:43,P002315|P003055|P003295|P000255
M007473,Abandoned Factory,2025-05-28T04:50:01,P002533|P002063|P002563|P000713|P000503|P001473
M007474,Downtown Cafe,2025-03-04T22:20:57,P003121|P000671
M007475,Abandoned Factory,2025-05-26T03:51:19,P000884|P001604|P002294|P003184
M007476,Riverside Docks,2025-09-03T07:14:09,P003201|P001211|P000921|P000211|P001431
M007477,Downtown Cafe,2025-04-09T01:31:34,P003327|P001347|P000447|P002317|P003207|P003227
M007478,Downtown Cafe,2025-01-22T08:57:16,P000814|P001334|P000054
M007479,Abandoned Factory,2025-01-13T03:55:54,P001437|P000197|P000567|P000437|P000457|P000587
M007480,Storage Facility 12,2025-01-06T05:43:33,P001991|P001401|P000391
M007481,Abandoned Factory,2025-10-12T00:52:37,P001345|P003005|P002075|P002835
M007482,Private Villa,2025-07-31T00:17:26,P002587|P001097
M007483,Warehouse District,2025-05-24T22:28:01,P003205|P000955
M007484,Storage Facility 12,2025-10-19T12:10:26,P003148|P001758|P000628
M007485,Downtown Cafe,2025-11-01T01:22:32,P002081|P000811
M007486,Storage Facility 12,2025-01-08T09:47:34,P001629|P002759
M007487,Backroom - Lucky Star Bar,2025-05-23T17:55:23,P003165|P002205|P000015
M007488,Private Villa,2025-01-07T18:58:16,P002384|P001964|P000374
M007489,Private Villa,2025-11-18T23:26:24,P000036|P003306|P001016|P003156|P002606
M007490,Backroom - Lucky Star Bar,2025-02-28T07:05:00,P000310|P003340|P000110
M007491,Downtown Cafe,2025-10-26T06:59:17,P001822|P001472|P000372|P001272|P001812|P000892
M007492,Warehouse District,2025-07-02T02:59:55,P002514|P003294|P002094|P003254|P001434|P001354
M007493,Parking Garage B,2025-05-06T02:26:51,P001483|P003423|P001363|P002223|P002083|P002353
M007494,Private Villa,2025-01-31T11:46:40,P000240|P000180
M007495,Parking Garage B,2025-06-16T23:13:53,P002137|P000807|P000707|P000557
M007496,Private Villa,2025-06-17T05:02:52,P003397|P003087
M007497,Downtown Cafe,2025-04-04T17:50:47,P000581|P003041
M007498,Parking Garage B,2025-03-02T02:04:23,P002874|P001874|P000444|P002944
M007499,Storage Facility 12,2025-07-10T14:45:09,P003179|P002089|P002099|P001819|P002809|P000399
M007500,Riverside Docks,2025-07-11T15:28:00,P003252|P000012
M007501,Abandoned Factory,2025-10-30T12:42:01,P002215|P000935|P000145
M007502,Riverside Docks,2025-06-09T23:59:13,P003152|P000492|P001312|P001692|P000252
M007503,Parking Garage B,2025-05-31T19:37:11,P001224|P000104|P000144|P001614|P002024
M007504,Backroom - Lucky Star Bar,2025-06-05T02:57:41,P000565|P003185|P002075|P001545|P002235
M007505,Private Villa,2025-07-24T16:35:41,P001696|P000266|P002306|P002916
M007506,Abandoned Factory,2025-07-04T22:52:10,P001433|P002813|P000573|P002523|P001633
M007507,Backroom - Lucky Star Bar,2025-01-28T04:57:17,P001620|P001470|P002180|P001610|P000660|P002070
M007508,Backroom - Lucky Star Bar,2025-12-15T12:33:26,P003119|P002829|P002149|P001829
M007509,Storage Facility 12,2025-11-11T06:28:10,P001043|P001933
M007510,Backroom - Lucky Star Bar,2025-12-05T14:23:56,P002739|P001069|P002469|P000629|P001659
M007511,Riverside Docks,2025-07-01T01:14:23,P001338|P001108|P001168
M007512,Downtown Cafe,2025-01-05T00:08:59,P003001|P000761|P000821|P000771|P002051
M007513,Riverside Docks,2025-12-06T10:07:04,P001269|P001409
M007514,Storage Facility 12,2025-01-20T16:39:58,P002281|P001871
M007515,Warehouse District,2025-03-30T16:39:43,P000076|P003056|P000086|P003196|P003186|P000486
M007516,Warehouse District,2025-08-16T09:24:57,P003317|P003447|P003127|P001997
M007517,Storage Facility 12,2025-08-18T03:22:34,P000185|P001715|P002735
M007518,Warehouse District,2025-04-18T05:57:20,P001486|P000046|P000486|P001646|P002136|P000216
M007519,Riverside Docks,2025-07-31T00:50:20,P000397|P002077|P000887|P001047|P001097
M007520,Private Villa,2025-10-25T14:42:30,P000277|P002767|P001997|P002617|P002697
M007521,Parking Garage B,2025-04-11T18:59:23,P000188|P000198
M007522,Riverside Docks,2025-03-02T05:28:16,P000448|P000808|P001618|P001728|P002308
M007523,Warehouse District,2025-04-11T01:22:36,P002363|P000573|P000003|P000823|P002953
M007524,Private Villa,2025-01-15T04:54:46,P001254|P002444|P002614
M007525,Private Villa,2025-10-09T11:51:54,P001248|P002878
M007526,Downtown Cafe,2025-03-05T23:38:20,P001476|P002736
M007527,Downtown Cafe,2025-05-07T08:07:12,P002575|P000265|P000465|P000195
M007528,Abandoned Factory,2025-10-23T04:48:56,P003467|P001727|P003397|P001267
M007529,Backroom - Lucky Star Bar,2025-04-17T01:06:42,P002630|P001640|P000090
M007530,Downtown Cafe,2025-01-29T04:35:53,P000919|P002129|P001849|P001149|P001259
M007531,Parking Garage B,2025-12-23T18:07:37,P000541|P003251|P001581|P002021|P003061
M007532,Backroom - Lucky Star Bar,2025-12-23T19:39:58,P000309|P000359
M007533,Storage Facility 12,2025-07-19T16:56:25,P000243|P001413|P002363|P002303
M007534,Storage Facility 12,2025-02-02T05:57:38,P001599|P000049|P001309|P000999
M007535,Storage Facility 12,2025-07-08T08:21:17,P001916|P002476|P002936|P001216|P001356
M007536,Parking Garage B,2025-09-27T22:09:49,P002666|P001936
M007537,Riverside Docks,2025-11-11T23:36:49,P001080|P002270|P000260|P003290|P001910
M007538,Abandoned Factory,2025-01-12T15:52:20,P002822|P002772|P001572|P001982|P001682
M007539,Abandoned Factory,2025-02-09T20:25:58,P000055|P000565|P003365|P003195|P003105|P001805
M007540,Backroom - Lucky Star Bar,2025-10-10T02:27:42,P003421|P002161
M007541,Warehouse District,2025-05-03T06:47:33,P002898|P001258
M007542,Downtown Cafe,2025-03-15T05:35:02,P001365|P002145
M007543,Private Villa,2025-04-01T19:40:11,P003390|P002310|P000780|P002410|P000630|P002190
M007544,Private Villa,2025-11-21T14:57:56,P002986|P001816|P000366|P001006|P002956|P003206
M007545,Riverside Docks,2025-12-19T08:35:34,P000188|P003038
M007546,Storage Facility 12,2025-05-21T03:22:06,P000204|P001834|P000774|P002784
M007547,Parking Garage B,2025-06-29T20:59:19,P003286|P002856|P000956|P001146|P001626
M007548,Backroom - Lucky Star Bar,2025-05-08T15:29:20,P001886|P000796
M007549,Riverside Docks,2025-02-08T21:51:13,P000748|P002928|P000898|P000168|P002638
M007550,Downtown Cafe,2025-09-19T02:02:05,P000331|P003321|P001411
M007551,Riverside Docks,2025-12-06T15:28:20,P002894|P002154|P000804|P000674|P002624|P002864
M007552,Parking Garage B,2025-03-14T23:38:53,P003044|P000724|P002384
M007553,Warehouse District,2025-08-30T10:16:05,P002680|P002790|P000700|P000380|P003210
M007554,Abandoned Factory,2025-03-15T03:49:43,P001349|P002809
M007555,Private Villa,2025-08-04T13:41:16,P001397|P001597
M007556,Storage Facility 12,2025-10-08T00:10:50,P002041|P000401
M007557,Parking Garage B,2025-03-23T19:31:21,P001621|P001061
M007558,Abandoned Factory,2025-02-15T17:47:26,P002304|P003294|P002734|P001224|P002624
M007559,Storage Facility 12,2025-04-19T16:23:01,P001243|P002373|P000953|P001323|P002383
M007560,Private Villa,2025-11-13T08:34:50,P002114|P001954|P001274|P003034
M007561,Backroom - Lucky Star Bar,2025-04-28T08:24:43,P000114|P000924|P000794|P000414|P001784
M007562,Warehouse District,2025-08-09T07:21:13,P002590|P002110
M007563,Backroom - Lucky Star Bar,2025-07-31T04:48:16,P000896|P001196|P001006|P003196
M007564,Parking Garage B,2025-10-16T19:20:36,P002023|P003293|P000833
M007565,Storage Facility 12,2025-09-22T03:44:53,P000621|P002481|P003101|P001821
M007566,Abandoned Factory,2025-04-18T21:26:48,P000907|P002437|P002047
M007567,Backroom - Lucky Star Bar,2025-07-10T22:52:26,P000600|P002570|P001520|P000160|P002280
M007568,Parking Garage B,2025-06-25T07:10:06,P001945|P003335|P002555
M007569,Parking Garage B,2025-05-31T19:15:55,P000421|P002281|P000021|P002111
M007570,Warehouse District,2025-03-16T04:42:47,P002367|P001227|P000847|P001657|P003317|P002787
M007571,Backroom - Lucky Star Bar,2025-06-04T14:32:08,P003380|P002490|P002410|P000820
M007572,Abandoned Factory,2025-11-14T04:31:38,P001753|P000573|P002803|P003153|P001843|P003213
M007573,Abandoned Factory,2025-11-21T04:56:31,P003142|P000672|P002082|P002962|P000302|P000312
M007574,Downtown Cafe,2025-07-22T07:57:23,P001281|P002451
M007575,Warehouse District,2025-02-12T09:48:47,P001499|P003229|P003279|P000269|P000749|P003159
M007576,Private Villa,2025-12-25T03:09:50,P002141|P002191|P000721
M007577,Backroom - Lucky Star Bar,2025-08-01T19:39:38,P003447|P001787|P002047|P000897
M007578,Parking Garage B,2025-04-19T02:20:32,P001650|P000470|P000810|P001990|P002790|P000220
M007579,Abandoned Factory,2025-06-12T10:04:06,P003489|P003309|P001019
M007580,Downtown Cafe,2025-05-21T09:38:47,P002717|P002527|P001607
M007581,Private Villa,2025-05-12T06:12:23,P001463|P000723|P001173
M007582,Private Villa,2025-07-24T22:54:28,P002122|P002542|P001112
M007583,Backroom - Lucky Star Bar,2025-07-03T09:31:09,P003287|P002607|P003367|P001617
M007584,Parking Garage B,2025-01-03T15:24:02,P001588|P001278|P000928|P003488|P000158|P002688
M007585,Storage Facility 12,2025-03-21T21:21:38,P001127|P003257|P001607|P002487
M007586,Storage Facility 12,2025-10-01T02:01:51,P001236|P000776|P001906
M007587,Private Villa,2025-03-04T06:41:10,P001457|P002547
M007588,Parking Garage B,2025-11-22T10:23:53,P003021|P002871|P003051|P002481
M007589,Private Villa,2025-01-12T10:49:59,P002819|P000599|P002379
M007590,Storage Facility 12,2025-12-31T03:31:48,P000668|P000078
M007591,Riverside Docks,2025-04-21T03:04:58,P000384|P001774|P001344
M007592,Warehouse District,2025-08-22T01:01:04,P002490|P000560|P000620|P001620|P000720|P001550
M007593,Parking Garage B,2025-11-17T01:39:05,P001715|P003445|P002755
M007594,Warehouse District,2025-03-19T05:44:30,P000545|P000425|P001805
M007595,Abandoned Factory,2025-05-31T13:09:06,P001458|P000888|P002798|P000898|P003218
M007596,Abandoned Factory,2025-11-25T00:33:04,P002489|P001649
M007597,Storage Facility 12,2025-03-15T15:35:25,P001684|P000694
M007598,Storage Facility 12,2025-07-09T19:20:40,P000449|P001469|P000539|P000809
M007599,Riverside Docks,2025-02-04T18:57:16,P000920|P002640|P002890
M007600,Private Villa,2025-02-23T11:24:39,P001209|P000999|P002539|P002809|P000049|P000359
M007601,Private Villa,2025-02-17T07:40:37,P002480|P000850|P002770|P000340|P001990
M007602,Storage Facility 12,2025-11-13T14:25:40,P001898|P002588|P002168|P002928
M007603,Private Villa,2025-08-07T04:39:43,P001909|P000239|P002369|P002909
M007604,Downtown Cafe,2025-10-18T22:10:09,P001960|P003250|P000180|P003470|P000630|P002270
M007605,Warehouse District,2025-08-22T09:37:36,P000194|P000514|P002784|P003424|P001884|P003034
M007606,Private Villa,2025-06-02T18:58:43,P000364|P001174
M007607,Downtown Cafe,2025-09-07T09:04:40,P001370|P001110|P002130|P001630|P000720
M007608,Riverside Docks,2025-05-27T15:03:02,P002083|P000353|P000473|P002453
M007609,Storage Facility 12,2025-05-25T20:29:39,P002401|P003481|P000311|P003161|P001191
M007610,Riverside Docks,2025-11-24T04:42:43,P002745|P002015|P002615
M007611,Storage Facility 12,2025-02-28T13:47:59,P001426|P000846|P001276|P000616|P000586|P003436
M007612,Warehouse District,2025-01-31T17:28:28,P000455|P002195|P001075|P000955|P002735
M007613,Backroom - Lucky Star Bar,2025-01-31T15:08:15,P001331|P001301|P001531|P000591|P001161
M007614,Backroom - Lucky Star Bar,2025-10-26T15:33:43,P002711|P001541|P000941|P002571|P002431|P002591
M007615,Parking Garage B,2025-11-07T02:28:27,P001477|P001857|P000637
M007616,Abandoned Factory,2025-05-16T15:55:00,P002017|P002827|P002127|P002837|P001967|P001237
M007617,Backroom - Lucky Star Bar,2025-01-03T17:19:50,P000599|P002819
M007618,Private Villa,2025-08-26T09:50:49,P000335|P001285
M007619,Private Villa,2025-05-10T02:33:09,P001706|P001046
M007620,Private Villa,2025-11-04T09:32:01,P001812|P002902
M007621,Warehouse District,2025-09-03T14:44:22,P001313|P000583|P000703|P002013|P001623
M007622,Warehouse District,2025-11-02T12:11:37,P003343|P001253|P001933
M007623,Storage Facility 12,2025-01-05T02:23:58,P001594|P002424|P000454|P000844
M007624,Warehouse District,2025-02-19T09:20:37,P001163|P000213
M007625,Backroom - Lucky Star Bar,2025-01-31T18:45:38,P000199|P000059|P001819|P001339|P000409
M007626,Private Villa,2025-03-27T07:35:35,P001809|P000029|P003169|P000589|P002509|P001419
M007627,Storage Facility 12,2025-10-12T18:55:24,P003019|P003189|P000319|P002499|P002219
M007628,Storage Facility 12,2025-11-14T10:45:40,P000612|P000792|P002542|P003102|P002752|P001602
M007629,Riverside Docks,2025-09-21T11:11:11,P002880|P000340
M007630,Warehouse District,2025-06-22T18:16:33,P001995|P001885|P000715|P003085|P000805|P002105
M007631,Private Villa,2025-10-20T22:05:49,P002493|P001793
M007632,Riverside Docks,2025-05-02T11:52:59,P002276|P002686
M007633,Riverside Docks,2025-09-24T12:02:57,P002645|P000015|P002405|P003065|P000115
M007634,Private Villa,2025-12-02T20:42:44,P000600|P002260
M007635,Storage Facility 12,2025-07-23T14:06:13,P000200|P000520|P001690|P001400|P000640|P000080
M007636,Downtown Cafe,2025-10-15T01:30:24,P000019|P001719|P003109|P002759|P003169|P000709
M007637,Storage Facility 12,2025-08-02T08:29:27,P001601|P000341|P002531|P002101
M007638,Storage Facility 12,2025-11-09T18:58:04,P000161|P000341|P001981|P000521
M007639,Storage Facility 12,2025-04-21T17:32:07,P002607|P001887|P001917|P001117|P001357
M007640,Warehouse District,2025-05-18T20:16:36,P001213|P000873|P002973|P003183
M007641,Riverside Docks,2025-02-28T17:24:07,P000990|P002340|P000680|P000060
M007642,Abandoned Factory,2025-08-21T09:37:58,P002026|P001436|P001826
M007643,Storage Facility 12,2025-09-23T03:43:13,P000328|P002858|P000728|P002298|P002698
M007644,Storage Facility 12,2025-04-10T06:44:24,P002408|P001898|P002138|P002738
M007645,Storage Facility 12,2025-01-02T18:28:55,P003146|P002156
M007646,Backroom - Lucky Star Bar,2025-03-03T09:40:15,P002400|P000930|P000800
M007647,Riverside Docks,2025-07-07T16:05:51,P001738|P003068|P000658
M007648,Downtown Cafe,2025-12-17T22:05:26,P001456|P003336|P002046
M007649,Warehouse District,2025-06-24T11:23:27,P002255|P002645|P002685|P000765
M007650,Private Villa,2025-08-20T13:55:16,P001411|P000821|P001531
M007651,Backroom - Lucky Star Bar,2025-02-24T21:18:26,P000747|P002597
M007652,Storage Facility 12,2025-08-23T17:16:13,P002174|P002204|P001644|P000274|P001374|P003014
M007653,Storage Facility 12,2025-06-08T21:36:03,P001154|P002054|P002034
M007654,Private Villa,2025-06-25T08:41:38,P001380|P002570|P001590|P002210
M007655,Backroom - Lucky Star Bar,2025-03-26T03:18:32,P001033|P000683|P002493|P001583
M007656,Backroom - Lucky Star Bar,2025-05-01T09:26:27,P001494|P001734
M007657,Riverside Docks,2025-04-25T20:39:44,P002076|P000776
M007658,Parking Garage B,2025-01-03T06:42:41,P001496|P003076|P000826|P003156|P000966|P002666
M007659,Abandoned Factory,2025-02-01T01:39:16,P002937|P001317|P003217|P001927|P003157|P001507
M007660,Riverside Docks,2025-01-04T00:31:09,P001764|P001494
M007661,Downtown Cafe,2025-09-05T00:06:36,P002552|P002702|P002022|P001442|P000382
M007662,Riverside Docks,2025-08-26T12:26:47,P002682|P001872|P003062|P001792|P000732
M007663,Downtown Cafe,2025-03-08T14:57:10,P000482|P000452|P003462|P000132|P000152
M007664,Downtown Cafe,2025-11-12T00:28:46,P002085|P002425|P001765|P002365|P000825
M007665,Abandoned Factory,2025-12-20T17:30:54,P002793|P000793|P001183|P002303|P001363
M007666,Abandoned Factory,2025-01-28T23:26:17,P001203|P000983|P002883|P000843|P000123|P000793
M007667,Parking Garage B,2025-10-23T22:26:04,P001687|P003107|P000647
M007668,Riverside Docks,2025-06-28T23:08:35,P001375|P003445|P002085
M007669,Riverside Docks,2025-05-26T09:27:46,P000035|P001715|P000325|P001315
M007670,Downtown Cafe,2025-10-20T08:34:51,P000044|P000554|P002684|P001964
M007671,Private Villa,2025-04-25T11:11:21,P003149|P002689
M007672,Downtown Cafe,2025-01-19T14:10:32,P003272|P002552|P001302|P003352|P002142
M007673,Downtown Cafe,2025-08-05T09:46:56,P000153|P001633|P002183
M007674,Warehouse District,2025-09-01T16:05:09,P000060|P002570|P001790|P001770|P000500
M007675,Riverside Docks,2025-10-08T05:34:25,P000284|P002884|P001774
M007676,Abandoned Factory,2025-11-25T00:14:45,P000873|P000723|P002843|P000273
M007677,Warehouse District,2025-09-17T16:07:09,P000496|P000376
M007678,Private Villa,2025-06-17T21:24:30,P001760|P000790|P000880|P003000|P002970|P002790
M007679,Backroom - Lucky Star Bar,2025-01-13T14:52:04,P000818|P000508
M007680,Storage Facility 12,2025-12-25T01:02:33,P001676|P000596
M007681,Riverside Docks,2025-09-10T07:32:54,P002340|P002970|P002220|P002880|P002470|P003220
M007682,Parking Garage B,2025-11-28T06:34:25,P000942|P001362|P000852
M007683,Private Villa,2025-09-03T11:03:20,P001511|P002421|P001981|P003471|P002381
M007684,Storage Facility 12,2025-08-15T11:56:48,P001105|P002005|P000845|P000255|P000125
M007685,Parking Garage B,2025-05-14T18:09:30,P002703|P001123|P000933
M007686,Downtown Cafe,2025-09-01T15:50:16,P003423|P000103|P000313|P000523|P002723|P001583
M007687,Backroom - Lucky Star Bar,2025-10-05T23:57:53,P001371|P001691|P000341|P000741|P003141|P000221
M007688,Storage Facility 12,2025-01-23T06:01:56,P002814|P001694|P000264|P002084|P001344|P001304
M007689,Abandoned Factory,2025-04-18T06:53:42,P002768|P000048|P000928
M007690,Abandoned Factory,2025-05-09T03:11:38,P002555|P003175|P002385
M007691,Storage Facility 12,2025-08-25T15:46:40,P002339|P000799
M007692,Abandoned Factory,2025-03-02T00:00:26,P003006|P000306
M007693,Warehouse District,2025-08-02T20:57:21,P000408|P001458
M007694,Warehouse District,2025-05-19T19:43:22,P002820|P002080|P002790|P001770|P001150
M007695,Parking Garage B,2025-12-26T08:23:57,P002654|P001744|P001834|P001214|P002904|P003314
M007696,Storage Facility 12,2025-06-27T20:45:22,P000932|P001862|P002392|P003222|P002172
M007697,Riverside Docks,2025-03-31T03:25:57,P000068|P003238
M007698,Warehouse District,2025-04-01T11:57:54,P000306|P001076|P000236|P001686
M007699,Backroom - Lucky Star Bar,2025-01-23T08:45:08,P000044|P001834
M007700,Storage Facility 12,2025-07-31T11:50:49,P002757|P001437|P003477|P003017
M007701,Backroom - Lucky Star Bar,2025-07-04T22:48:21,P000177|P001257|P003147|P001837
M007702,Parking Garage B,2025-08-21T21:45:40,P001526|P001986
M007703,Private Villa,2025-12-14T07:49:37,P000614|P002454|P002494|P002064|P001764|P002624
M007704,Private Villa,2025-09-10T07:19:28,P002560|P000930|P001160|P003100
M007705,Riverside Docks,2025-01-28T18:30:31,P002894|P001054|P000524|P000084|P000664|P002704
M007706,Riverside Docks,2025-06-13T13:08:51,P003174|P000404|P001604
M007707,Warehouse District,2025-07-11T23:31:45,P001972|P000882|P002142|P001702
M007708,Private Villa,2025-07-13T11:33:00,P003074|P001824|P001434|P002894|P001294|P001794
M007709,Storage Facility 12,2025-06-08T17:46:18,P003121|P002261
M007710,Warehouse District,2025-08-02T12:14:56,P002530|P001510
M007711,Backroom - Lucky Star Bar,2025-05-28T21:34:17,P000761|P000361|P001771
M007712,Abandoned Factory,2025-11-15T23:01:38,P003260|P000200
M007713,Riverside Docks,2025-01-05T11:45:11,P002087|P000637
M007714,Backroom - Lucky Star Bar,2025-11-28T16:59:07,P000650|P000770
M007715,Storage Facility 12,2025-07-22T12:24:53,P003463|P001703|P002983
M007716,Private Villa,2025-08-05T10:29:38,P002386|P001756|P003416
M007717,Parking Garage B,2025-06-12T17:05:38,P000034|P001404|P002014
M007718,Backroom - Lucky Star Bar,2025-08-10T02:26:57,P003040|P002650
M007719,Riverside Docks,2025-06-18T19:45:15,P000116|P000226|P002856|P000566
M007720,Parking Garage B,2025-10-16T09:29:29,P000743|P000023|P001173|P002793
M007721,Backroom - Lucky Star Bar,2025-03-07T08:44:20,P002539|P002329
M007722,Parking Garage B,2025-07-14T15:28:57,P002777|P001317|P002477|P000167|P001947|P000847
M007723,Riverside Docks,2025-12-06T05:42:37,P003385|P000115|P001645|P001985|P002945|P000195
M007724,Downtown Cafe,2025-08-31T14:44:22,P000534|P000834|P000334|P000214|P002884|P000144
M007725,Private Villa,2025-05-04T21:31:00,P002721|P000561
M007726,Private Villa,2025-01-07T14:26:51,P000126|P001306
M007727,Private Villa,2025-05-28T15:39:59,P000243|P002053|P003333
M007728,Backroom - Lucky Star Bar,2025-10-12T08:05:28,P001277|P002637
M007729,Backroom - Lucky Star Bar,2025-05-06T04:27:40,P000727|P002147|P000417|P000667
M007730,Storage Facility 12,2025-05-08T23:59:25,P002937|P001467|P002467|P003117
M007731,Backroom - Lucky Star Bar,2025-06-25T20:46:36,P002288|P003098|P003478|P002838
M007732,Downtown Cafe,2025-11-27T07:44:50,P002097|P001727|P000747
M007733,Abandoned Factory,2025-06-03T12:43:18,P000820|P000590|P002390|P002410|P000270
M007734,Storage Facility 12,2025-03-27T21:56:47,P002795|P001025|P002615
M007735,Downtown Cafe,2025-10-05T17:49:48,P003458|P000108|P000428|P003338|P000078|P001358
M007736,Backroom - Lucky Star Bar,2025-02-13T04:59:55,P002079|P000009|P000079|P000309
M007737,Downtown Cafe,2025-03-13T21:46:01,P002579|P000429|P002219|P000919|P003249
M007738,Backroom - Lucky Star Bar,2025-02-20T17:48:56,P000665|P002845
M007739,Downtown Cafe,2025-07-10T17:23:12,P001902|P000472|P002222|P003492
M007740,Storage Facility 12,2025-08-04T23:51:33,P001666|P001226|P000176|P000306
M007741,Parking Garage B,2025-05-25T20:53:53,P001568|P001988|P002468|P002718
M007742,Riverside Docks,2025-01-16T21:55:55,P000778|P002928|P002358
M007743,Backroom - Lucky Star Bar,2025-02-08T09:40:41,P001193|P002283|P002203|P002053|P003303|P000023
M007744,Warehouse District,2025-07-16T08:36:38,P002752|P000842|P000342|P001302|P001012|P000332
M007745,Storage Facility 12,2025-11-09T12:25:30,P002073|P001843|P001883
M007746,Abandoned Factory,2025-06-25T20:32:03,P003078|P002668|P000668|P002378
M007747,Downtown Cafe,2025-10-07T15:00:56,P002765|P000115|P001965|P001145|P000005
M007748,Backroom - Lucky Star Bar,2025-10-09T18:53:49,P000728|P002608|P000018|P003038|P001568
M007749,Parking Garage B,2025-06-12T20:56:26,P001230|P000100|P003470|P000960
M007750,Abandoned Factory,2025-04-03T10:14:37,P002753|P002813
M007751,Warehouse District,2025-09-26T00:49:04,P001753|P003083|P002413|P000583
M007752,Abandoned Factory,2025-07-29T06:45:52,P000233|P001463|P003383|P002833|P002093|P001253
M007753,Parking Garage B,2025-08-08T12:17:53,P001545|P000425|P002515
M007754,Storage Facility 12,2025-02-26T17:34:06,P001882|P002632|P002202
M007755,Parking Garage B,2025-07-27T08:18:14,P001455|P001955|P000895|P001475
M007756,Abandoned Factory,2025-04-03T09:24:33,P003298|P001628|P003318|P000708
M007757,Private Villa,2025-11-21T16:56:21,P001154|P002144
M007758,Private Villa,2025-06-30T04:44:14,P000582|P000882
M007759,Downtown Cafe,2025-02-28T07:40:24,P001731|P001621|P003021|P000331
M007760,Warehouse District,2025-02-02T07:30:52,P002180|P002490|P000660|P001090|P001900
M007761,Abandoned Factory,2025-11-06T15:31:15,P000471|P000491|P001931|P003261
M007762,Riverside Docks,2025-09-12T04:25:18,P003257|P001407|P000497|P000137|P001077|P000597
M007763,Backroom - Lucky Star Bar,2025-08-08T19:24:12,P002682|P002022|P002152
M007764,Private Villa,2025-01-20T04:33:42,P000828|P003318|P003458
M007765,Riverside Docks,2025-08-24T15:48:03,P002911|P000781|P001771|P001061
M007766,Riverside Docks,2025-08-26T10:15:48,P001903|P002863
M007767,Storage Facility 12,2025-06-26T01:53:14,P000469|P002429|P002069
M007768,Downtown Cafe,2025-04-10T20:04:24,P002619|P000299|P000229|P000509|P002409|P000969
M007769,Warehouse District,2025-06-12T07:48:11,P001254|P000134|P002854
M007770,Backroom - Lucky Star Bar,2025-09-12T17:31:53,P000327|P003337|P001137|P000977
M007771,Private Villa,2025-12-14T00:02:28,P001196|P000316|P000256|P000426|P001836
M007772,Downtown Cafe,2025-07-27T15:38:32,P002730|P002430|P001650|P000940
M007773,Downtown Cafe,2025-02-15T06:42:49,P000724|P002614|P003224
M007774,Backroom - Lucky Star Bar,2025-01-01T00:04:07,P000594|P000974|P001294
M007775,Abandoned Factory,2025-01-03T11:02:08,P002991|P002731|P000641
M007776,Abandoned Factory,2025-11-13T02:27:48,P001566|P003366|P001256|P001046|P003026|P001586
M007777,Riverside Docks,2025-07-16T00:39:08,P002463|P002353|P002143|P002243|P000843
M007778,Riverside Docks,2025-04-21T05:21:35,P001639|P003399|P000999|P003309
M007779,Private Villa,2025-10-20T12:30:25,P000174|P002414|P003054
M007780,Abandoned Factory,2025-04-15T18:46:19,P002230|P003310|P001030|P002210|P002960|P001680
M007781,Private Villa,2025-06-26T21:28:47,P002318|P001318|P002108
M007782,Riverside Docks,2025-03-27T12:49:14,P002988|P000048|P000198
M007783,Abandoned Factory,2025-12-23T17:08:51,P002317|P003327|P002307|P001027
M007784,Storage Facility 12,2025-10-18T10:38:03,P002345|P001325|P001595|P000155|P003135|P002695
M007785,Private Villa,2025-10-14T15:43:13,P001038|P002158|P002478|P000638
M007786,Warehouse District,2025-02-10T05:53:25,P000783|P000843
M007787,Storage Facility 12,2025-01-10T04:44:08,P003205|P001695
M007788,Abandoned Factory,2025-08-13T18:44:03,P001509|P002759|P001379|P003309|P002139
M007789,Parking Garage B,2025-05-03T03:46:31,P002717|P003417|P000177|P001267|P001177
M007790,Warehouse District,2025-07-19T16:01:48,P001354|P000194|P001384|P002084
M007791,Backroom - Lucky Star Bar,2025-10-24T15:16:45,P000384|P002004|P001054|P000904|P003334
M007792,Downtown Cafe,2025-11-30T19:09:15,P000387|P001067
M007793,Downtown Cafe,2025-05-03T10:43:42,P001770|P003150|P000720|P001140|P002880|P000110
M007794,Storage Facility 12,2025-02-14T09:56:08,P000827|P002157
M007795,Warehouse District,2025-09-03T16:37:31,P000533|P003263
M007796,Downtown Cafe,2025-10-26T11:52:44,P002339|P000129|P000059|P000429
M007797,Riverside Docks,2025-04-15T11:10:16,P001242|P002932|P001822|P000312|P003342
M007798,Private Villa,2025-07-17T18:55:25,P000140|P001520|P002820|P000880
M007799,Backroom - Lucky Star Bar,2025-05-03T15:26:15,P000607|P000457|P001807|P003207
M007800,Abandoned Factory,2025-11-20T10:31:13,P000849|P001619|P002959|P000109|P003269
M007801,Abandoned Factory,2025-01-29T23:42:46,P002107|P003377
M007802,Private Villa,2025-12-03T00:51:59,P000998|P002658
M007803,Downtown Cafe,2025-10-20T23:10:38,P000840|P002720|P001730|P000910
M007804,Private Villa,2025-05-30T16:42:10,P000758|P000578|P001568
M007805,Abandoned Factory,2025-09-27T02:25:00,P000450|P001650|P001920|P003170|P001580|P001840
M007806,Private Villa,2025-01-07T06:30:22,P001985|P002045|P001955|P002425|P000535
M007807,Riverside Docks,2025-08-13T20:03:03,P002617|P002747
M007808,Abandoned Factory,2025-07-30T10:21:28,P002701|P001631|P000221
M007809,Private Villa,2025-04-26T20:26:13,P000830|P001480|P001620|P000640|P000080|P000300
M007810,Private Villa,2025-10-07T05:11:18,P001950|P000870|P002120|P002200
M007811,Parking Garage B,2025-09-05T06:43:37,P000055|P002285
M007812,Storage Facility 12,2025-09-19T13:52:15,P001274|P002654|P001524|P000044|P001804
M007813,Warehouse District,2025-01-02T23:07:34,P002229|P002449|P000059|P000969|P001469|P000679
M007814,Private Villa,2025-02-22T10:26:22,P001970|P001780|P002480|P000170|P003440
M007815,Storage Facility 12,2025-07-17T00:06:02,P001603|P002033|P002163|P001973|P000953
M007816,Downtown Cafe,2025-04-17T01:16:43,P000364|P000054|P001744
M007817,Warehouse District,2025-11-23T05:45:00,P001734|P000914
M007818,Backroom - Lucky Star Bar,2025-10-02T03:40:42,P000421|P001641|P002701|P002881
M007819,Downtown Cafe,2025-01-08T17:49:47,P000314|P002304
M007820,Warehouse District,2025-07-21T09:50:21,P001629|P001789|P000219|P001429|P001369
M007821,Downtown Cafe,2025-10-18T00:45:19,P001277|P001627|P003367|P002087
M007822,Backroom - Lucky Star Bar,2025-09-02T07:35:50,P002208|P003368|P002908|P001268|P000898|P003128
M007823,Riverside Docks,2025-08-02T07:31:59,P002789|P001339|P003389|P001539
M007824,Downtown Cafe,2025-05-29T04:08:08,P002627|P001857|P003167
M007825,Storage Facility 12,2025-12-18T17:55:36,P001645|P001195|P001565|P000955
M007826,Private Villa,2025-04-01T23:15:18,P002946|P000076|P003316|P001946|P001236|P000596
M007827,Parking Garage B,2025-02-10T13:30:42,P001378|P002888
M007828,Parking Garage B,2025-11-30T12:56:03,P002486|P003486|P000936|P003096|P001166|P000216
M007829,Riverside Docks,2025-05-11T07:05:54,P003203|P001143
M007830,Warehouse District,2025-09-18T14:25:59,P001629|P000589
M007831,Storage Facility 12,2025-12-29T10:36:56,P000600|P000090
M007832,Backroom - Lucky Star Bar,2025-09-13T03:36:24,P002464|P002344|P002944|P000334|P000614
M007833,Downtown Cafe,2025-02-04T01:50:27,P002292|P001982|P001282|P001672|P003312|P001162
M007834,Warehouse District,2025-03-16T07:00:34,P001390|P002540
M007835,Abandoned Factory,2025-05-24T01:34:42,P001922|P000162|P003352|P001502|P003192|P003442
M007836,Private Villa,2025-08-28T21:05:28,P001814|P003264
M007837,Private Villa,2025-12-14T10:57:34,P001652|P000962
M007838,Storage Facility 12,2025-05-23T06:28:55,P001421|P002351|P001911
M007839,Private Villa,2025-04-24T13:04:36,P001245|P003275|P002745|P000145
M007840,Warehouse District,2025-05-17T14:42:55,P002362|P003092
M007841,Riverside Docks,2025-08-29T05:39:36,P002237|P003037
M007842,Abandoned Factory,2025-12-01T21:54:58,P001583|P001303|P003243|P003063|P000713|P001093
M007843,Backroom - Lucky Star Bar,2025-03-26T21:43:07,P000230|P002270
M007844,Parking Garage B,2025-08-11T10:54:11,P002552|P000732|P002022|P001192|P002872|P002732
M007845,Storage Facility 12,2025-07-23T15:51:01,P001507|P001587|P000597
M007846,Riverside Docks,2025-01-09T20:14:50,P002673|P002603|P002033|P001663|P002433|P001043
M007847,Abandoned Factory,2025-02-25T03:52:54,P000367|P000347|P000297|P002737|P001247
M007848,Parking Garage B,2025-11-10T15:55:05,P000565|P002195|P001425|P003485|P002065
M007849,Parking Garage B,2025-04-09T12:33:07,P002123|P000613|P000273|P002403|P001953
M007850,Parking Garage B,2025-11-04T19:15:00,P000855|P000245|P002995
M007851,Parking Garage B,2025-05-31T15:59:18,P002532|P000492|P002882|P000802|P000432
M007852,Storage Facility 12,2025-03-16T01:29:24,P002137|P002657|P001337|P002597|P002147|P001477
M007853,Private Villa,2025-12-05T21:56:50,P002157|P001637|P000117
M007854,Storage Facility 12,2025-09-21T15:27:58,P003093|P000183
M007855,Abandoned Factory,2025-08-28T01:39:39,P001505|P001915|P001255|P003135
M007856,Warehouse District,2025-06-17T08:32:20,P001204|P000554|P000014|P002954
M007857,Riverside Docks,2025-07-14T09:46:08,P001936|P001846|P003476|P002096|P001536|P002846
M007858,Backroom - Lucky Star Bar,2025-03-17T22:10:30,P002505|P002785|P003475|P001475|P003005|P002025
M007859,Private Villa,2025-02-20T01:19:14,P001836|P000966
M007860,Warehouse District,2025-10-21T05:09:31,P002462|P001412|P000222|P001382|P000152|P002142
M007861,Storage Facility 12,2025-03-07T06:54:39,P002142|P001102|P001242|P000712|P000972|P001972
M007862,Warehouse District,2025-12-18T22:36:19,P000607|P001197|P000497|P000237
M007863,Warehouse District,2025-05-24T17:48:02,P003369|P003279
M007864,Storage Facility 12,2025-12-29T03:37:48,P002283|P000873|P000093|P000473
M007865,Warehouse District,2025-08-13T10:07:26,P003088|P000838|P001238
M007866,Parking Garage B,2025-11-01T13:28:15,P002127|P002387|P001497|P003147
M007867,Parking Garage B,2025-08-11T23:31:07,P000465|P001855
M007868,Parking Garage B,2025-06-27T10:56:43,P001714|P003024|P003204|P000994
M007869,Storage Facility 12,2025-11-16T19:07:39,P000019|P003099|P002919|P003089
M007870,Warehouse District,2025-10-21T13:24:13,P002595|P000785|P002975|P002785|P002155
M007871,Backroom - Lucky Star Bar,2025-08-24T04:48:25,P000781|P000281|P000241
M007872,Private Villa,2025-04-09T15:33:10,P003489|P001649|P001959|P001899
M007873,Storage Facility 12,2025-10-14T14:14:54,P000005|P003035
M007874,Abandoned Factory,2025-05-20T08:47:35,P001470|P002450|P003430|P001120|P001440
M007875,Storage Facility 12,2025-06-04T12:26:23,P000533|P000693
M007876,Backroom - Lucky Star Bar,2025-02-01T04:34:34,P000489|P003229|P001689|P001729
M007877,Abandoned Factory,2025-09-16T19:21:18,P000223|P000273|P002743|P002593|P001763
M007878,Riverside Docks,2025-08-05T04:28:14,P000854|P001404|P003434|P000974
M007879,Parking Garage B,2025-12-03T08:57:35,P000079|P003169|P001109|P002599|P001879|P000379
M007880,Parking Garage B,2025-09-26T02:49:22,P000662|P000352|P000002|P000742
M007881,Private Villa,2025-11-13T05:55:58,P003153|P001993
M007882,Abandoned Factory,2025-10-27T13:19:05,P002473|P002183
M007883,Parking Garage B,2025-09-06T07:29:45,P001660|P000400|P001950
M007884,Backroom - Lucky Star Bar,2025-09-18T03:44:16,P000954|P000234|P003364
M007885,Riverside Docks,2025-02-18T08:04:52,P002760|P000110
M007886,Backroom - Lucky Star Bar,2025-04-12T07:56:45,P000111|P000611|P001051
M007887,Warehouse District,2025-01-27T01:47:34,P000969|P003199|P001769|P002369|P002069
M007888,Abandoned Factory,2025-04-21T23:48:29,P003254|P002644
M007889,Abandoned Factory,2025-05-23T04:52:38,P001687|P002747|P003237|P000417|P000157
M007890,Backroom - Lucky Star Bar,2025-03-22T17:20:09,P002088|P001098|P003308|P000438|P001808|P000678
M007891,Storage Facility 12,2025-12-31T00:53:57,P001656|P000156
M007892,Abandoned Factory,2025-02-10T04:42:50,P002885|P001435|P001935
M007893,Private Villa,2025-08-12T22:03:20,P003136|P002996|P001636|P001186|P002606|P000326
M007894,Private Villa,2025-05-31T11:04:39,P002496|P001126|P001636|P000336|P000206|P002536
M007895,Storage Facility 12,2025-04-09T01:48:47,P002116|P002456|P001706|P000466|P001786
M007896,Backroom - Lucky Star Bar,2025-03-24T18:40:09,P003336|P002126|P002836|P000436
M007897,Parking Garage B,2025-10-11T15:42:34,P000262|P002802|P000002|P001342|P001822
M007898,Private Villa,2025-05-24T07:51:05,P002296|P002636|P002246|P000086|P002516
M007899,Parking Garage B,2025-01-15T07:02:28,P001259|P002069|P001319|P002229|P000199
M007900,Storage Facility 12,2025-08-13T05:53:28,P001843|P000743|P000803|P002403|P003053|P002523
M007901,Riverside Docks,2025-07-05T09:26:48,P001681|P002781
M007902,Parking Garage B,2025-04-27T14:32:48,P001249|P000299
M007903,Riverside Docks,2025-05-01T20:37:27,P000927|P003067|P001057|P002077|P002057|P000677
M007904,Storage Facility 12,2025-10-04T22:01:48,P003244|P002414|P003294|P001484|P003454
M007905,Downtown Cafe,2025-05-12T09:49:26,P000760|P002420|P002390
M007906,Storage Facility 12,2025-07-15T07:02:52,P000758|P001628
M007907,Parking Garage B,2025-04-10T02:36:24,P001967|P001997|P000767|P003137
M007908,Storage Facility 12,2025-06-18T19:30:59,P002537|P003177|P001157|P000707
M007909,Downtown Cafe,2025-09-11T12:09:23,P002920|P001970|P000600|P000320|P001760
M007910,Backroom - Lucky Star Bar,2025-10-16T16:17:46,P002067|P002007|P001557|P002887|P003347
M007911,Warehouse District,2025-09-08T23:25:45,P002156|P002406
M007912,Backroom - Lucky Star Bar,2025-05-18T05:26:11,P003098|P002368|P001978|P003398
M007913,Downtown Cafe,2025-05-22T14:01:06,P003470|P001300
M007914,Parking Garage B,2025-01-15T02:51:25,P000245|P000125
M007915,Parking Garage B,2025-02-07T03:26:55,P000162|P001132|P002472|P003002|P000972|P001902
M007916,Backroom - Lucky Star Bar,2025-06-15T00:41:53,P002552|P002162|P001992
M007917,Downtown Cafe,2025-09-08T21:33:49,P002679|P002219
M007918,Warehouse District,2025-07-05T04:21:46,P003087|P000067|P000167|P002097|P000247|P003397
M007919,Abandoned Factory,2025-10-29T14:32:01,P000060|P002810
M007920,Riverside Docks,2025-08-23T02:32:12,P000703|P002303|P001353
M007921,Parking Garage B,2025-01-07T09:26:14,P001688|P000758
M007922,Abandoned Factory,2025-08-24T10:31:57,P000210|P001820|P000510|P001510
M007923,Parking Garage B,2025-02-16T08:00:55,P000781|P000121
M007924,Downtown Cafe,2025-05-31T13:54:14,P000736|P000366|P002296|P000906
M007925,Backroom - Lucky Star Bar,2025-08-01T17:27:57,P003451|P000661
M007926,Storage Facility 12,2025-12-20T18:04:12,P000191|P001651|P001531
M007927,Private Villa,2025-10-09T20:31:20,P001079|P003369|P000529|P003119|P000789
M007928,Riverside Docks,2025-05-21T21:46:54,P001643|P002623|P003203|P002893
M007929,Backroom - Lucky Star Bar,2025-07-13T03:18:57,P002118|P000088
M007930,Warehouse District,2025-12-22T12:51:44,P003378|P000648|P000718|P001328|P000988
M007931,Parking Garage B,2025-11-29T12:51:24,P000109|P003179|P002059
M007932,Private Villa,2025-12-01T01:23:16,P003072|P003382|P001152
M007933,Storage Facility 12,2025-12-23T23:24:34,P000486|P001916|P001196|P001816
M007934,Private Villa,2025-12-21T02:22:48,P002297|P001107|P002987|P002817|P003267
M007935,Warehouse District,2025-12-25T01:35:06,P001135|P000085
M007936,Parking Garage B,2025-01-01T18:08:40,P002168|P002258|P001168|P001858|P000428
M007937,Riverside Docks,2025-10-10T09:56:00,P001491|P000181|P002631|P003251
M007938,Abandoned Factory,2025-05-29T20:40:58,P000266|P002246|P003256
M007939,Warehouse District,2025-02-03T03:07:32,P000972|P002672|P000482|P000492
M007940,Warehouse District,2025-05-08T00:23:34,P000049|P000069|P001619|P002629|P002669|P003369
M007941,Downtown Cafe,2025-04-01T07:41:00,P002244|P003474|P002394
M007942,Private Villa,2025-12-31T00:17:26,P003218|P001368|P002008|P003258|P001738|P002298
M007943,Storage Facility 12,2025-06-28T20:33:35,P003413|P002043
M007944,Warehouse District,2025-05-29T03:18:24,P002147|P001977|P003037|P001397|P002257|P002577
M007945,Abandoned Factory,2025-09-24T00:16:03,P001593|P000453|P002803|P001633
M007946,Warehouse District,2025-03-31T07:17:20,P003356|P003186
M007947,Storage Facility 12,2025-05-10T05:48:11,P000781|P002981
M007948,Abandoned Factory,2025-10-26T19:03:01,P000240|P002320
M007949,Riverside Docks,2025-08-22T16:21:53,P000860|P001180|P003060
M007950,Abandoned Factory,2025-09-09T09:13:41,P003231|P003181|P000281|P002611
M007951,Warehouse District,2025-11-21T16:22:31,P001654|P002514|P000174|P002554|P000954|P000474
M007952,Warehouse District,2025-02-21T11:49:34,P003360|P003480
M007953,Warehouse District,2025-06-05T08:29:05,P000782|P002962|P000142|P001052|P003492|P003242
M007954,Warehouse District,2025-12-17T10:10:49,P003474|P000174|P002854|P002554
M007955,Warehouse District,2025-04-12T21:47:36,P001398|P001168|P001848|P000948|P000578
M007956,Private Villa,2025-09-02T13:26:35,P001705|P001715|P001935|P002985|P003085
M007957,Parking Garage B,2025-12-31T14:36:34,P001813|P001373|P001823|P001273
M007958,Abandoned Factory,2025-02-06T12:03:50,P001219|P000369|P000809|P000509
M007959,Private Villa,2025-03-21T00:43:17,P001125|P000005|P001955|P000465|P000615|P000305
M007960,Warehouse District,2025-02-14T12:30:00,P000852|P000122
M007961,Riverside Docks,2025-12-21T00:26:55,P002802|P000002|P001662|P001292|P000702
M007962,Warehouse District,2025-06-24T06:22:22,P002154|P002614|P002954|P000974
M007963,Warehouse District,2025-04-05T07:07:09,P000079|P003309
M007964,Private Villa,2025-07-27T22:43:43,P002941|P002581|P001881
M007965,Downtown Cafe,2025-12-28T08:49:25,P002471|P000511|P000521
M007966,Backroom - Lucky Star Bar,2025-02-20T21:51:07,P003421|P001341
M007967,Storage Facility 12,2025-09-13T16:55:22,P000057|P001147|P001987|P002827
M007968,Warehouse District,2025-08-01T10:25:50,P002318|P002248|P002448
M007969,Warehouse District,2025-01-19T03:50:11,P001469|P000579|P001609|P001459
M007970,Storage Facility 12,2025-10-11T05:54:39,P001001|P003341|P001011|P002071|P002361
M007971,Backroom - Lucky Star Bar,2025-06-19T06:02:41,P001982|P000162|P003002
M007972,Backroom - Lucky Star Bar,2025-09-02T12:48:37,P002498|P001608|P001298
M007973,Downtown Cafe,2025-05-03T21:10:28,P002218|P001378|P000268|P000578|P001658|P000048
M007974,Private Villa,2025-12-27T09:31:32,P001278|P002568|P000178|P001938|P000918
M007975,Riverside Docks,2025-03-21T19:58:17,P000069|P000679
M007976,Downtown Cafe,2025-10-15T06:06:14,P000469|P000059|P001079|P001969|P000789|P003119
M007977,Warehouse District,2025-11-16T21:54:10,P000286|P001036|P002756|P001746|P000416
M007978,Private Villa,2025-06-27T14:28:46,P003457|P001687|P002757|P000437|P002447
M007979,Backroom - Lucky Star Bar,2025-01-19T04:59:39,P000495|P002805
M007980,Abandoned Factory,2025-04-05T20:05:43,P002778|P003458|P003328|P000868|P001908
M007981,Riverside Docks,2025-09-09T18:11:22,P000536|P001986|P000766|P001066|P001556
M007982,Private Villa,2025-05-25T16:56:07,P000265|P001315|P002035
M007983,Backroom - Lucky Star Bar,2025-09-25T01:05:18,P002740|P002380|P001760|P000420|P002580|P002960
M007984,Private Villa,2025-06-15T12:15:40,P001638|P000958|P000418
M007985,Storage Facility 12,2025-07-06T07:51:10,P003455|P002745|P000165|P001465
M007986,Storage Facility 12,2025-09-04T11:32:02,P001877|P001557|P002407|P001637|P000707
M007987,Backroom - Lucky Star Bar,2025-11-22T22:53:18,P003197|P000027|P003467|P002647|P001217
M007988,Backroom - Lucky Star Bar,2025-05-19T19:01:22,P001434|P002804
M007989,Parking Garage B,2025-06-11T23:31:21,P003127|P000537|P001427
M007990,Abandoned Factory,2025-07-16T12:56:01,P002766|P002176
M007991,Storage Facility 12,2025-08-21T15:01:09,P000451|P001581|P003471|P002411
M007992,Backroom - Lucky Star Bar,2025-05-17T03:51:54,P001382|P001792
M007993,Riverside Docks,2025-12-12T20:18:18,P003201|P002381|P000871|P002861
M007994,Parking Garage B,2025-04-08T08:32:11,P002516|P003026|P000976
M007995,Downtown Cafe,2025-03-15T19:30:52,P002825|P002995|P000665|P000895|P000165|P002855
M007996,Parking Garage B,2025-07-19T20:31:02,P000974|P002284|P003194|P002684|P000644|P001744
M007997,Backroom - Lucky Star Bar,2025-01-30T05:21:04,P001614|P000774|P001984
M007998,Downtown Cafe,2025-02-04T00:37:54,P000586|P000176|P003036|P002336|P000626
M007999,Warehouse District,2025-03-24T12:10:00,P001104|P001734|P000004|P001854|P002734
M008000,Parking Garage B,2025-09-04T12:27:09,P002340|P000870
