person_id,full_name,phone_number,address,age,gang_id,role,is_hidden_coordinator
P001039,Patty Walker,+1-722-785-7042x4025,"939 Stafford Mount Apt. 411, Woodsside, ND 09564",55,G009,associate,False
P000908,John Grant,704-520-7675x1497,"7330 Kristina Row, New Melissaton, WY 54114",22,G008,boss,False
P000042,Eric Morgan,621-581-8835x52312,"127 Webster Trace, Maldonadoshire, SD 83770",58,G002,member,False
P004917,Mark Miles,+1-361-819-1201,"9638 Clark Parks Apt. 705, North Jameschester, SC 32083",27,,,False
P001744,Rachel Kline,430.653.7406,"33248 Jimenez Loaf, Danielside, KY 79885",55,G004,member,False
P000613,Keith Mcdonald,001-689-936-5294,"198 Tiffany Flats Suite 813, North Jonathanton, FL 46611",53,G003,member,False
P001213,Faith Owens,735.818.5176x9659,"03375 Ian Ville Suite 484, North Alan, GA 24619",37,G003,member,False
P003073,Andrea Hudson,001-640-417-7495x0354,"058 James Land, East Monicachester, WY 87312",35,G003,lieutenant,False
P001220,Brendan Duran,(500)323-9152,"PSC 3631, Box 4098, APO AE 10927",26,G010,member,False
P004330,Charles Brown,001-699-542-5151x140,"1793 Hooper Drive, North Kelseyberg, WY 91414",50,,,False
P002675,Adam Brown,668.719.4575,"8972 Diaz Keys Suite 241, North Aprilland, MD 40539",62,G005,member,False
P002024,Kevin Pruitt,845.305.6958x261,"812 Castro Causeway, West Michelle, GA 11428",24,G004,member,False
P001413,Trevor Vargas,(515)527-2597,"0891 Gloria Cape Suite 994, Haileyfurt, OR 96775",31,G003,member,False
P004914,Arthur Stewart,416-391-0982x6821,"304 Clifford Vista Apt. 035, Kylemouth, MH 32912",23,,,False
P001508,Maria Nichols,770.875.0139x9392,"Unit 7974 Box 6317, DPO AA 09289",58,G008,member,False
P000419,Christina Lewis,574.611.3257x97067,"Unit 9601 Box 0548, DPO AA 57926",52,G009,member,False
P002116,Mary Martin,3685212035,"Unit 9795 Box 1962, DPO AP 35098",63,G006,member,False
P004625,Carl Wilson,(245)478-4860x254,"168 Lowe Crossroad, New Kellyburgh, NM 85762",34,,,False
P001856,Barbara Haas,+1-524-391-2830x062,"5167 Tristan Locks, Lake Jenniferchester, AL 64916",56,G006,lieutenant,False
P000182,Kendra Miller,001-994-969-5489x9529,"343 David Mountain, Lake Melaniechester, MT 06463",62,G002,lieutenant,False
P002566,Jeff Small,001-341-954-0946,"3780 Abigail Court Suite 130, South Jacobton, OR 55312",57,G006,member,False
P002281,Teresa Valdez,572.772.5906,"21510 Catherine Rapids, East Colleenshire, NC 24321",40,G001,associate,False
P001091,Christine Love,(852)242-3525,"894 Johns Mission Apt. 150, Kendratown, SC 47684",30,G001,member,False
P003388,Jared Bradford,+1-572-823-5303,"89166 David Viaduct, North Courtneyside, HI 86154",41,G008,lieutenant,False
P004393,John Ortiz,986.731.2048x976,"90378 Saunders Harbors, Port Daleville, DE 32061",37,,,False
P002005,Jasmine Murphy,(396)879-4718,"3100 Samantha Port, Harrisonfurt, TN 06593",30,G005,member,False
P004280,Bryan Hall,4734041469,"67412 Margaret Groves, Ramirezbury, OR 34584",56,,,False
P003236,Lisa Fleming,001-615-553-9015x99736,"701 Karen Prairie, Aaronstad, PR 05839",48,G006,associate,False
P001668,Rachel Evans,(460)963-8285x0416,"92252 Jack Trail, New Alexander, OR 88579",22,G008,associate,False
P000592,Kimberly Jensen,+1-893-696-9874,"5945 Daniel Ridges, Lake Carol, HI 08180",26,G002,associate,False
P003410,Austin George,(799)710-8568x861,"1359 Nancy Circle, Fosterfort, PA 68696",58,G010,associate,False
P002036,Angela Banks,(632)976-3916,"8765 Phillips Walks Suite 181, Kellybury, KY 05607",31,G006,member,False
P002754,Carol Riddle,6483681820,"0698 Gregory Valleys, Jacquelineview, MN 87115",20,G004,boss,False
P002652,Jeffery Kelly,+1-747-207-2176,"4319 Evans Centers, Wrightstad, RI 07081",51,G002,associate,False
P002900,Jennifer Holden,549.367.0973,"110 Ann Bypass, East Melaniehaven, SD 85483",18,G010,boss,False
P002012,Ashley Andrade,973-412-4321,"617 Williams Islands Apt. 005, Meyerview, DE 59345",20,G002,member,False
P001110,Elizabeth Yang,3407737304,"24051 Leah Divide Suite 583, Welchchester, IL 26989",47,G010,associate,False
P001315,Peggy Johnson,(480)617-7106,"69447 Kimberly Shores, West Cody, FM 84719",65,G005,member,False
P001154,Lisa Gordon,314-601-3856x9939,"2012 Daniel Hollow Apt. 209, Jacquelinechester, RI 66455",50,G004,member,False
P004160,Justin Benitez,342.895.8418x5487,"61252 Sims Motorway, Larryport, IN 79790",44,,,False
P004354,Alicia Davis,783.463.6504,"822 Robinson Mission, Jesusport, NY 59220",29,,,False
P000655,Alexandra Smith,969-313-3030x33467,"675 Samuel Meadow, Port Timothy, RI 46031",34,G005,member,False
P000852,Jeremiah Hernandez,(835)433-9982x426,"8015 Hickman Meadow Suite 930, North Edward, NY 45192",18,G002,member,False
P002544,Caleb Blankenship,(405)957-0478x71237,"6856 Hernandez Loop Suite 399, New Lawrencefort, CO 65600",53,G004,member,False
P000620,Michael Allen,284.823.3944x9530,"55032 Poole Cliffs Suite 365, Davidfurt, HI 37970",29,G010,member,False
P000353,Donna Johnson,(836)766-1449x429,"342 Spencer Hollow, Christophershire, SC 60945",31,G003,lieutenant,False
P003030,Susan Taylor,001-875-233-9688,"6982 Holt Summit, Schroederport, NE 68234",61,G010,member,False
P002874,Kelly Irwin,(642)880-3108,"USCGC Bailey, FPO AE 55282",63,G004,member,False
P003590,Tracy Patel,(652)222-9911,"PSC 2520, Box 7434, APO AA 36088",50,,,False
P003501,Brian Baird,890-960-4679x323,"1051 Davis Flat, Christinaton, PW 60583",46,,,False
P003017,Matthew Gallagher,(364)783-0988x908,"403 Donna Villages Suite 626, Erikaton, ND 46728",64,G007,member,False
P002445,Jacob Roberts,+1-963-378-7855,"972 Baldwin Crescent, Smithchester, ID 29029",23,G005,member,False
P002523,Mr. Timothy Lee,369-747-4341,"651 Leach Divide Apt. 864, Cathyberg, CO 75884",42,G003,member,False
P004915,Charles Jackson,+1-867-304-8826,"3356 Hannah Turnpike Suite 344, East Sabrinabury, MI 00823",37,,,False
P001969,Joanna Warren,+1-837-317-1865x88074,"6545 Stewart Loaf, Lake Paul, WV 27994",30,G009,lieutenant,False
P004735,Sherry Ramos,001-546-764-3550x09728,"5536 Steven Forks Apt. 249, Kellystad, HI 46267",42,,,False
P001803,Courtney Campbell,805-557-2477x213,"09160 Silva Hill Apt. 723, New Anthonymouth, AR 92088",28,G003,lieutenant,False
P001079,Amanda Rivera,(551)983-7847x71988,"0968 Montgomery Parkway Apt. 625, East Johnhaven, VI 75297",62,G009,associate,False
P003794,Michelle Morrison,+1-878-504-8109x05654,"966 Lam Lakes, Jenniferchester, SC 64216",62,,,False
P002683,Austin Scott,7295061691,"67076 Castillo Avenue, West Jasmine, RI 16605",34,G003,associate,False
P003685,James Frank,967-334-2142x67748,"057 Allen Stream, Amyview, WY 29694",39,,,False
P000440,Laura Gutierrez,796.396.4546x55358,"USNS Morris, FPO AP 32862",35,G010,member,False
P000913,Dennis Garcia,001-923-687-3518x6647,"51830 Michael Landing, West Rachel, MT 42218",41,G003,member,False
P003676,Mary Ramirez,952-337-6468x318,"5653 Stokes Glen, Micheleshire, FL 27785",26,,,False
P001409,Mary Schwartz,(317)854-1827x71148,"97557 Angela Locks, Rojasfurt, PR 43243",36,G009,member,False
P000390,Michael King,886-552-0575,"5203 Ward Fields, New Lanceville, PW 48849",21,G010,lieutenant,False
P003439,Amanda Edwards,5689106961,"57110 Kaitlyn Forks Suite 770, Terryberg, TN 75485",18,G009,member,False
P002339,Linda Carroll,(334)425-1701x358,"2489 Michelle Wells Suite 130, South Christopherside, NC 04002",20,G009,member,False
P002337,Jack Reynolds,407.362.1416x350,"61141 Julie Loaf, Marchaven, HI 01357",49,G007,member,False
P000447,Patricia Townsend DDS,603.814.9982x50800,"688 William Springs, East Coreyburgh, MH 29542",49,G007,member,False
P004067,Benjamin Cox,001-708-897-1713,"5424 Charles Terrace, Wrightmouth, KS 96882",19,,,False
P003038,Trevor Contreras,778-221-7389x145,"202 Adams Hollow Apt. 859, Douglasmouth, GA 89407",42,G008,member,False
P003515,Christopher Shaw,377-873-8134x16427,"93284 Gonzalez Dale Suite 859, Robertsonland, PW 62276",39,,,False
P001809,Kevin Rush,763-467-7177,"269 Michael Groves Suite 881, Coleberg, KS 43477",59,G009,boss,False
P000783,Jessica Harrington,(282)267-6259x062,"85646 Justin Mission Suite 597, North Alexandra, IL 77450",59,G003,member,False
P000444,Anna Smith,900.456.4099x51239,"29592 Mccarthy Trail Apt. 827, New Benjaminside, FM 16266",39,G004,member,False
P000731,Lisa Hatfield,319-839-3272x72812,"9602 Higgins Mission, Brewerburgh, NH 22285",50,G001,lieutenant,False
P002213,Cameron Sanders,6599931804,"0515 Jacobs Lodge, East Sarahchester, SC 21628",29,G003,member,False
P000900,Alex Adams,809-852-8895x94703,"9176 Williams Mount, Port Andreaborough, AL 05433",45,G010,member,False
P003440,Christopher Floyd,+1-313-993-7299,"10814 Williams Ranch, North Robert, WY 75117",44,G010,member,False
P002837,Russell Flynn,+1-415-390-4361,"639 Peterson Springs, Port Amy, UT 68360",47,G007,member,False
P002263,Beverly Davis,(732)238-8409x955,"USCGC Bass, FPO AA 16589",24,G003,associate,False
P003103,Susan Rojas,769-820-2835x28767,"Unit 7315 Box 8417, DPO AE 36449",62,G003,member,False
P003946,Ronald Bowman,(399)257-2160,"135 Harmon Tunnel, Lake Jason, GU 54201",49,,,False
P001415,Tammy Montgomery,+1-815-716-7616x629,"360 Kimberly Gardens Suite 873, Port Bruce, FL 23804",46,G005,member,False
P000697,James Williams,2287672020,"6219 Gonzalez Plains, North Matthewfort, PA 41525",50,G007,member,False
P001904,Lisa Phillips,+1-447-890-4475x15379,"PSC 0608, Box 2382, APO AE 90023",50,G004,associate,False
P004148,Terry Johnson,+1-962-516-1175x16330,"53642 Kristina Flat, Robersonhaven, MD 55940",25,,,False
P003741,Bradley Dillon,(664)796-7119x61400,"7436 Stanton Shoals, West Derekborough, SD 19970",41,,,False
P001998,Cody Thomas,001-277-659-4144x772,"6979 Heather Dam, Rossview, IA 75947",20,G008,lieutenant,False
P001664,Ronnie Murphy,(512)263-7007x963,"1766 Houston Road, North Rebecca, NM 37944",41,G004,member,False
P002232,Caitlin Hood,(740)783-4443x40288,"87717 Calderon Lane, West Tracy, AL 26017",41,G002,associate,False
P003710,Alvin Wilson,+1-581-235-5810,"325 Sosa Parkways, Gillport, SC 89892",37,,,False
P000631,Nancy Everett,+1-954-321-8808,"34199 Baker Flats Suite 324, Dicksonburgh, FM 48425",57,G001,member,False
P001762,Sarah Cruz,734.342.5118x09545,"1528 Young Plaza, Adamchester, PR 11921",24,G002,member,False
P003098,Melanie Gross,(215)896-5439x1051,"738 Gary Isle Suite 999, East Madison, MP 17973",59,G008,member,False
P000086,Crystal Sullivan,(826)860-9379,"41918 Michael Flat, Wilsonfort, NC 84270",49,G006,lieutenant,False
P003424,Jeffery Thomas,578.652.7532x061,"713 Ashley Shore, Lisaton, GA 15950",31,G004,member,False
P004740,James Vasquez,907-824-4880x2708,"83991 Teresa Grove Apt. 303, Lake Tracyland, TX 05463",33,,,False
P001362,Mariah Ramirez,583-387-5007x70990,"13598 Justin Fords, North Linda, MN 88755",57,G002,member,False
P000078,Courtney Sutton DVM,+1-801-766-6870x0217,"033 Nelson Club, Rachelshire, TN 04813",28,G008,member,False
P003480,John White,+1-446-762-2308x86158,"33959 Stewart Ways, Port Tamara, WV 60004",48,G010,associate,False
P004980,Dustin Jones,737.403.4473x67762,"621 John Track, Dixonport, FL 40639",40,,,False
P003648,Christopher Ward,3276713697,"41306 Jason Trail, Lake Christy, OR 90649",41,,,False
P003800,Daniel Everett,967-990-0711,"18834 Elizabeth Port, Port Jasontown, MT 76568",40,,,False
P000589,Lisa Beard,(346)872-8799,"41319 Michael Throughway, Port Morgan, VT 53897",20,G009,lieutenant,False
P000586,Jennifer Flores,+1-912-636-9149x61128,"827 Lane Skyway Suite 040, Jeromeville, KS 12092",47,G006,member,False
P003243,Carol Adams,+1-393-823-6451,"6080 Burke Village, Jenkinsville, IN 08438",58,G003,associate,False
P004502,Tara Ferguson,5097017150,"7810 Smith Rue Suite 266, Powellmouth, CA 76459",21,,,False
P004281,Brad Campbell,(904)576-3455,"USCGC Cuevas, FPO AE 89758",33,,,False
P002836,Mr. Brian Martinez,+1-847-647-1799x388,"82469 Davis Loop Suite 513, East Toddfort, IL 10920",57,G006,associate,False
P004075,Kevin Mason,(305)773-6477,"22243 Jennifer Well Suite 581, Port Sandrastad, WV 68910",46,,,False
P002543,Gregory Gilbert,811-823-6462x850,"064 Parker Station, Mitchelltown, IN 62860",49,G003,member,False
P004727,Annette Carlson,(666)516-9618x7594,"13663 Danielle Passage, Leachport, TX 31650",59,,,False
P003304,Melissa Walter,802-509-2102x8348,"7754 Wendy Motorway Apt. 954, Lake Donnamouth, VA 23512",52,G004,lieutenant,False
P001585,Michael Nichols,(216)661-9076x444,"616 David Extension Suite 726, North Matthewton, GA 95419",22,G005,boss,False
P003851,Jennifer Gay,439.941.9770x3127,"9517 Martinez Via Apt. 580, North Brianshire, CT 39538",27,,,False
P000420,Ashley Taylor,001-515-762-2949x3817,"840 Kelsey Cliff Suite 573, West Taylor, NH 47975",27,G010,member,False
P001653,Angela Prince,001-814-421-5440x967,"574 Kyle Tunnel, Erikfort, SC 91036",62,G003,member,False
P002515,Tyler Hunter,836-744-5663x0906,"406 Massey Hollow Suite 651, Stevenfort, TN 76211",45,G005,lieutenant,False
P001643,Roger Richards,(502)923-6449x9514,"42491 Moore Flat Apt. 777, Jeanview, FL 24238",41,G003,member,False
P000275,Gina Barnes,+1-868-845-9090x22599,"86371 Hudson Mission Suite 121, North Margaret, PA 64544",33,G005,associate,False
P000094,Karen Perez,411-355-4262,"275 Courtney Drive, Jensenmouth, VI 28975",37,G004,member,False
P000279,Jonathan Murray,676-356-3600,"7771 Amy Gardens, Taylorview, MP 21651",27,G009,member,False
P004960,Kathryn Snyder,(650)706-6299,"644 Lawrence Island, East Jason, IL 18587",61,,,False
P004823,Willie Schwartz,(439)811-9494,"Unit 7397 Box 3002, DPO AP 88304",44,,,False
P004946,Tammy Bernard,(903)891-9089,"73633 Kyle Freeway Apt. 188, Clementsville, DE 87635",65,,,False
P004802,Mr. Matthew Rivera,001-997-576-2726x0380,"3217 Martin Cliff, Wilsonbury, ME 53418",45,,,False
P003834,Jeffrey Ramsey,6727102698,"5505 Patterson Viaduct Suite 344, West Paul, KS 72757",37,,,False
P000147,Michael Martin,286.358.9026,"611 Walker Common Apt. 669, Jenniferton, WI 23474",55,G007,member,False
P002034,Brendan Gates,001-973-507-4802x7972,"946 Pope Valley Apt. 174, Denisemouth, OH 76788",36,G004,associate,False
P002307,Jackie Carter,001-364-613-7281x1223,"66802 Richardson Plains Suite 997, Lydiaburgh, PR 54496",64,G007,lieutenant,False
P001814,Robert Stein,(502)217-5892,"13760 Lopez Skyway Apt. 248, Port Kimberly, IN 85442",64,G004,associate,False
P002832,Karen Young,001-221-891-6771,"9380 Angela Radial Apt. 781, Warrenstad, TX 23496",55,G002,boss,False
P001909,Jessica Tucker,557-933-3538,"38940 Kim Street, Erikamouth, MS 14231",40,G009,member,False
P000378,Desiree Mccoy,815.506.1853x80032,"2727 Anderson Roads Apt. 830, Jonesside, RI 27835",24,G008,member,False
P002377,Kevin Cruz,736.785.2374x7611,"738 Smith Path Apt. 105, North Gary, AK 87901",54,G007,member,False
P000393,Sara Smith,385-415-7919x711,"9020 Dana Mount, Lake Sherryport, MP 89746",22,G003,member,False
P000907,Chad Sanchez,(778)650-8989x7747,"8529 Allison Mission, Cobbtown, WV 31961",46,G007,member,False
P002008,Brittany Schmitt,+1-631-943-0614x32885,"9981 Jeffrey Ville, Jonesview, ME 76325",26,G008,associate,False
P002557,Kimberly Williams,485.385.9919x289,"9603 Jose Village Suite 264, Hartmanfurt, DE 44004",29,G007,member,False
P004617,Steven Romero,001-794-560-9567x3727,"254 Adam Row, North Linda, KY 01088",20,,,False
P002824,Willie Howard,991-544-1686x0525,"985 Jason Path Apt. 892, Josephshire, WA 08245",37,G004,associate,False
P004934,Kelsey Rose,7983029320,"278 Aaron Rue, Jonathanhaven, OH 03961",36,,,False
P000072,Nicole Parsons,(584)639-5995,"4408 Connie Meadow, Williamsstad, SD 88495",34,G002,associate,False
P001043,Mary Richardson,001-294-757-5959x955,"629 Scott Hills, Nancyport, MH 10240",42,G003,associate,False
P003896,David Rangel,511-260-9145,"PSC 9654, Box 3175, APO AE 92550",55,,,False
P000113,Beth Henderson,+1-663-929-4511x68685,"PSC 0998, Box 6162, APO AE 74765",47,G003,member,False
P002896,Alexander Patel,809-398-4527,"42743 Miller Pine, Davidview, IL 42998",59,G006,member,False
P002868,Melinda Carter,+1-519-641-2295x470,"92649 Angela Ports, North Shawn, WI 37934",37,G008,member,False
P002576,Yvette Murray,001-868-904-2887x8925,"95415 Jones Mews Apt. 696, Masseyside, OK 18463",19,G006,lieutenant,False
P004941,John Myers,001-391-543-6503x5301,"Unit 1833 Box 9093, DPO AE 19683",58,,,False
P002651,Matthew Roberts,6809136049,"42548 Shawn Points, West Luisfurt, OR 23988",65,G001,lieutenant,False
P001198,Michael Martinez,(904)348-4567,"76604 Butler Radial Apt. 911, Jenningsport, MN 58195",64,G008,member,False
P002111,Catherine Mitchell,001-459-339-3942x728,"9604 Gregory Shoals Suite 447, Rochafurt, KY 71668",39,G001,member,False
P004430,Lauren Estes,001-895-753-3251x7313,"0905 Ryan River Apt. 964, Danielville, PA 12954",34,,,False
P004565,Richard Wilkins,(471)318-3885,"724 Deleon Turnpike Apt. 035, Port Thomasport, KS 06113",63,,,False
P002054,Russell Hartman,001-996-746-0872x5477,"768 Miguel Curve, Thomasland, AS 94405",28,G004,member,False
P000272,James Moore,(248)912-1478x539,"7766 Ballard Island Suite 602, Hallland, MI 11303",51,G002,associate,False
P002439,Alyssa Young,687.484.2953x37189,"88856 Walter Falls Suite 212, North Makaylaland, MO 35490",28,G009,associate,False
P000693,Ronald Murphy,001-372-871-7430x6881,"034 Brittany Trace Apt. 873, Ramosstad, NY 29657",23,G003,boss,False
P000123,Danny Mercer,609.282.1506,"100 Robert Light, New Johnnyberg, IL 91621",59,G003,lieutenant,False
P001360,Victoria Walls,448.957.9888x9213,"2293 Derek Motorway, Port Mark, AZ 15198",26,G010,member,False
P003523,Nancy Mack,+1-256-566-3724x38058,"0783 Odonnell Glens Apt. 834, North Jeffrey, CT 22758",51,,,False
P003521,Laura Day MD,529.875.3357,"0844 Nicholas Inlet, Jaredland, AZ 73483",60,,,False
P003622,Heather Foster,5309372766,"USNV Sanchez, FPO AP 84778",21,,,False
P000499,Nicole Cole,001-624-963-2037,"3726 John Drive Apt. 450, Stevenfurt, FM 86147",46,G009,associate,False
P000740,Michelle Woods,(720)784-6729x2543,"82225 Kari Place Apt. 562, Sethside, MT 25234",46,G010,associate,False
P004642,Brandon Harvey,001-724-792-1039x7107,"38718 Craig Plain, North David, PR 76066",27,,,False
P003891,James Yang,(282)587-1053,"USS Price, FPO AE 81785",19,,,False
P000819,Bryan Mitchell,494.876.2542,"6339 Steve Summit Suite 036, Williamland, TN 14897",24,G009,member,False
P000983,Travis Hernandez,979-240-7403x37449,"91369 Davis Via, Richmondland, AL 51004",40,G003,member,False
P002474,Kathleen Henry,603.445.6215x5527,"USS Ross, FPO AE 77069",39,G004,member,False
P003319,Shirley Crawford,840-244-4537,"7733 Paul Lakes, Robertburgh, CO 18970",30,G009,member,False
P001603,Shelly Jensen,836.586.3644x49810,"3920 Hoover Tunnel Apt. 429, Dylanberg, WV 10510",25,G003,associate,False
P002267,Kevin Young,399-849-3449,"87982 Douglas Dam, Matthewmouth, NV 40431",60,G007,member,False
P002169,Ronald Goodman,+1-827-681-4705,"172 George Port Apt. 533, Stephaniestad, IN 25657",45,G009,member,False
P001690,Kevin Miller,(436)237-2511,"102 Hernandez Mill, West Benjaminmouth, TX 39143",21,G010,member,False
P003603,Michael Cisneros,838.541.9495,"4515 Beck Trail, Hallland, NH 77523",39,,,False
P003922,Kristy Daniel,730.721.0878x70448,"633 Amanda Groves Suite 991, North Kimberly, IL 12536",63,,,False
P004230,Brad Gomez,328.733.5784x2487,"1714 Ariana Canyon, Gregoryside, WI 02090",34,,,False
P001557,Stephanie Williams,(711)439-0045x8927,"705 Hart Shores, East Matthew, MI 53171",31,G007,member,False
P000874,Mary Rivas,(362)964-1260x848,"906 Christopher Village, Allenbury, RI 78844",47,G004,associate,False
P000475,Melanie Johnson,920.311.3798x4409,"16600 Reynolds Mountain, Thompsontown, OK 06272",56,G005,member,False
P003860,Scott Taylor,481.900.6393x99201,"23431 Bryant Terrace Suite 511, West Lori, MS 07408",62,,,False
P000831,Anna Rios,578-267-4280x2188,"8037 Elizabeth Court Apt. 974, Port Jennifer, PA 75960",38,G001,member,False
P000623,Stacey Thomas,(958)321-4770x920,"38023 Graves Extension Apt. 921, Rebeccahaven, WY 16818",33,G003,associate,False
P001010,David Matthews,+1-999-844-5744x410,"626 Mitchell Fort, Kaylastad, OK 14804",53,G010,lieutenant,False
P001901,Whitney Parks,001-461-394-2380,"824 Brady Pass Apt. 709, South Zachary, WY 48084",21,G001,boss,False
P001297,Cheryl Reeves,7438763185,"Unit 0716 Box 9448, DPO AP 13015",49,G007,lieutenant,False
P000482,Mrs. Emily Waters,439.961.0290x871,"049 Helen Overpass Apt. 742, West Carolynchester, DE 90522",55,G002,associate,False
P003352,James Jones,+1-500-443-8528x69141,"43917 Benjamin Field Apt. 311, New Jamiefort, ND 73471",31,G002,member,False
P000289,Walter Barrett,(294)461-1952x4364,"16864 Jackson Landing, Lake Dennis, NM 24354",44,G009,associate,False
P000460,Austin Armstrong,911.700.5912,"102 Samantha Common, North Jennifer, CO 01004",36,G010,lieutenant,False
P002770,Krista Cruz,470-308-7813,"82798 Brown Rue, South Jim, WV 48598",64,G010,associate,False
P003032,Stephen Olson,(389)470-9268,"858 Robinson Ford, Port Brittney, NV 90608",54,G002,boss,False
P003905,Dennis Carr,(502)699-2598,"8851 Anne Cape Apt. 728, Smithmouth, PR 65393",54,,,False
P001086,Carol Wilson,(701)781-1239x93302,"206 Jeffrey Turnpike Suite 596, Port Andrewshire, VT 51213",48,G006,member,False
P001692,Stacy Moore,472.846.6762,"PSC 7617, Box 4790, APO AA 47118",29,G002,associate,False
P003624,Paul Baker,001-892-622-0084x416,"6672 Karen Lake Suite 872, Port Kelly, NE 63759",59,,,False
P002876,Helen Woods,363-339-2829,"3801 Jennifer Causeway, Lake Allison, MO 44441",27,G006,member,False
P003599,Antonio Davis,411.346.7265x7937,"735 Cohen Parkways Suite 936, Ryanfurt, AZ 15485",27,,,False
P002077,Erica Diaz,(805)418-1761x426,"7704 Christopher Parkway, North Crystalburgh, SD 52016",38,G007,member,False
P004015,Katelyn Shaw,657.354.8304x4396,"425 Oconnell Cove, New Johnport, FL 95030",40,,,False
P002315,John Richardson,001-436-373-1742x115,"9360 Williams Field, Michaelbury, CO 03583",58,G005,member,False
P000467,Desiree Thomas,001-907-733-0559x78245,"399 Kenneth Circle, New Lauren, LA 33036",25,G007,lieutenant,False
P002276,Kristy Nichols,001-988-843-1074x914,"3009 Brett Terrace, New Annafort, AR 55323",20,G006,lieutenant,False
P000004,Tammy Sellers,+1-357-901-5430x391,"78248 Brandt Plains, Lake Larry, TN 85681",23,G004,boss,False
P001259,John Davidson,(277)656-9429x841,"27303 Kyle Pine, Lake Sean, VI 91565",59,G009,associate,False
P000966,David Andrews,001-904-553-9252,"81330 Hall Junctions, Lake Rachael, TX 27789",56,G006,member,False
P003504,Nicholas Cruz,(791)393-0567,"67890 Scott Drive Apt. 976, Williamville, OR 92465",19,,,False
P004658,Bryan Barton,7877225935,"646 Noble Grove Suite 700, West Mariahberg, AZ 48061",63,,,False
P004234,Katherine Stout,+1-276-723-9594x93894,"434 Fowler Lock Suite 288, Davisville, OH 87071",60,,,False
P003802,Thomas Perkins,(213)886-9060x17429,"5105 Lang Key, Elizabethshire, AK 72390",18,,,False
P002795,Jeffrey Carter,736-766-8028x94614,"75595 Vanessa Shores, North Tara, NV 02590",23,G005,lieutenant,False
P003087,Kelsey Harris,(941)275-9164,"001 Santana Radial Apt. 337, New Cynthiamouth, FM 22236",56,G007,lieutenant,False
P003782,Jennifer Cochran,(637)740-4069,"58770 Maria Prairie Apt. 517, Joannburgh, MO 71989",58,,,False
P000558,Melissa Carroll,6124482554,"USCGC Murray, FPO AA 26205",20,G008,associate,False
P000232,Diana Pierce,+1-807-400-1594x1651,"984 Wilkerson Freeway, Port Lindsaymouth, MP 77089",60,G002,lieutenant,False
P000757,Sonya Ramirez,259.362.4587,"242 Lewis Ranch Apt. 912, South Michael, AL 24439",38,G007,member,False
P000772,Carlos Tucker,+1-270-836-8605,"3605 David Pines Apt. 640, North Micheleshire, AZ 78143",61,G002,lieutenant,False
P004194,Daniel Liu,3743958358,"0699 Michelle Corners, South Robertchester, MD 36544",31,,,False
P002355,Jordan Guerrero,753-569-8105x340,"230 Kayla Mountains Apt. 456, Charlesbury, OR 87834",40,G005,associate,False
P003136,Matthew Gardner,628.400.6556,"723 Garcia Drive, Garrettberg, SD 94754",23,G006,member,False
P001657,Elizabeth Cross,(551)290-3483x08241,"4490 Michael Summit, Port Wanda, DE 64113",24,G007,associate,False
P001695,Keith Juarez,942.754.2904x3682,"785 Lindsay Mission Suite 725, North Katherine, CT 44220",33,G005,associate,False
P001286,Kenneth Stewart,312-798-2492x202,"89521 Salas Plaza, North Teresaburgh, MT 80098",40,G006,member,False
P002170,Sabrina Smith,+1-726-497-8833x1020,"4598 Tina Green Suite 058, Samuelstad, CO 77037",51,G010,associate,False
P004427,Caleb Carter,319.469.2705x66697,"8519 Jennifer Stream Suite 779, Valenciatown, GU 58501",24,,,False
P001981,Nicholas Curtis,+1-343-733-0403x0581,"50629 Michael Villages Apt. 994, New Dianaview, WI 31985",31,G001,member,False
P001073,Cindy Lang MD,+1-479-397-8331x503,"655 Erin Stream Apt. 250, Grahamhaven, MO 84111",36,G003,member,False
P001506,Crystal Durham,618-935-9094x9044,"72544 Barber Neck Suite 109, Johnnyburgh, OH 62793",35,G006,member,False
P002945,Kathleen Mendoza,963-544-7798,"757 Wright Run, Mariaborough, NH 07368",28,G005,member,False
P000331,Michael Martin,001-465-796-0893x199,"27275 Laura Spring Suite 480, Hardingberg, SC 59395",25,G001,member,False
P000466,Kristen Ray,732-359-3993x37970,"518 Ford Stream, Carlfurt, WI 25821",44,G006,boss,False
P003529,Brandy Estrada,883.785.2635x325,"173 Brittany Club, East Mariachester, ND 89324",26,,,False
P001851,Gavin Bishop,+1-520-371-8980x221,"Unit 9605 Box 0346, DPO AE 83599",28,G001,lieutenant,False
P002659,Bobby Schultz,(260)676-1242,"8207 Timothy Ranch Suite 994, Port Robertaville, VT 68142",37,G009,member,False
P003955,John Perkins,(849)412-4596x8982,"3293 Matthew Walks Apt. 211, Caitlinberg, VA 24393",49,,,False
P002979,Devin Harris,902-778-0620x922,"523 Jonathan Spring Apt. 424, Armstrongborough, NJ 13097",47,G009,lieutenant,False
P002382,Christina Morris,(785)338-9335x62419,"18927 Montgomery Points Suite 687, Tannermouth, UT 27020",28,G002,associate,False
P000202,Arthur Fernandez MD,+1-370-505-0506,"829 Sandy Camp Apt. 707, East Jacquelineberg, AL 23078",32,G002,associate,False
P000281,Christina Smith,2058313122,"8393 Mcmillan Crest Apt. 315, Glennfurt, SD 41951",39,G001,member,False
P002071,Frank Mccarthy,+1-729-865-3704x7680,"51834 Duarte Falls Suite 554, Rhodesville, PW 36667",61,G001,member,False
P003938,Monica Gibson,824.826.4487,"362 Marsh Tunnel Suite 141, West Ryan, MS 88648",44,,,False
P003828,Matthew Schmidt,(944)932-2208,"2969 Loretta Mission Apt. 150, Dylanview, MI 09870",22,,,False
P004988,Amy Yates,259-253-7704x31521,"9139 Jacobson Camp, South Jessicaborough, CA 99691",30,,,False
P004396,Ruben Sanchez,710.987.4244x355,"2882 Brett Wells Suite 393, Lake Robertville, MP 10023",41,,,False
P004215,David Munoz,8172063093,"10217 Meyer Ridges Suite 959, Danielletown, MD 13162",45,,,False
P000345,Mary Boyd,697.674.5731,"331 Teresa Circle Apt. 037, Lopezville, MA 27850",64,G005,member,False
P003437,Philip Lawrence,(680)411-6821x87406,"3556 Benjamin Spur, New Johnathan, LA 49016",46,G007,associate,False
P003355,Linda Velasquez,312.428.6835,"256 Kevin Fields Apt. 216, New Brianshire, ID 76658",27,G005,lieutenant,False
P004394,John Mooney,(918)294-3849,"0135 Kevin View Suite 294, Morrisbury, AR 04304",58,,,False
P002149,Taylor Brown,001-295-471-0706x114,"596 Nicholas Keys, Melissaburgh, HI 77474",46,G009,associate,False
P004754,Monica Ramos,562-849-9952x380,"PSC 1467, Box 5781, APO AA 73348",49,,,False
P003596,Billy Jackson,769.282.0254x20031,"56164 Jamie Shoals, Wesleyton, ID 17515",36,,,False
P000354,Jamie Liu,(912)287-5857x56766,"PSC 0612, Box 9439, APO AP 49405",34,G004,member,False
P004473,Jennifer Roach,862.724.3147x6670,"8358 Henry Expressway Suite 309, Robertsville, NH 15612",26,,,False
P003081,Omar Reese,+1-617-844-1170x72308,"819 Dixon Field, Williamview, ID 36611",39,G001,member,False
P003721,Amanda Blankenship,593.885.7359x405,"1061 Ryan Points Suite 494, East Debraburgh, LA 79423",58,,,False
P001077,Daniel Petty,(260)919-1090x48866,"4478 Elizabeth Passage, Christinaview, CO 63984",30,G007,member,False
P000787,Loretta Bradley,(238)430-9723x6108,"2016 Kelly Island Suite 864, Victorhaven, MO 42768",60,G007,lieutenant,False
P002121,Megan Schwartz,945.300.9706x440,"46115 Garrett Falls Suite 027, North Daniel, OH 08868",41,G001,member,False
P004022,Gregory Price,(885)540-6782,"USCGC Cisneros, FPO AP 42496",35,,,False
P002520,Kelly Weaver,300.920.3287x07896,"25091 Cortez Lake, Perezburgh, FL 24650",62,G010,associate,False
P002103,Anthony Larson,283-276-5397,"1080 Howard Ramp, Brianborough, MD 36203",65,G003,associate,False
P002183,Caroline Hines,987.513.8992,"4589 Matthew Street Suite 301, Davidland, WI 36840",50,G003,member,False
P003975,Devin Clark,7089906606,"36105 Douglas Brooks Apt. 401, Davidhaven, RI 15909",29,,,False
P004959,Taylor Obrien,001-587-859-3372x005,"388 Richard Freeway, Elizabethbury, TN 81308",57,,,False
P004648,Tyler Byrd,973-638-0715x58367,"9958 Dorsey Mountain, Jennyton, VI 93352",34,,,False
P003691,Lacey Jones,+1-444-399-7070x454,"975 Nathan Parkway Suite 961, Port Danielle, UT 97604",44,,,False
P003428,Judith West,+1-809-755-2980x717,"0911 Bowers Rue, Burgessport, PA 91130",45,G008,member,False
P004178,Taylor Huber,(530)790-8387x84322,"10808 Debbie Way, Port Allison, WA 08212",31,,,False
P003199,Kenneth Fowler,(566)975-5538,"9987 Kerry Valley Suite 893, New Kimberlymouth, MH 18569",54,G009,associate,False
P000465,Frank Woods,823-387-3670x4254,"5259 Brown Mission Suite 633, Haleymouth, SC 62915",53,G005,lieutenant,False
P003142,Anthony Murray,795-238-1013x611,"7566 James Mall Apt. 107, Farmerview, NH 30165",46,G002,member,False
P004193,Thomas Reeves,(632)592-8613x713,"Unit 6385 Box 6493, DPO AP 13014",52,,,False
P002809,Suzanne Cox,970-478-8359x944,"12086 Graves Islands, New Ashleyfort, AZ 14169",41,G009,member,False
P003299,Steven Tate,282-779-9140x41869,"040 Kevin Lakes, Port Nicholas, FL 54167",43,G009,member,False
P002204,Randy Kirby,001-985-769-1178x188,"PSC 8158, Box 9186, APO AE 31414",18,G004,associate,False
P002898,Amanda Brown,442.858.7977,"2297 Sarah Passage Apt. 824, Sherrystad, IN 94203",26,G008,member,False
P003436,Kayla Valdez,938-431-1410x095,"199 Sullivan Square Apt. 048, South Heather, CO 44637",62,G006,member,False
P003045,Jessica Silva,001-410-676-4326x314,"244 Audrey Isle, West Johnport, CT 05975",37,G005,member,False
P003342,Cindy Mccullough,638-595-5717,"23273 Stephen Crest Apt. 250, Lake Elizabeth, FL 56583",28,G002,member,False
P002372,Patricia Ortiz,844-283-0410x5458,"772 Hinton Island, Powellside, AK 64908",50,G002,lieutenant,False
P000462,Mark Vargas,+1-668-443-6453x804,"5096 Emily Stravenue, Smithland, MD 77589",19,G002,member,False
P002080,Casey Mccormick,821-994-0478x913,"684 Cynthia Lights, Lake Amanda, AS 17134",54,G010,member,False
P000572,Kenneth Bauer,717-215-2391x02929,"4830 Rhonda Ports, Gayland, IL 90517",64,G002,associate,False
P003569,Lisa Fuentes,001-911-447-7668x45427,"4438 Lin Overpass, Elizabethland, MS 23762",60,,,False
P003006,Megan Gould,972-605-0465,"71312 Williams Forks Apt. 653, Youngbury, MH 74582",25,G006,member,False
P004282,Randy Brown,(868)596-6724x980,"645 Santos Trail Apt. 212, New Brittany, FM 59043",43,,,False
P004632,Allison Gutierrez,328-265-7781x38612,"698 Lin Grove, East Sarahborough, MD 12668",38,,,False
P001802,Mark Lewis,866.617.0616x684,"098 Martinez Inlet, New Danielfurt, OK 52037",24,G002,member,False
P003465,Cheryl Thomas,001-560-538-0807x36511,"9750 Rebecca Pine Apt. 188, Lake Nicholeshire, NV 80749",29,G005,member,False
P004405,Misty Taylor,239-592-5449x3175,"USNS Bush, FPO AE 28934",34,,,False
P001277,Laura Sanchez,+1-452-845-7051x557,"324 Steven Lane, Lake Aliciafurt, WI 21564",44,G007,member,False
P001895,Kristin Dawson,(668)598-0106x52854,"361 Parrish Track, South Mariabury, SD 58849",63,G005,lieutenant,False
P003945,Pamela Maldonado MD,+1-739-218-0804x61990,"Unit 3664 Box 2774, DPO AP 21666",26,,,False
P000875,Benjamin Garner,4458059982,"34388 Kyle Key, Lake Kellyberg, AR 19539",30,G005,boss,False
P002274,Tammy Brooks,001-731-434-9460x78182,"522 Sandra Forge, North Larryburgh, PR 29963",18,G004,member,False
P000556,Lori Holland,857-988-7071x5238,"209 Hill Tunnel, New Bryanmouth, NM 80511",58,G006,member,False
P002361,Brian Miles,586.620.8927x9979,"480 Baker Locks, North Sethton, CT 61592",27,G001,member,False
P002578,Jessica Rodriguez,974-725-1869,"717 Delacruz Crossroad Suite 097, Zacharyville, WY 32814",65,G008,member,False
P002909,Karen Rose,895.240.6351,"145 Blackburn Field Apt. 386, Lake Rodneystad, CO 19131",42,G009,member,False
P000942,Brandon Thomas,288-586-8041x8693,"4564 Mcdonald Coves, South Benjaminbury, PA 89856",23,G002,lieutenant,False
P003282,Rebecca Manning,4629729741,"23423 Douglas Ford, New Sharonmouth, PW 83411",30,G002,member,False
P001542,Christopher Macias,389.287.4955,"55885 Bruce Drive, West Ricardo, IL 85388",32,G002,lieutenant,False
P004702,Paul Woods,(730)532-8231x11759,"17255 Scott Passage, Port Rachelhaven, FL 06107",27,,,False
P003328,Jacob Morgan,(560)257-2364x748,"6714 Moore Islands, North Darlenehaven, GA 86455",64,G008,member,False
P000686,Rebecca Harris,728.868.1123x0388,"93978 Joshua Junction, Port Andrewshire, SC 22380",51,G006,lieutenant,False
P000145,Andrew Moreno,676.959.9162,"9864 Adam Summit, New Alexandrahaven, AL 49656",56,G005,member,False
P001396,George Rogers,+1-576-263-3542x05095,"7282 Price Islands, Brownside, OR 36244",57,G006,lieutenant,False
P003825,Jennifer Neal,001-415-827-2773x820,"6558 Jerry Pines, Jackiemouth, GA 84808",25,,,False
P001609,Mrs. Jennifer Oconnor,(540)757-4119,"038 Heather Via, Jimeneztown, RI 89381",49,G009,boss,False
P001038,Tina Smith,(783)834-5573,"7004 Lewis Pines, Janicefort, IL 08482",59,G008,member,False
P002858,Laura Bailey DVM,001-249-456-6035x623,"7817 Vance Fields Apt. 951, Donnamouth, ME 60128",42,G008,member,False
P000167,David Gardner,(484)657-7600x4908,"50488 Clinton Mount, Ericview, MN 76805",26,G007,associate,False
P000105,Jasmine White,593-604-0785x93213,"96522 Brittany Valley, Robintown, VT 92324",33,G005,lieutenant,False
P002289,Jeremy Hughes,+1-858-973-1113x54925,"4313 Regina Creek Suite 613, Porterbury, FM 31377",53,G009,member,False
P001544,Kyle Hendricks,+1-414-654-8118x917,"749 Williams Cape Apt. 628, Reedside, MP 03400",62,G004,boss,False
P002994,Monica Davis,001-799-598-8704x6281,"USCGC Wagner, FPO AP 97593",56,G004,associate,False
P000058,Amanda Small,+1-244-473-6471,"3592 Hensley Island Suite 625, West Johnville, KY 59430",23,G008,member,False
P002632,Taylor Herman,944-496-3242x46604,"20900 Julie Fork Apt. 016, New Scotttown, WA 56961",19,G002,lieutenant,False
P002930,Shari Hamilton,380-809-8633,"373 Williams Bypass Apt. 800, Davismouth, NY 89792",29,G010,member,False
P000040,Matthew Tucker,664.238.1561x497,"34324 Murphy Avenue, Burgessburgh, DC 50335",64,G010,lieutenant,False
P004731,David Lamb,001-336-418-9025x82572,"97198 Andrea Centers, Danabury, MI 72510",65,,,False
P002609,Richard James,558-627-3720x4168,"504 Alexander Brooks, Vasquezhaven, VT 65294",26,G009,member,False
P000710,Susan Gonzalez,(796)215-1204,"5344 Swanson Wells Suite 227, Huertaport, MS 03797",32,G010,member,False
P002882,Brian Davis Jr.,860-782-8219x272,"5293 Tracy Park Apt. 302, New James, AL 72738",38,G002,associate,False
P004610,Joseph Gonzalez,+1-580-772-7247,"7612 Matthews Common, Sandovalfurt, TN 84668",63,,,False
P002243,Mary Allen,001-929-612-3811,"74326 Amanda Stream, Jasonbury, TN 64248",31,G003,associate,False
P001342,Keith Olsen,001-821-549-2413x71730,"306 Vega Parkway Apt. 681, Ramosborough, ND 52230",19,G002,member,False
P002950,Debra Stone,708-316-4877x39786,"525 Erin Via, Ginatown, KY 50270",27,G010,lieutenant,False
P002666,Patricia Harris,496-990-0705x53096,"698 Herrera Flat, North Seanchester, HI 53672",18,G006,associate,False
P001999,Taylor Mullins,300.979.8233,"563 Charles Parkway, Spencerville, WA 50837",36,G009,member,False
P003549,Lisa Palmer,(855)909-3488x27184,"272 Parker Highway Apt. 121, Brownfurt, AK 89439",29,,,False
P000521,Denise Alvarado,+1-223-865-3377x4604,"78436 Nicole Divide, Joshuachester, WI 02305",41,G001,member,False
P004776,Keith Shaw,(539)940-9186x4275,"5083 Joshua Orchard, Lake Joshua, DE 48246",45,,,False
P004785,Eric Gonzalez,(716)974-2484,"28284 Hicks Alley, South Nicoleborough, GU 21016",50,,,False
P002805,Anthony Mccarthy,+1-940-635-1957x3009,"48348 Rachel Corner Apt. 450, Collinsbury, IL 39760",33,G005,member,False
P003192,John Lewis,001-532-597-6911x318,"78381 Atkins Hollow Suite 376, Rodriguezville, OH 93811",60,G002,member,False
P003845,David Davidson,474-861-0828x0810,"699 Carolyn Burg Apt. 982, Port Monicaburgh, NC 41342",19,,,False
P001520,Todd Aguirre,475.287.5098x02075,"4390 Petersen Place, Timothyfort, ID 80963",49,G010,associate,False
P004078,Olivia Reed,+1-231-492-9273,"8493 Janice Road Suite 216, Ashleyville, MN 82913",20,,,False
P000725,Elizabeth Williams,(864)920-7632x71353,"9238 Bowen Village, Lawsonchester, MH 88558",55,G005,member,False
P002367,Dana Long,+1-277-636-4217x85722,"9174 Joann Plaza, Port Stephanieside, NE 79489",31,G007,member,False
P001976,Martin Stevenson,792.834.1024x250,"2684 Huang Plaza, Mcguiremouth, WY 57113",63,G006,lieutenant,False
P003287,Kristen Martinez,638.551.6631,"5708 Miranda Mountains, Erinborough, LA 27905",46,G007,lieutenant,False
P002914,Vincent Martin,+1-268-216-6401x748,"28783 Eugene Circle, Carsonmouth, VT 11861",51,G004,associate,False
P000336,Randy Hernandez,+1-681-596-0275x233,"640 Miller Divide, Lake Traciville, DE 60679",18,G006,member,False
P001994,Lindsey Forbes,5767337364,"1214 Sanchez Parks, Lake Michellemouth, NC 27518",62,G004,member,False
P003129,Destiny Mills,001-364-466-5935x23857,"70119 Debbie Fork, Seanfort, TN 94245",53,G009,member,False
P004166,Nathan Kerr,001-769-866-4852,"119 Fisher Road, Heathershire, AS 76192",19,,,False
P002090,Caroline Nelson,+1-602-938-7893x0381,"0962 Thomas Port, East Michael, OK 93695",59,G010,lieutenant,False
P003784,Darryl Waters,001-517-650-4012x80947,"1778 Camacho Lights, South John, FL 29678",24,,,False
P004745,Robert Barnes,559.672.8081x403,"74863 Shelton Dale Suite 035, East David, MI 88829",28,,,False
P003503,Jeffrey Brown,(403)900-8638x64999,"89818 Carrillo Loaf Apt. 918, Josetown, MO 75089",59,,,False
P002969,John Hall,708-537-0890,"96528 Collins Heights Apt. 649, Richchester, ND 80281",27,G009,boss,False
P001173,Kathryn Owens,5332257044,"6689 Sandoval Glens, Port Jasonton, KS 30330",42,G003,member,False
P001132,Eugene Phelps,408-914-3229x87663,"2338 Aaron Canyon, Lake Madisonton, AZ 48162",63,G002,associate,False
P002499,Mary Cochran,9736546007,"8564 Copeland Ranch Apt. 559, East Jon, FM 66541",33,G009,member,False
P001466,Kelli Cross,5428785710,"6956 Leslie Bypass, Austinland, DC 28584",23,G006,member,False
P002627,Matthew Jenkins,793-612-4838x27906,"8541 Mary Dale, South Patrick, PW 09939",22,G007,member,False
P004822,Patrick Allen,001-344-732-0846x424,"2071 William Circle Apt. 230, Hughesview, NH 06485",45,,,False
P004423,Linda Sanchez,001-805-620-6010,"PSC 9354, Box 6936, APO AE 83724",44,,,False
P002214,Adam Cruz,7505091719,"7408 Wells Mills, Dianeland, WY 89699",50,G004,member,False
P002191,Karen King,909-643-8054,"18608 Kelsey Mountain, Krystalbury, OK 30560",46,G001,associate,False
P002859,Marissa Spence,656.319.0424x462,"9748 Harrington Plaza Apt. 960, Nicholeborough, AS 99701",19,G009,associate,False
P004462,Kristen Cook,936.293.4184,"9848 Miller Mews, New Stephanie, KY 03803",51,,,False
P003814,Taylor Wilson,(831)674-7059x085,"46584 Flores Inlet Apt. 202, Port Robynshire, OK 89403",50,,,False
P000618,Julie Pierce,(695)203-1006x493,"45203 Williams Ridge, Calebside, ME 82664",27,G008,boss,False
P000112,Antonio Hughes,468.379.3741x60898,"USCGC Thompson, FPO AE 28273",40,G002,member,False
P004501,Victoria Johnson,(407)532-8591x7653,"PSC 5303, Box 2106, APO AP 81860",28,,,False
P001707,Mark Holland,700.621.4366,"823 Tina Inlet, Jenniferborough, MI 51304",26,G007,member,False
P004588,Cameron Goodwin,423-262-3067x53546,"90166 Vargas Lane, Scottchester, KS 75797",34,,,False
P001752,Laura Hernandez,(604)685-8965x49818,"USNS Stephens, FPO AA 46796",51,G002,member,False
P004805,Todd Gardner,(525)897-4549,"6787 Mcgrath Corner Suite 307, Wrighthaven, OR 87185",37,,,False
P000239,David Edwards,(774)856-4494,"728 Brown Drive Apt. 320, Greenmouth, NE 15708",38,G009,member,False
P003636,Ronald Smith,(421)310-8111,"09196 Hodges Station, Josefurt, VA 69763",60,,,False
P003978,Jordan Gonzales,4444979859,"3290 Cruz Station Apt. 125, South Alejandrostad, SC 35523",49,,,False
P001786,James Barnes,001-735-514-5228x232,"297 Jennifer Ranch Suite 577, Andreabury, MI 23606",39,G006,member,False
P000514,Sandy Nichols,217.394.1515x26384,"Unit 2252 Box 8837, DPO AP 46557",65,G004,associate,False
P003625,Jerry Curry,(379)884-7508x82462,"08311 Hunter Extension Apt. 317, Matthewville, IN 37519",30,,,False
P000092,Jennifer Donaldson,974.754.5892,"PSC 0017, Box 0127, APO AA 00589",52,G002,associate,False
P002226,Jeremy Owen MD,+1-797-689-2930x90772,"062 Johnson Trail, Rickyfurt, TN 52252",33,G006,associate,False
P002661,Anthony George,001-787-467-9936x891,"3477 Scott Key Suite 633, Erinville, RI 05239",31,G001,associate,False
P004566,Jennifer Schaefer,449-809-2391x20005,"2970 Smith Unions Suite 856, Lake Kristen, WA 31719",42,,,False
P004434,Angela Clark,+1-795-647-8836,"9757 Gutierrez Trace Suite 249, New Michael, WA 55707",44,,,False
P001159,Virginia Watkins,492.576.3985,"289 Rebecca Rue, Lake Courtney, WI 60718",37,G009,member,False
P000615,William Velez,762-980-5507x7406,"56239 Jessica Branch Apt. 855, North Trevorport, VA 04112",32,G005,associate,False
P002023,Gene Johnson,423.524.3969x64773,"292 John Dam Suite 061, Jenningsport, MO 03134",37,G003,member,False
P001730,Lisa Suarez,397.211.4917x946,"USNS Marsh, FPO AP 94578",19,G010,member,False
P000335,Sandra Solis,001-862-562-6582,"196 Hood Estate, Jamesland, AK 57834",50,G005,member,False
P001907,Jennifer Thomas,733-675-2145,"70048 Pham Trail, Frederickburgh, TN 45489",56,G007,member,False
P004855,Lisa Flores,752.266.0973,"32213 Baker Track, Lake Chelseatown, KY 31556",34,,,False
P000138,Clinton Jensen,631-329-0878x141,"5231 Harvey Fields Suite 775, Heatherberg, OK 74800",55,G008,lieutenant,False
P000186,Kelly Smith,2916570184,"3344 Mejia Skyway, West Edwardview, DE 02500",20,G006,member,False
P003543,Laura Serrano,(434)492-6813,"88324 Burch Roads, Rogersburgh, NC 40664",57,,,False
P003202,Austin Johnson,605.273.7733x9871,"98432 Melody Flat Apt. 544, New Lorettabury, NM 22222",20,G002,member,False
P004627,Gregory Henderson,001-583-763-7667x356,"2662 Hannah Islands Apt. 506, Michaelafurt, VA 02065",34,,,False
P004209,Melissa Cummings,(992)595-2866x5580,"6038 Michelle Burgs Suite 566, Jamesland, CO 94693",39,,,False
P004276,Timothy Hendricks,001-718-309-1933,"2748 Christopher Union Apt. 043, South Adrienneberg, AL 56333",59,,,False
P002398,Peter Taylor,938.744.4611,"711 Chan Hill Suite 415, South Whitney, KS 44398",60,G008,lieutenant,False
P004898,Leah Miller,001-886-510-4255,"42665 Doyle Viaduct Suite 333, Smithland, MN 32219",30,,,False
P002217,Melissa Thompson,(738)302-6492x8031,"65817 Thompson Rue, West Taylor, ID 56104",31,G007,member,False
P003381,Kelly Mahoney,533-687-6575x82408,"393 Morales Isle Suite 378, Port Tina, CT 43347",47,G001,member,False
P001932,Robert Clark,433.431.4932x54859,"6534 Bishop Square Apt. 090, East Meganland, AL 05645",56,G002,member,False
P001395,Karen Olson,240-357-7025,"9409 Ellis Islands Apt. 563, Greenview, WA 72534",40,G005,member,False
P002408,Tonya Vance,(982)904-3281x27731,"789 Lopez Plains, Mooreberg, NH 46289",62,G008,associate,False
P001158,Stephanie Porter,(510)575-2400,"09724 Brock Dam Suite 426, Keithland, NE 98141",47,G008,lieutenant,False
P002298,Jennifer Long,001-202-397-2945x13560,"8106 Glenn Village, Glendaborough, SD 52833",39,G008,member,False
P002856,Tammy Meyer,(546)441-2663x0596,"17773 Newton Terrace, East Leslie, AS 34565",50,G006,member,False
P002978,Michael Craig,(513)995-1167,"2202 Martin Tunnel Suite 238, Lake Joseph, TX 58736",53,G008,member,False
P000068,David Molina,649-390-4530x17426,"9332 Hernandez Summit Suite 687, Port John, WV 78595",59,G008,associate,False
P003403,Anthony Rush,368-374-2912x93043,"12155 Austin Mountains, East Mark, WI 96969",30,G003,associate,False
P002117,Dennis Diaz,497.423.5919x98855,"0259 Kelly Valleys Suite 542, Port Benjamin, LA 96013",24,G007,member,False
P000240,Tammy Williams MD,001-487-477-1215x134,"939 Alicia Ports Apt. 613, Rhodesmouth, AK 37762",46,G010,member,False
P003152,Larry Cook,001-432-850-8580x4267,"249 Hinton Motorway Suite 692, Christinachester, OK 17302",53,G002,member,False
P001834,Jermaine Nelson,001-510-973-8232x2583,"233 Rivera Crescent, Joshuafort, NM 53567",32,G004,member,False
P000134,Angel Zimmerman,532.781.8268x86153,"98780 Elizabeth Mission Apt. 993, Lake Nicolefurt, PW 15361",36,G004,lieutenant,False
P001007,Michael Blake,762.974.5116x089,"PSC 0152, Box 2133, APO AA 93472",43,G007,associate,False
P003672,Jesse English,(520)491-4790x815,"71724 Hernandez Freeway, Lake Jessica, MN 83285",64,,,False
P003426,Margaret Williams,826-536-2742x25853,"PSC 0299, Box 8355, APO AA 00760",64,G006,member,False
P004626,Mallory Hernandez,8173375314,"77778 Crystal Heights, South Jessica, WY 82706",57,,,False
P000294,David Alvarez,+1-812-587-1539x91566,"1115 Julie Crescent, Davidmouth, MS 76118",42,G004,member,False
P000218,Julie Johnson,9245471462,"1959 Cunningham Ways Suite 715, Port Jordanshire, AR 19655",54,G008,lieutenant,False
P001306,Andrew Wong,651-751-7975x19378,"3445 Elizabeth Road, Hendersonburgh, DE 26369",54,G006,associate,False
P004440,Janet Tucker,728.882.3050x46360,"6708 Marc Squares, North Leslietown, NM 31711",47,,,False
P004153,Abigail Poole,969-767-5344,"17236 Joshua Junctions Apt. 892, Lake Tiffanyburgh, OH 89537",38,,,False
P004593,Dr. Shawn Mejia,(576)455-8151x961,"853 Krueger Camp, Justinfurt, WV 83750",43,,,False
P001584,Timothy Crawford,212.507.8003x78101,"234 Lisa Lodge, New Ginatown, OK 61323",22,G004,associate,False
P001279,Michelle Thompson,001-732-680-6253x941,"89258 Christopher Trafficway Apt. 035, Walkerborough, MH 21277",52,G009,associate,False
P000804,Justin Benson,440.829.2864x330,"USNV Costa, FPO AP 04376",61,G004,member,False
P001541,Tony Myers,954-215-1980,"2929 Sweeney Drives, Robinsonside, WI 31658",22,G001,member,False
P003188,Jerry Franklin,717-506-4952x76165,"664 Ronald Turnpike, Chadshire, TX 61921",35,G008,member,False
P003919,Kristen Bond,(339)624-0985,"9134 Smith Rapid Suite 341, Chapmanside, MT 53894",24,,,False
P001190,Erika Vega,809-859-1450x49723,"72865 Amber Crossing Suite 204, Lake Angela, WV 87287",22,G010,member,False
P001514,Stephanie Campbell,001-212-303-8467x2644,"891 Frazier Views, Tinamouth, FM 84468",64,G004,associate,False
P004028,Mary Daniels,730.385.5846x5286,"95515 Steven Dale Apt. 135, North Andrea, VT 59069",49,,,False
P000834,Joe Hood,(450)584-2324,"41724 Jennifer Junctions, Port Raymond, CT 43443",36,G004,lieutenant,False
P000219,Shawn Taylor,(304)556-5044,"92855 Nelson Square, Codyshire, MI 19338",20,G009,lieutenant,False
P004636,Melinda Martinez,(298)503-0321x1383,"6778 Michael Ramp, North Seantown, MT 74977",53,,,False
P004832,Mrs. Shirley Smith,276.449.7789x536,"PSC 5674, Box 8655, APO AP 66703",55,,,False
P003043,Joseph Lewis,501.531.6889x780,"16495 Scott Tunnel, Port Stephaniefort, AZ 42690",49,G003,member,False
P003451,John Jones,2796851921,"271 Graham Flat Suite 317, Douglaston, ID 95771",63,G001,member,False
P003753,Julie Stevens,756.844.8487,"064 Delgado Green Suite 609, Mahoneyhaven, VI 33604",50,,,False
P003172,Renee Hayden,718.593.2766x5268,"401 Mckinney Locks Suite 446, East Joshuachester, MO 55453",62,G002,associate,False
P004878,Dave Moreno,(204)593-5234x47784,"2936 Cody Ridges Suite 050, Jasonmouth, AL 62221",43,,,False
P003049,Jerry Campbell,253-696-6086,"18514 Escobar Mount Apt. 689, Leslieland, NC 79912",46,G009,associate,False
P004921,Crystal Owens,+1-517-748-5623x419,"20008 Terrell Glen, South Brooke, NH 39951",25,,,False
P001591,Jon Meyer,774-225-0743x8203,"8677 Cook Bypass, Jamesmouth, NJ 83998",43,G001,member,False
P001937,Henry Estrada,7124199149,"530 Kim Loaf Suite 497, West Latashaport, KS 47795",63,G007,member,False
P001199,Katherine Buchanan,+1-476-257-6664x76085,"296 Rivera Islands Apt. 175, West Ashleyside, NC 65395",54,G009,member,False
P004474,Miss Tina Jones,940-754-6911x88323,"405 Morris Lake Suite 532, Blevinsmouth, OH 65048",34,,,False
P004764,Derek Castillo,794.915.5757x91181,"26859 Fuentes Turnpike Apt. 697, Rachelstad, KS 94472",41,,,False
P004514,Paul Pham,856-959-7318,"522 Olsen Groves, Lawrenceshire, MT 72603",18,,,False
P000312,Brett Mcmahon,+1-654-773-8202x368,"PSC 7161, Box 7688, APO AE 22381",59,G002,associate,False
P000014,Daniel Kennedy,001-221-248-9513x4332,"176 Jennifer Lights Suite 632, Port Michelleville, WI 56225",32,G004,member,False
P001127,Patrick Sullivan,974-826-4404x7832,"581 Wallace Walk Suite 499, West Paul, NV 87500",59,G007,boss,False
P001092,Stephanie Rivera,001-413-518-4560x59934,"91294 Small Fork, Port Lisaland, KY 04560",36,G002,associate,False
P003226,Lori Ward,528-855-2799,"8010 Julia Motorway Suite 870, Claytonhaven, TX 61412",33,G006,associate,False
P001995,Dawn Wise,+1-763-723-1026,"USCGC Campbell, FPO AA 90021",37,G005,associate,False
P003209,Jeffery Gates,001-403-568-4069x72257,"07264 Sherry Overpass, West Bryce, AZ 89671",57,G009,associate,False
P001883,Tyler Davis,(343)333-5199x9721,"0993 Robert Mountains, Mccoyberg, AR 83649",49,G003,member,False
P003879,Tracy Chen,001-624-258-6048x8577,"51109 Linda Islands Suite 679, East Maria, UT 04936",37,,,False
P000273,Jonathan Payne,543-711-1508,"4439 Yesenia Terrace Suite 044, Kristafurt, MO 76516",33,G003,member,False
P002996,Robert Reed,778.263.8584x77267,"890 Robinson Estates Suite 575, Beckside, PR 87963",56,G006,member,False
P001390,Michael Watson,+1-315-795-9043,"USCGC Parrish, FPO AE 65677",20,G010,member,False
P000562,Daniel Thompson,+1-636-478-1367x500,"1052 Reyes Pines, Lake Brittanyfort, OH 08383",26,G002,lieutenant,False
P003490,Stephanie Rowe,+1-900-818-7109x126,"283 Alexis Ford, New Jamieside, SC 85654",35,G010,lieutenant,False
P002108,Manuel Coleman,5075481335,"USNS Farley, FPO AP 36587",58,G008,associate,False
P003761,Gabriel Ritter,922-722-9095,"1975 Schneider Bridge, East Shawn, IA 23291",27,,,False
P000858,Jonathan Clark,519.821.4967x9146,"Unit 6432 Box 0317, DPO AP 18681",50,G008,member,False
P001207,Richard Miller,+1-907-571-8235x327,"4761 Martinez Knolls Suite 355, Angelaville, LA 61862",58,G007,associate,False
P004184,Michaela Leon,890-945-2365,"474 Castillo Forges, Myersmouth, SC 61607",28,,,False
P004850,Ryan Saunders,+1-820-632-6963x35100,"2077 Barbara Crest Suite 886, North Timothy, MN 02568",64,,,False
P003343,Charles Santos,001-826-748-1312x24304,"413 Lisa Stream Apt. 710, Dylanfurt, MI 73902",22,G003,associate,False
P003966,Stephanie White,677-976-9564,"706 Nathan Stream, Williamsview, AR 34788",53,,,False
P000889,Douglas Nash,765-881-8981x06173,"3129 Zavala Lakes, Shaneburgh, WA 99236",51,G009,member,False
P000901,Rebecca Peterson,(888)873-4496,"0617 Monica Way Suite 901, Christineland, CO 03950",21,G001,member,False
P000967,William Henderson,722-547-4098,"03350 Moon Locks Apt. 232, Codytown, NM 93391",54,G007,member,False
P001314,Beth Jackson,(496)456-9325x96276,"27534 Amanda Ridge, Tammyfort, MP 74035",52,G004,member,False
P002266,Theresa Montes,+1-936-206-2037x6020,"66803 Ryan Rest Suite 607, West Peggychester, AK 06311",46,G006,member,False
P001719,Jennifer Gonzalez,6737987148,"USNV Bradshaw, FPO AE 04387",44,G009,member,False
P002695,Michael Castillo,+1-317-913-5951x846,"1271 Tracy Turnpike Suite 198, Medinaborough, GU 31864",18,G005,member,False
P000424,William Hall,550.827.1607,"3369 Christopher Extensions Apt. 231, Yangstad, WA 42035",54,G004,associate,False
P001555,Amanda James,001-576-734-4334x60263,"629 Johnson Extension, Edwardstad, VA 95142",57,G005,member,False
P001889,Ruth Miller,+1-693-782-8918x35073,"68151 Joseph Dale Suite 856, Martinfort, VT 99268",23,G009,member,False
P004089,Joseph Jimenez,(622)698-1248,"3604 Pope Vista, Washingtonbury, PA 47872",63,,,False
P004488,Christina Peterson,+1-292-434-2666x61952,"25856 Rodriguez Inlet Suite 994, Justinburgh, UT 26224",32,,,False
P000139,Eugene Patterson,9539364525,"8129 Meagan Walks Apt. 834, Lake Charlestown, PR 66977",51,G009,member,False
P002425,Ruben Mccoy,937.211.9351,"Unit 7165 Box 0817, DPO AE 27219",31,G005,member,False
P000429,Nicholas Turner,001-279-888-9425x652,"02032 Morris Ports, Webbstad, ID 82907",46,G009,member,False
P001468,Brian Gonzalez,(677)563-8319x18043,"756 Thompson Point Apt. 801, Ramirezburgh, PA 12493",35,G008,member,False
P001126,Kevin Lopez,5386878218,"167 Powell Summit Suite 208, West William, CO 24827",54,G006,member,False
P000552,Elizabeth Williams,364-840-3734,"77822 Alexis Estates, South Patriciashire, ND 24407",30,G002,member,False
P004558,Jeffery Green,+1-829-822-0122x3373,"949 Kristina Parkway Apt. 480, Sarahtown, MT 55913",48,,,False
P004007,Gregory Yates,001-249-308-6013x74287,"Unit 8997 Box 1907, DPO AE 76579",49,,,False
P001341,Patrick Morgan,+1-572-268-3950x7051,"2128 Lonnie Plaza Apt. 870, South Michelle, NC 44226",50,G001,member,False
P000333,Kimberly James,+1-364-991-1110x96179,"463 Kimberly Plaza, Wilsonfort, DE 46456",40,G003,associate,False
P003968,Tammy Nguyen,+1-424-227-5024x9870,"9346 Powers Shore, Collinsberg, HI 12323",36,,,False
P001873,Alan Brock,592-508-6537x49455,"665 Wilkerson Gardens Suite 781, Port Vicki, NC 72368",48,G003,member,False
P004596,Kevin Jenkins,001-396-790-6858x78618,"29325 Wells Ville Suite 079, South Sheena, WI 39326",26,,,False
P001903,Alexander Suarez,001-433-244-5397x508,"9802 Ramirez Drives Suite 836, Lake Nicholas, PW 94558",41,G003,lieutenant,False
P001807,Claire Mckenzie,201-233-9893,"76584 Daniel Hollow, West Ryantown, FL 46631",57,G007,member,False
P002393,Alyssa Jenkins,207.735.2675x65298,"61004 Crosby Brooks, Danieltown, CT 74414",27,G003,member,False
P004742,Michael Bell,(997)317-1912x3731,"Unit 1054 Box 8312, DPO AE 74264",23,,,False
P003281,Steve Pierce,(671)701-2739x786,"8850 Pacheco Crescent Apt. 970, East Cynthiastad, AK 87934",22,G001,lieutenant,False
P000372,Nicholas James,+1-911-939-8986x8180,"435 Lauren Lake, South Leslie, DE 91343",30,G002,lieutenant,False
P001583,Todd Heath,(595)208-3860,"8675 Kennedy Land Apt. 515, West Doris, NM 37785",48,G003,member,False
P000975,Joseph Ali,(953)337-7730x31678,"1548 Nunez Bridge, East Joseton, DC 49646",48,G005,associate,False
P002144,Thomas Jones,211-989-0983,"30913 Crystal Rest, Shorttown, GA 02844",38,G004,member,False
P003340,Sarah Huynh,001-201-354-4014,"030 Jessica Roads Suite 641, Sweeneyville, TN 26747",21,G010,lieutenant,False
P001739,Donna Webb,001-365-530-9246x430,"7504 Devin Manor, Torresbury, UT 49450",32,G009,lieutenant,False
P003459,Scott Walker,882.861.8329x4111,"495 Ryan Street, Port Melissatown, MI 05626",39,G009,member,False
P004669,Scott Myers,2335089729,"650 Misty Summit Apt. 155, Lake Heather, GA 72156",31,,,False
P002671,Brian Wright,001-250-224-8552x5687,"7298 Bradley Key, Claytonmouth, PR 97027",49,G001,member,False
P004020,John Richards,661-373-2698x7966,"0443 Deanna Manor, Kellyfort, AK 19686",49,,,False
P004418,Scott Frey,001-811-706-1703,"27421 Lynch Lakes Suite 252, North Michelle, PR 67036",35,,,False
P000988,Michelle Bernard,+1-977-431-7394x624,"USNS Mcguire, FPO AP 46244",33,G008,member,False
P002796,Heather Fisher,(629)556-7230x8554,"9374 Lane Square Suite 688, New Katherine, TN 95173",65,G006,member,False
P003024,Stephen Marquez,(653)816-6504x344,"177 Rick Freeway, East Kimberlyhaven, FL 75568",47,G004,lieutenant,False
P003994,Latasha Mcmillan,(437)232-8886x2584,"2442 Jade Trail, Port Stephenport, VI 38232",65,,,False
P002769,Darren Soto,7682312928,"59070 Marshall Knolls, West Ericstad, WY 92698",54,G009,member,False
P003411,Lori Vargas,(884)427-5846x62344,"Unit 7876 Box 1870, DPO AA 63042",35,G001,member,False
P003980,Brandon Barnes,667.537.7935,"004 Gerald Creek, Lake Alexandria, KY 73687",24,,,False
P001099,Erica Hawkins,604.973.1483x687,"0703 Cruz Wall Suite 600, Grayberg, GA 72541",29,G009,member,False
P000543,Angel Hall,(391)601-5709x085,"74926 Wang Ports, Kaneport, MP 72944",62,G003,member,False
P004865,Robert Jackson,(981)729-9803,"31236 Angela Forest Suite 949, Bettybury, NY 23178",24,,,False
P001881,Samantha Koch,657-241-2512x18833,"9194 Chaney Station, Crystalfort, MH 57776",19,G001,associate,False
P001059,Colin Lara,203-848-4843x770,"595 Kevin Falls Suite 449, Pattersonmouth, LA 18613",64,G009,member,False
P001083,Anna Weaver,(880)761-9499x913,"1919 Martha Ports Suite 871, Nortonfort, CA 63812",51,G003,member,False
P002287,Elizabeth Martinez,349.219.2832x4951,"702 Dean Cliffs Suite 993, Jenniferside, WI 59876",54,G007,member,False
P002613,Luke Reese,(815)373-2083,"228 Lawrence Mountains Apt. 110, North Molly, NC 15154",45,G003,member,False
P004704,Timothy Robinson,(815)374-8563x667,"17487 Schneider Viaduct Suite 209, East Julia, DE 63879",23,,,False
P001628,Valerie Navarro MD,001-393-720-5065x0696,"PSC 8445, Box 2364, APO AP 35154",48,G008,member,False
P000795,Alyssa Hernandez,(937)290-0654,"7954 Courtney Mills Suite 755, New Alicia, GU 71888",52,G005,member,False
P003979,Devin Flores,488-267-9787x95934,"9043 Berry Island, East Garyside, AL 76235",61,,,False
P000126,Carolyn Howard,894.915.5216x674,"20216 Pham Springs, Whitefurt, WI 47503",49,G006,lieutenant,False
P001070,Robert Love,001-500-589-4234x03704,"188 Amanda Lakes, Waltersland, DC 47693",52,G010,member,False
P003302,Brian Ross,(552)606-0579,"214 Miller Junction, Halemouth, MO 06447",62,G002,member,False
P000915,Emily Gill,001-818-500-3814,"2195 Garner Garden, Port Brianaville, HI 08799",51,G005,member,False
P004575,Tracy Cox,+1-737-563-6723,"31107 Williams Freeway, North Carlosview, PW 89723",21,,,False
P002537,Tracy Cochran PhD,001-268-392-6855x127,"0637 Kristie Shoal, Matthewstad, MT 93661",42,G007,member,False
P004159,Hannah Smith,001-532-327-5222x4046,"3671 Cory Vista Suite 021, Keyfurt, AR 80410",50,,,False
P000322,Danny Burgess,326-906-5019,"25213 Alexander Village, Hernandezburgh, NJ 97960",28,G002,associate,False
P003498,Ronald Hughes,687.723.9517,"132 Ford Flats Apt. 441, Weavermouth, OH 84439",48,,,False
P002899,Patricia Jackson,001-920-209-2996x95280,"88158 Daniels Spurs Apt. 279, West Raymond, MA 47424",32,G009,lieutenant,False
P002097,Jennifer Banks,001-826-521-6847x2020,"09244 Hunter Knolls Suite 056, Mitchellshire, AS 52119",42,G007,member,False
P002340,Tommy Calderon,821-326-1090,"967 Bentley Wall, Gonzalestown, ID 37749",51,G010,member,False
P004628,Nicholas Gonzalez,+1-271-954-5165,"2337 Snyder Extension, Patriciachester, DC 67851",51,,,False
P004457,Michael Barrera,001-437-879-6766x7273,"02773 Wallace Plain, Rebeccaburgh, MT 24653",54,,,False
P004062,Faith Keller,(334)430-0873,"71683 Williams Drive Suite 167, Port Justinview, ME 85857",34,,,False
P000755,Anthony George,(264)307-0308,"82968 Denise Trail Suite 485, Lake Melissamouth, FL 68178",46,G005,associate,False
P001795,Krista Fischer,979-663-3050,"44327 Margaret Ramp Apt. 980, Lake Abigail, SD 35064",42,G005,member,False
P001711,Scott Villa,(976)331-1431x0753,"64293 Laura Skyway Suite 614, New Jessica, MP 95896",64,G001,member,False
P003973,Lisa Galloway,509.395.6736x26171,"6406 Miller Flat, South Theresa, RI 88482",61,,,False
P003746,Mr. Timothy Harper,+1-234-457-4652x3208,"33336 Tyler Mews Apt. 040, Amberville, AS 45520",34,,,False
P002437,Ryan Jackson,(669)531-8606x231,"3730 Perez Knoll Suite 276, North Austin, OR 64746",53,G007,associate,False
P003559,Robert Martin,001-405-568-7609x474,"4639 Smith Spur Suite 952, Patriciaburgh, CA 41390",54,,,False
P002766,Susan Thomas,001-801-487-3637,"08600 Craig Creek Apt. 416, Veronicamouth, RI 54038",55,G006,member,False
P004756,Ashley Beard,730.635.6931,"49264 Catherine Mountains Suite 287, Bennettshire, VT 41716",65,,,False
P004755,Jessica Christian,272-827-7322,"0890 Kirk Drive, Port Rebeccaside, CT 82012",45,,,False
P004302,Stanley Obrien,815-204-4288x60207,"34573 Nicholas Mountains, Aarontown, OR 30886",34,,,False
P001352,Brandon Ferguson,755-410-9542,"56880 Holland Pine Apt. 072, Jonesfurt, ID 27439",37,G002,lieutenant,False
P002242,William Hoover,5017755049,"1277 Charles Underpass, Johnhaven, NM 78813",45,G002,associate,False
P003409,Alexander Brown,419.571.7576,"5663 Foster Street Suite 335, Rebekahberg, WV 96939",47,G009,member,False
P000199,Destiny Simmons,+1-954-321-4066x50442,"627 Douglas Trafficway, Robinsonville, PW 58379",35,G009,associate,False
P003613,Kathleen Miller,835.328.0987,"65279 Garcia Glen Apt. 203, North Brian, TN 49926",37,,,False
P004421,Nicholas Waters,9709052047,"310 Valerie Knolls Suite 386, Jeremyview, OK 00915",48,,,False
P000683,Sharon Kelly,+1-373-644-6717x76296,"99946 Green Junctions Apt. 999, Lake Benjaminton, ND 78564",43,G003,member,False
P004938,Gina Wiggins,623.903.7472,"868 Ho Plains, East Phillip, MH 58710",39,,,False
P000119,Deanna Barnes MD,6994353875,"1724 Stacey Isle, East Michaelport, MT 43927",26,G009,member,False
P001526,Roger Webb,686-552-3080x4533,"70002 Benton Mountain, Matthewmouth, MI 27019",47,G006,lieutenant,False
P001980,Charles Rivera,5624741570,"41614 Matthew Harbors Apt. 491, Port Kyle, MI 87574",18,G010,member,False
P003107,Timothy Coleman,315-621-3867x417,"907 John Points Suite 568, Michaelfurt, CO 56873",25,G007,lieutenant,False
P002669,Timothy Wilson,2943597513,"08163 Mason Corner Apt. 502, Hubbardmouth, SD 57958",27,G009,member,False
P001850,Tracy King,(326)572-4089x62870,"6670 Erica River, New Stevenmouth, DE 01452",46,G010,lieutenant,False
P004827,James Lee,610-850-5481x05482,"1817 Brett Ridges Apt. 761, East Cynthiashire, WY 33185",64,,,False
P002143,Ethan Schroeder,533-333-0561,"2367 William Summit, East Judithstad, VA 83349",60,G003,lieutenant,False
P003526,Melissa Perez,3789466956,"27388 Diana Wells, Sloanview, CO 32699",47,,,False
P003489,Terry Mercado,+1-314-867-2608x860,"38970 Thomas Village, Lake Patriciahaven, GU 14443",22,G009,associate,False
P001094,Joel Barton,001-463-555-8774x52634,"254 Adkins Crossroad Suite 351, South Taraside, WV 24954",23,G004,lieutenant,False
P000019,Eric Byrd,(863)719-3149x1905,"67165 Zimmerman Mews Apt. 849, Marshallshire, KY 42746",31,G009,member,False
P003774,Michele Wells,381-290-8154x85003,"731 Mitchell Brook Suite 556, West Nicole, AK 02960",21,,,False
P004651,Katie Harris,421-533-3751x8793,"21810 Martinez Street, Eugenemouth, FM 26077",47,,,False
P001825,Katie Miller,(284)905-4165x2370,"90032 Tamara Meadows Apt. 734, Hicksport, IA 21572",23,G005,member,False
P001166,Mark Ruiz,232.614.9997x032,"743 Kristopher Curve Apt. 065, Port Bradytown, LA 52287",22,G006,associate,False
P001454,Zachary Christian,367.621.1567,"246 Hurley Row, Lake Johnland, MT 43237",59,G004,member,False
P003989,Thomas Clark,506.882.5753,"621 Olivia Corners Apt. 427, Thomaschester, IN 95352",43,,,False
P000234,Mark Haynes,+1-418-937-6064x41343,"41776 Love Wells Apt. 248, West Robertside, WA 43331",29,G004,associate,False
P001327,Bailey Ewing,(316)540-7870x481,"73965 Timothy Road Apt. 959, Alexanderfort, UT 08521",42,G007,member,False
P000490,Keith Medina,(249)314-1686,"7894 Gonzalez Center Suite 791, Kimmouth, DE 18815",44,G010,member,False
P002639,Stephanie Garcia,(372)665-4258x660,"Unit 1160 Box 8107, DPO AA 87906",44,G009,member,False
P003711,Dawn Glenn,676-961-4258x5793,"1241 Conner Rest Suite 245, New Donaldbury, AR 11814",49,,,False
P000706,Miranda Sanchez,411.681.5198x545,"40153 Farmer Harbors, Jenkinsmouth, MD 49661",36,G006,associate,False
P001355,Michelle Clark,577-590-5340,"518 Daniel Lodge, Ambertown, GA 33207",37,G005,member,False
P001871,Justin Tyler,+1-234-259-4893x0494,"06956 Carrie Squares, East Sarah, MH 25492",34,G001,associate,False
P004200,Julie Ortega,(680)812-8912,"737 Jerry Park Apt. 161, South Derekland, CO 15220",43,,,False
P000887,Mr. Martin Morales,915.292.2912,"1040 Newton Spur, New Clinton, ND 59701",29,G007,member,False
P001816,Edwin Miller,001-792-342-7934x682,"87351 Andrea Orchard, Allenland, KY 37810",33,G006,member,False
P002734,John Lee,374-481-6743,"2596 Walker Hill, Stewartborough, SD 14211",44,G004,associate,False
P001446,Terri Perez,+1-406-931-9053x7693,"746 Harold Passage, Stewartland, CA 98393",26,G006,lieutenant,False
P001614,Michael Walsh,9118233016,"673 Jeffrey Stream Apt. 684, West Johnport, MO 22765",25,G004,associate,False
P001495,Angela Hernandez,8444712083,"8562 Lisa Plains Suite 173, Port Shannon, MT 03821",50,G005,member,False
P000083,Douglas Hartman,(619)339-8280x737,"724 Johnny Drives Suite 617, Aguilarside, NY 91164",37,G003,associate,False
P002509,Joseph Peck,001-433-513-8634,"493 Adkins Creek, West Coryfurt, HI 73360",38,G009,member,False
P004611,Jennifer Sanchez,921-624-3249x19349,"086 Jamie Skyway Suite 850, Shannonton, FM 65151",51,,,False
P001030,Brandy Rogers,648-629-8781x92147,"42937 Timothy Plaza Suite 721, Russellmouth, HI 65910",63,G010,member,False
P001391,Mark Sutton,976.231.0323x1976,"1684 Ramirez Ramp Suite 458, West Felicia, CO 87569",41,G001,associate,False
P000821,Paul Lee,344.637.6734,"01679 Benjamin Glen Apt. 160, Bethshire, TN 86706",36,G001,associate,False
P004116,Grant Bryan,+1-281-207-0627x5244,"991 Chris Flats Suite 215, New Cindychester, HI 85921",38,,,False
P003397,Tina Griffith MD,445-430-7300,"77376 Brooks Camp, Paigefurt, WV 24757",55,G007,associate,False
P003425,Heather Rodriguez,(397)549-7866x439,"45509 Lawrence Alley Apt. 451, New Cody, RI 42572",47,G005,member,False
P001616,Dustin Glass,7597157981,"552 Scott Road Suite 221, Gonzalezside, ME 19054",45,G006,member,False
P004211,Mary Wood,(407)590-5973x791,"96361 Joshua Route, Port Jo, CA 50880",22,,,False
P003493,Angela Wyatt,826.330.3599x40123,"33397 Kayla Island Suite 156, Jamesville, DC 27325",58,G003,member,False
P002114,Ashley Cummings,(244)377-2911x8844,"082 Christopher Ramp Suite 172, Williamside, DC 89984",57,G004,member,False
P000808,Margaret Tucker,464.714.9003x850,"4486 Taylor Place, New Aaron, NJ 99464",37,G008,member,False
P001527,Patty Hamilton,516-738-2511x7230,"2633 Amy Center, Angelatown, ND 91120",28,G007,boss,False
P001143,Robert Jennings,001-522-905-1356,"0075 Roger Summit, Natashahaven, MT 84251",56,G003,member,False
P001718,Brett Whitehead,456-385-4026,"036 Geoffrey Spur Suite 185, East Brooke, CO 56539",59,G008,member,False
P004300,Kathy Mullen,001-868-557-3242x78691,"5268 John Glen Suite 219, North Robert, IN 65463",26,,,False
P004935,Janet Baker,001-988-802-3605x2578,"73199 Raymond Haven, Kellyberg, LA 90802",54,,,False
P002780,Ruth Banks,349-730-9982x332,"233 Kimberly Corner, Josephfurt, GA 52368",25,G010,member,False
P001250,Matthew Koch,251.448.5507,"2606 Campbell Coves, Crystalville, WA 39423",19,G010,associate,False
P001983,Tina Paul,(351)683-5914x6120,"834 Adam View Suite 160, Lake Anthonybury, WI 14890",28,G003,member,False
P000270,Alisha Byrd,(315)334-7355x2896,"38655 Rowland Gardens, Port Christinaborough, PR 70685",33,G010,member,False
P002732,James Taylor,333.413.2562,"40551 Mccall Trail Apt. 977, New Casey, DE 88701",58,G002,member,False
P002738,Adam Cabrera,+1-726-837-4068,"15724 James Lock Suite 464, New Rebecca, PW 74497",24,G008,member,False
P000114,Olivia Ayers,991-948-5646,"2996 Randy Isle Apt. 074, Andrewport, ME 37246",21,G004,associate,False
P003096,David Robinson,330-539-5194x68787,"85433 Long Vista, New Jenniferburgh, WA 00654",62,G006,associate,False
P004122,Travis Holmes,945.681.2691,"5005 Jessica Roads Apt. 904, New Mark, NJ 03903",41,,,False
P001026,Victoria Goodman,625-326-9420x416,"4051 John Tunnel, Port Sean, NE 99013",43,G006,member,False
P000320,Diana Davis,(726)455-7676,"6878 Patel View, South Christopher, VT 55792",28,G010,associate,False
P002148,Darlene Peterson,753-967-9326x334,"75966 Stephanie Highway, Donnafurt, MN 68583",39,G008,member,False
P001418,Amy Harrison,(778)390-2764,"Unit 0050 Box 1985, DPO AA 43545",63,G008,boss,False
P003312,Lori Holmes,727-508-3971,"713 Pineda Roads Apt. 839, Kentmouth, SC 11737",36,G002,associate,False
P000248,Heather Kennedy,(493)941-7223,"4338 Yvette Knolls Suite 522, Port Brycechester, DE 81446",27,G008,associate,False
P001710,Matthew Munoz,400-994-4300,"65694 Sean Loop, New Alan, SC 69463",54,G010,lieutenant,False
P002229,Elizabeth Nelson,615.565.0371x5007,"8201 Austin Stravenue, West Lindsayfurt, PR 23246",25,G009,associate,False
P004515,Mary Murray,+1-579-278-3344x75729,"692 Tony Drives Suite 675, East Dawnbury, VT 53378",63,,,False
P001878,Wendy Stevens,001-466-823-9352x60177,"26135 Pace Views, Knapptown, CO 88517",39,G008,associate,False
P001627,Jeffrey Moore,001-822-202-2041x0649,"2014 Barnes Road Suite 737, West Arthur, OK 31777",18,G007,boss,False
P002155,Roy Werner,327.447.9319x807,"8121 Gomez Union Apt. 373, Hayestown, KY 89368",53,G005,associate,False
P001974,Lauren Buck,489-532-0108x98107,"747 Lauren Course, Josephtown, NY 70753",54,G004,member,False
P000794,Angelica Davis,217.888.2426x55946,"PSC 3272, Box 3717, APO AP 66376",24,G004,associate,False
P003749,Andrew Lee,(619)512-2866x98826,"237 Clarence Well, East Shawnborough, MS 34463",48,,,False
P002139,Thomas Gray,8103619581,"298 Nguyen Meadow, Ayalaport, MI 02772",48,G009,associate,False
P002366,Taylor Martinez,(937)203-2288,"05206 Anthony Villages Suite 106, Wellsmouth, MA 25159",61,G006,lieutenant,False
P004721,Erika Hoffman,619-320-3278x72338,"4451 White Canyon, Lake Sandrastad, MN 50562",64,,,False
P002621,David Robinson,3619937706,"187 Robert Lights, West Debra, AR 43730",23,G001,member,False
P004382,Leslie Reeves,856.242.4367x56950,"173 Lopez Ford, Beardborough, MN 80526",56,,,False
P002099,Mark King,814-607-8136,"0383 Thompson Crescent, Lake Joseph, ME 64656",46,G009,lieutenant,False
P003518,Veronica Mccormick,269.422.9230x03191,"2146 Rivas Trail Suite 164, Hernandezmouth, IA 81990",38,,,False
P003535,Kristen Myers,864.958.9549,"89064 Briggs Drive Suite 221, Port David, UT 42190",41,,,False
P004965,Amanda Frazier,924-349-6379,"766 Bradley Island Suite 615, Aaronfurt, GU 64740",51,,,False
P000121,Philip Jackson,001-527-712-9666x67600,"USNV Sherman, FPO AP 25480",22,G001,member,False
P000104,James Simmons MD,(544)672-0999,"14626 Dawn Union Apt. 806, Timothyfort, MI 74642",39,G004,associate,False
P000306,Amanda Ford,+1-770-450-9754x510,"67318 Robert Oval, East Kaylaview, IN 62196",42,G006,associate,False
P000530,Richard Hale,782-997-1681,"0000 Michelle Stream Apt. 152, North Haileyfort, AS 13380",47,G010,member,False
P004969,Theresa Watkins,412-426-4801,"333 Heidi Inlet Apt. 892, Lorifurt, KS 70105",38,,,False
P001380,Travis Spencer,(360)780-9937,"78449 Amber Flat, Littlemouth, FM 97550",36,G010,member,False
P001386,Erica Knapp,+1-819-796-8445,"USCGC Duarte, FPO AP 91861",42,G006,associate,False
P002588,Yvette Taylor,418-883-3895x34910,"9354 Watkins Rue Suite 075, Kellyborough, ND 72141",42,G008,associate,False
P002602,Mary Jones DVM,001-685-879-1721,"385 Martinez Key, North Kimberlyshire, IA 33580",58,G002,member,False
P004187,Hannah Frank,(884)257-2939,"9086 Melody Spring Apt. 685, Patrickville, LA 22709",41,,,False
P003836,Michael Liu,(247)291-1424x6474,"6161 Gray Village, Smithmouth, SC 07483",41,,,False
P004874,Lori Freeman,567.676.9963,"079 Sheri Manors, North Matthewberg, IN 31816",59,,,False
P001188,Jordan Gaines,(490)482-6800x907,"21894 White Ranch Suite 960, East Jason, GU 43473",44,G008,associate,False
P001307,Jennifer Davis,961-252-6532x224,"14812 Jones Point, Bradleyside, PA 86785",29,G007,member,False
P004662,Elizabeth Nguyen,629-857-2294x057,"36485 Karen Passage, Tamarahaven, WY 46513",49,,,False
P002444,Carrie Thomas MD,4697138217,"667 Jason Shoals, Webbchester, VA 60023",34,G004,lieutenant,False
P002583,Sarah Thomas,8216395207,"USNS Cooper, FPO AE 20425",19,G003,member,False
P003040,Kelly Phelps DVM,759-430-5069x9875,"USCGC Choi, FPO AA 78498",37,G010,associate,False
P004152,Todd Bennett,664-518-5778x3920,"704 Dustin Mill Apt. 502, East Deniseville, VT 54886",52,,,False
P002913,Kendra Scott,+1-667-967-1498x386,"381 Ashley Lane Suite 760, West Brittany, DC 40902",63,G003,member,False
P004401,Daniel Robinson,+1-288-397-3428x581,"779 Thompson Stream Apt. 804, North William, FM 32359",46,,,False
P002371,Thomas Cardenas,+1-731-585-8521x862,"94874 Dennis Ford Suite 909, Port Jonathan, MS 99452",28,G001,member,False
P001374,Jennifer Harris,+1-892-441-6119x540,"806 Christopher Crossing, Lake Lorraine, NH 76859",43,G004,member,False
P002988,Casey Lawrence,404-511-0979,"8404 Kara Prairie, Port John, NV 27401",44,G008,member,False
P003118,James Tucker,001-828-578-4185x6788,"2392 Gomez Wall, Osborneview, VI 34095",28,G008,member,False
P000658,Shane Brown,(659)609-5668,"PSC 2373, Box 3791, APO AE 13572",23,G008,lieutenant,False
P000857,Dustin Powers,(401)857-9115x01016,"65893 Kirk Junction, Boyerborough, IN 42266",51,G007,lieutenant,False
P001174,Ashley Marshall,+1-298-699-2469x247,"30186 Sanchez Gateway, Port Josephstad, UT 50171",61,G004,member,False
P003255,Dr. Christian Greene,001-946-361-2963x11569,"Unit 7162 Box 6782, DPO AE 36021",22,G005,member,False
P003278,Calvin Robinson,507.390.0302x2427,"241 Sherry Corners, Sharonside, PR 95625",39,G008,member,False
P000582,Amanda Bishop,909.349.7698x73137,"841 Odonnell Courts Apt. 374, South Timothyview, IA 31079",57,G002,member,False
P003061,Matthew Jones,260-512-4036,"8157 Wolfe Harbor, Kellystad, WY 83414",20,G001,boss,False
P004108,John Montoya,586-527-0126x8061,"507 Parrish Shoals Suite 043, Thomasborough, WY 23865",34,,,False
P004715,Robin Garcia,001-619-615-5353x394,"628 Joseph Corner Suite 034, New Brandon, NV 96109",39,,,False
P004546,Jordan Dunn,(339)876-3287x52380,"55702 Tara Common, Zimmermanberg, WA 46361",34,,,False
P001905,Michael Jackson,480.467.8246x5530,"28816 Jamie Island, Port Tasha, HI 94465",25,G005,member,False
P002584,Timothy Mclean,337.601.5774x41662,"847 Ronald Terrace Apt. 617, Nicholasburgh, TX 83934",51,G004,associate,False
P004104,Cory Hall,892-371-5233x6193,"9123 Sanchez Keys Suite 961, East Thomas, MN 09437",28,,,False
P001435,Erica Morgan,230-701-7846x2742,"8987 Brian Trail, East Daniel, MO 49458",38,G005,lieutenant,False
P000645,Joseph Holland,(409)487-3126x7731,"075 Wong Manor Suite 339, Jamesland, SC 50600",47,G005,member,False
P002711,Joshua Gregory,4543260244,"496 Jessica Greens, Lake Lauren, MT 73853",49,G001,member,False
P000597,Bob Lane,(370)447-2642x612,"75365 Delacruz Place Apt. 785, West Tonya, NY 23416",44,G007,associate,False
P004772,Mrs. Ariana Mays,001-503-656-8469,"77998 Hall Road, Mollyborough, AL 08938",54,,,False
P002119,Chelsea Larson,(516)962-1567x486,"30366 Stephanie Path Suite 026, Careymouth, MA 66383",40,G009,boss,False
P004906,Victor Martin,207.719.7837,"2211 Todd Path Suite 036, Morriston, KY 11480",59,,,False
P003010,Kimberly Garcia,691.708.7798x087,"3728 Bruce Ports Apt. 063, New Nicholas, SC 14166",58,G010,member,False
P004726,James Klein,001-907-694-6052x1021,"88987 Alexander Terrace, Port Thomasfort, SD 71994",21,,,False
P001317,Maria Griffin,001-579-453-3422x539,"7772 Bryant Lake, Craigton, GA 14479",50,G007,associate,False
P002592,Wesley Ford,(986)532-4948,"029 Cortez Squares, Deannaside, HI 66572",28,G002,member,False
P001047,Dale Burke,+1-396-327-6861x27342,"138 Victoria Canyon, West Brittanyport, OH 05005",46,G007,lieutenant,False
P002389,Zachary Ramirez,+1-497-751-5238x5897,"1322 Shannon Squares Apt. 903, East Kylefurt, ME 38721",22,G009,member,False
P004555,Samuel Pugh,359.327.7580x918,"144 Martinez Corners, Jenniferport, NC 32874",47,,,False
P001513,Juan Scott,576-361-6295x06410,"732 Richardson Dam, West Cynthia, NE 48926",18,G003,member,False
P001674,Jasmine Chambers,490-560-8276x100,"209 Diaz Radial, Silvamouth, WI 62017",46,G004,member,False
P001273,Autumn Walker,817-986-0577,"889 Kathryn Well, North Sandra, NC 58685",58,G003,lieutenant,False
P004358,Chad Davis,250.325.2102x242,"5736 Brown Gateway Suite 838, Barronborough, NC 41162",44,,,False
P003560,Natasha Bryant,(412)659-0071x097,"2805 Erin Square, West James, AZ 07241",26,,,False
P002031,Laura Davidson,498.715.8832,"11686 Arellano Viaduct, East Lisaburgh, NC 12784",30,G001,lieutenant,False
P001441,Matthew Jones,001-239-959-4357x8459,"82111 Phillip Route, North Teresa, NY 10820",40,G001,lieutenant,False
P000137,Brandon Hubbard,466.607.2832x684,"88210 Ashley Lock Apt. 435, South Rebecca, PR 67682",38,G007,lieutenant,False
P000387,Andrea Fields,750.834.4694,"USNS Jones, FPO AE 13998",18,G007,lieutenant,False
P002891,Heather Owens,943-963-2250x3246,"3226 Woods Common, Christianfort, IL 39252",32,G001,member,False
P001884,Melissa Wilson,001-217-731-0109x10460,"9566 Mckinney Corners, East Amystad, IL 62390",61,G004,associate,False
P003953,Scott Stafford,318-811-9988x97689,"13872 Kristen Mountains Suite 150, Port Brookeland, CA 02480",23,,,False
P000329,Sarah Walker,815.577.8711x216,"5973 Wilson Motorway, New Ericfort, FL 84415",62,G009,member,False
P003475,David Hernandez,735-978-8471x541,"1345 Benjamin Stravenue Suite 335, Fisherstad, GU 60394",35,G005,member,False
P000751,Marcia Charles,+1-949-222-1704x86186,"01629 Thomas Valleys, Port Mary, MP 81203",23,G001,lieutenant,False
P003988,Dr. Diane Chan,001-382-926-4971x07142,"2094 Lisa Plaza, New Johnnyside, NE 19139",27,,,False
P001074,Amanda Lucas,847.567.1499,"910 Allison Ferry Suite 276, East Dakota, MI 74685",23,G004,associate,False
P001170,Charles Ward,249-833-9271x954,"7020 Stuart Club Suite 378, Jacobstad, MI 89949",64,G010,associate,False
P001002,Larry Pitts,001-563-516-6968x740,"4410 Garcia Lock Suite 970, Lake Amyport, WY 96757",36,G002,boss,False
P001822,Jose Smith,769-887-3297x584,"370 Jordan Hills, Sweeneyhaven, KY 46073",48,G002,member,False
P004916,Ashley Key,+1-575-727-1286x8725,"39357 Crystal Prairie Apt. 635, East Markmouth, MD 04296",47,,,False
P002252,Sarah Swanson,001-806-853-3239x69118,"51644 Robles Rapids, East Christy, WI 49634",53,G002,associate,False
P000257,Timothy White,7438397189,"56260 Reyes Course Apt. 182, Douglasview, WI 12248",24,G007,associate,False
P001124,Robert Carpenter,7867043171,"19793 Peter Lights Apt. 931, Johnsonshire, FM 68350",35,G004,member,False
P001841,Mark Finley,549-310-8853x488,"PSC 2727, Box 7834, APO AE 65604",51,G001,associate,False
P003600,Elizabeth Smith,(766)322-3462x9791,"09177 Orozco Alley Apt. 939, Lake Ronaldfort, ND 56444",54,,,False
P000990,Karen Perez,579-721-1625x06989,"6398 Smith Hill Suite 570, New Jennifer, KS 87193",42,G010,member,False
P003693,James Humphrey,407-246-4439,"10486 Simpson Fall Suite 787, Riveratown, NH 14273",35,,,False
P002517,Alvin Williams,205-568-9779,"USCGC Guerra, FPO AP 49866",40,G007,boss,False
P002722,Julia Merritt,229-786-0377,"17027 Stein Extensions Apt. 788, Barberside, WI 59998",44,G002,associate,False
P003054,James Simmons,5206117451,"01106 Aaron Avenue, Breannabury, NJ 06249",38,G004,member,False
P003423,Anthony Perez,600-472-1218x785,"94557 Terry Flat, Port Susanbury, VA 30170",51,G003,member,False
P003819,Michael Marks,6333892807,"24519 Timothy Ranch, North Robert, NH 92350",62,,,False
P002406,Linda Garcia,9555470068,"296 Angel Key, Hollandbury, PW 51750",42,G006,associate,False
P002060,Mary Russell,6182619136,"051 Williams Row Suite 735, East Lindseyhaven, WY 69826",47,G010,member,False
P000512,Rebekah Hill,+1-560-684-9079,"8528 Alexis Meadow, West Deborahfort, AK 13537",33,G002,member,False
P001212,Barbara Martin,+1-847-603-4463x32465,"USS Cook, FPO AP 54347",44,G002,member,False
P000682,Mrs. Amanda Wells,+1-528-215-2787,"51521 Holt Lodge Suite 353, Burnetthaven, AR 13808",27,G002,boss,False
P001136,Tyler Berger,+1-368-870-6905x71121,"35393 Alvin Way, Josephport, VA 76884",26,G006,member,False
P000238,Frank Steele,+1-736-269-4118x00537,"6528 Beverly Green Apt. 875, Andersonmouth, VT 70024",55,G008,member,False
P001009,Taylor Gaines,738.878.8528,"439 Foster Gardens, Lake Reginashire, AL 85048",53,G009,lieutenant,False
P004048,Mercedes Cohen,367-440-1342x8722,"12384 Blackburn Ridge Apt. 137, Shannonbury, HI 35226",57,,,False
P004227,Patricia Houston,763-709-0273,"1210 Ryan Cove Suite 876, Robinfort, PR 31610",30,,,False
P000776,Jennifer Anderson,(515)385-0153x017,"6058 Armstrong Landing, East Jonathan, CA 27919",39,G006,associate,False
P003773,Brian Thompson,8825058107,"0291 Wilson Courts, Taylorberg, ME 65505",40,,,False
P002336,Steven Gardner,728-693-3234,"317 Black Loaf, Port Daniel, KY 21488",20,G006,associate,False
P002311,Cynthia Smith,(946)277-6968,"08091 Terry Drives Suite 722, Kaylahaven, MA 46543",29,G001,member,False
P004399,Dr. Michael Lee,(629)426-0561x097,"64506 Gary Roads, Port Brandonfurt, NE 90595",52,,,False
P002501,Cynthia Underwood,870.737.5269,"169 Jacob Greens, Piercebury, IA 17218",33,G001,member,False
P001095,Erin Mercer,955-838-8287x204,"0828 Evans Squares Suite 120, Edwardsland, TX 28700",32,G005,member,False
P000332,Laura Johnson,001-736-782-9635x3390,"177 Jenkins Knoll Suite 851, South Ross, HI 72951",54,G002,associate,False
P004055,Laura Logan,390-801-4243,"919 Baker River, New Michaelview, SC 40653",47,,,False
P003516,Christopher Gray,+1-410-414-9820,"8956 Garcia Underpass, Chrisfurt, GU 89458",59,,,False
P000266,Kristin Phillips,(361)796-3990x7676,"8593 Curtis Ranch, New Kristineborough, MH 75633",45,G006,associate,False
P001835,Joshua Fisher,(910)500-0591x18624,"8914 David Radial, Stuartbury, CO 42448",54,G005,associate,False
P001990,James Bailey,428-546-8638x7203,"70494 Nancy Dam, Rasmussenport, AK 21469",18,G010,member,False
P004359,Brandon Nelson,935.509.8613x074,"0533 Michael Skyway, Deanbury, WV 54261",34,,,False
P004292,Cynthia Lopez,001-392-639-4630x8386,"81647 Smith Groves, Michaelmouth, IA 02230",53,,,False
P003868,Kelly Bell,(264)757-7623x0503,"00102 Harris Knolls, East Chelseyborough, TX 30142",24,,,False
P000185,Brandon Wiley,(974)238-4215x031,"57845 Kayla Courts, East Jenny, NH 51302",27,G005,member,False
P001933,Steven Adkins,(361)878-0886x4499,"Unit 2776 Box 5029, DPO AA 21709",37,G003,member,False
P002938,Taylor Maynard,683.568.5786x01580,"869 Harrison Viaduct, West Kevinview, SC 90642",63,G008,member,False
P000484,Joshua Barnes,7469861114,"10219 Elizabeth Mission, Angelafort, CA 86518",46,G004,associate,False
P002102,Michael Paul,224.242.1461,"9005 Kathy Points, South Michael, WV 38882",25,G002,member,False
P003813,Andrew Gutierrez,(419)287-1610,"051 Mathis Rapids Apt. 289, North Joseph, MN 46750",27,,,False
P000815,Danielle Christensen,+1-373-749-8529x7356,"5591 Freeman Loaf Apt. 538, New Sabrinachester, ME 14293",30,G005,associate,False
P001469,Melissa Perez,526-259-7460,"21781 Buchanan Brook, Gregorybury, VI 18923",36,G009,member,False
P001440,Larry Montes,9243891055,"45651 Victoria Fork Suite 344, Lake Mistytown, NY 03136",55,G010,member,False
P000817,Jimmy Newman,(238)835-4346x85863,"824 Lawrence Freeway Apt. 615, Lake Stacey, CO 13805",21,G007,associate,False
P001792,Courtney Fitzgerald,711.320.2730x2385,"207 Dylan Cape, East Nathan, OH 20174",44,G002,member,False
P003936,Rachel Gray,2752277620,"6802 Campos Route, Ramirezshire, PR 09770",50,,,False
P001177,Jessica Downs,353.884.2561,"999 Nelson Divide Suite 184, Leonardmouth, WV 42015",52,G007,lieutenant,False
P004522,James Campbell,+1-556-518-0617,"67097 Roberts Drives, East Tricia, ID 78381",32,,,False
P000471,Peter Dodson,(985)256-6084,"103 Jason Prairie Suite 051, Williamburgh, MO 28390",63,G001,member,False
P002297,Jerry Lewis,542-635-2794,"62766 Castillo Station Suite 860, Patrickville, IN 10937",38,G007,associate,False
P004219,Jessica Dyer,960.402.2096x5393,"628 Moore Points Suite 477, Michaelchester, SD 70318",59,,,False
P002760,Isaac Clark,001-566-930-5625x9722,"4288 Dickson Views, North Stephanie, WV 56687",62,G010,boss,False
P002066,Tamara Brown,689-765-6084x6954,"PSC 9775, Box 5612, APO AE 38738",28,G006,associate,False
P001779,Jon Alvarado,702.875.9608,"8434 Jacob Greens, Kaylaburgh, WA 13794",54,G009,member,False
P003714,Heather Johnson,665.995.5900x9539,"34052 Jones Creek Suite 589, New Shawn, SD 71125",47,,,False
P002886,Julia Fowler,(333)669-3909,"08091 Michael Forks, Reidburgh, DE 06467",35,G006,associate,False
P003992,Jacqueline Gomez,753-649-9729x2779,"9495 Owens Estates, East Rachel, MI 00557",55,,,False
P004435,William Gonzales MD,4385671257,"1447 Mercedes Unions Apt. 471, Jacksonport, PR 81375",56,,,False
P000526,Peter Chandler,736.751.1893x9406,"19043 Lynn Fort, Lake Harryborough, ID 17884",42,G006,member,False
P000400,Tyler Fisher,(268)417-1516,"707 Henderson Center Suite 641, Shawfort, VT 44418",51,G010,member,False
P002081,Kristopher Miller,(250)597-3330x987,"429 Brady Parks, West Christinabury, KY 40621",60,G001,member,False
P002415,Karen Walker,001-798-606-5727x38016,"24540 Perez Alley Suite 568, Port Manueltown, MP 79322",54,G005,associate,False
P002065,Heather Baker,001-622-228-4766x0097,"261 Nathaniel Courts, Craigville, ND 49107",62,G005,lieutenant,False
P003707,Jonathan Johnson,686.855.2054x837,"PSC 0647, Box 6405, APO AP 00621",20,,,False
P003207,Daniel Conrad,+1-669-617-1591x2046,"4139 Wiley Manor, Mendezbury, ME 94083",54,G007,member,False
P004426,Angela Lee,+1-363-425-6619x88479,"Unit 0766 Box 5894, DPO AA 52569",45,,,False
P000995,Carrie Barron,479.749.9952,"4484 Laurie Summit Suite 868, Port Teresaville, CA 41016",49,G005,associate,False
P003700,Sara King,(345)246-7752,"143 Gregory Place, Olsonville, GU 81429",26,,,False
P001388,Hannah Soto,7676091446,"00400 Reeves Glens, Johnathanmouth, MS 69762",43,G008,member,False
P004526,Christina Scott,001-421-356-6979x7501,"9873 Theresa Knoll, North Natalieton, ME 35203",35,,,False
P003935,Lori Michael,934.388.4954x0980,"05047 Carter Rue Apt. 075, New Dianeberg, AL 54133",31,,,False
P001580,Jason Hampton,(733)739-9506x66760,"050 Amy Cape, Garrettburgh, MN 06786",38,G010,associate,False
P003818,James Jones,889-423-4111,"425 Abigail Orchard, Hallmouth, AS 84918",57,,,False
P003151,Mitchell Butler,921.218.7288x435,"1169 Smith Valleys Suite 840, North Emily, PW 04472",21,G001,associate,False
P003171,David Garcia,764-326-4396x94591,"31489 Neal Summit Suite 514, Whitetown, VA 15635",47,G001,associate,False
P001393,Paul Castro,978.207.3767x64973,"51918 Martinez Crossroad Suite 476, Reynoldsfurt, WV 08020",23,G003,member,False
P003113,Shelia Solomon,6786248149,"4964 Valdez Prairie, Clementston, PA 55034",38,G003,associate,False
P000635,Cindy Pacheco,796.437.3100x817,"58718 Flores Fords, Lisaview, WA 23598",48,G005,lieutenant,False
P004214,Jonathan Ramirez,535.578.2027x8096,"875 Copeland Way Apt. 351, Paulmouth, WY 38571",48,,,False
P004113,Scott Fox,9465575219,"31975 Christina Center Suite 787, North Vickiland, PW 64736",61,,,False
P001028,Nicholas Craig,644.750.9998x632,"79111 Heather Centers Suite 184, Byrdhaven, RI 73102",55,G008,associate,False
P002115,Deanna Baker,001-727-318-0455x9128,"4756 Peter Crossing Apt. 704, Williamsburgh, ID 59896",63,G005,member,False
P000311,Cody Vaughan,(754)511-0825x559,"611 Crystal Rapids, North Brendaborough, ID 92862",22,G001,member,False
P003586,Laura Cook,549.485.9827,"8326 Jackson Station Suite 611, South Jessicamouth, AL 85389",27,,,False
P002234,Mason James Jr.,309-386-2453,"PSC 7182, Box 6522, APO AA 15828",20,G004,member,False
P002069,Kenneth Palmer,001-753-752-5853,"54143 Noble Heights Apt. 872, Joeside, NY 39058",29,G009,member,False
P000578,Andrew Brown,381-903-0683,"2680 Zachary Valleys, Sethberg, OR 04496",61,G008,member,False
P002759,Johnathan Wade,8008506715,"8801 Beth Walk Suite 348, New Brandon, KY 47733",38,G009,member,False
P000469,Christopher Anderson,8102587525,"2590 Nguyen Throughway Apt. 802, Brownland, DC 20367",27,G009,member,False
P001115,Lisa Mendoza,809.903.1788x36431,"984 Mcknight Canyon Suite 930, East Teresa, AZ 60947",36,G005,associate,False
P004677,Aaron Jones,001-225-789-3995,"278 Nicholson Dam, Humphreyfort, NM 48444",60,,,False
P000152,Ethan Villanueva,001-447-228-4639,"8085 Dalton Trail Apt. 718, Stewarttown, AL 88857",59,G002,lieutenant,False
P001290,Heather Rice,248.965.7374x49666,"0474 Earl Point Apt. 803, Blackborough, NY 84309",32,G010,associate,False
P003918,Christopher Davis,(492)614-6558x266,"USS Walker, FPO AE 19720",64,,,False
P002432,Megan Webb,+1-244-973-0981x1078,"8453 Kelly Run Apt. 357, Jefferyton, WI 09647",60,G002,associate,False
P004050,Todd Powell,6794648733,"941 Hernandez Pine, Johnsonchester, NY 53074",24,,,False
P004643,Michelle Mills,(602)508-3077,"175 Osborne Forest, Port Lorishire, ND 27342",21,,,False
P001745,Joshua Ortiz,(913)829-4063x5724,"2685 Alex Dam Suite 385, North Bethshire, PW 67473",62,G005,boss,False
P001622,Stephanie Conner,557-987-2390,"602 Turner Fords Suite 245, Jennifershire, PR 27566",28,G002,lieutenant,False
P001854,Kevin Cohen,535-409-0435x18406,"651 Duane Motorway Apt. 004, Port Geraldview, WV 31371",61,G004,lieutenant,False
P004201,Jeff Molina,001-730-355-8811x4636,"6714 John Meadow, Brianfurt, FM 23383",32,,,False
P001944,Jeremy Lynch,(422)516-6095,"9871 White Brooks, Lake Louis, FM 65871",49,G004,boss,False
P004983,Jeffrey Freeman II,001-837-239-9935x59544,"44304 Jason Islands, Lake Michelle, UT 55700",45,,,False
P004329,Beverly Clark,001-460-577-2639x73658,"7307 Moore Stream Suite 229, Shaneside, MA 80453",65,,,False
P001773,Thomas Williams,702.321.2395,"832 Eric Knoll Suite 142, South Lori, SC 17941",26,G003,member,False
P003256,James Moss,001-875-302-6158x618,"7176 Donna Walks, Barreraside, GU 71545",24,G006,boss,False
P004285,Patrick Martinez,+1-221-315-6868x3859,"0636 Patricia Mount, Perezport, OH 22789",27,,,False
P003910,Elizabeth Martinez,+1-485-907-7349x02506,"0685 Smith Roads, Sherryview, MI 47806",51,,,False
P001857,Angela Kennedy,+1-723-535-9133x531,"872 Jarvis Square, Port Josephtown, OK 33752",64,G007,member,False
P004518,Sherri Moran,397-966-6294,"83024 Hamilton Estate, Leeborough, MT 23341",47,,,False
P002448,Timothy Reyes,+1-499-520-5103x41594,"83527 Robert Mission Suite 149, Fosterberg, IN 52360",51,G008,member,False
P000898,Tyler Allen,(866)396-9229x5338,"83909 Krista Inlet, West Desiree, PR 20004",46,G008,member,False
P000870,Joseph Kelly,001-245-905-0928x46720,"390 Griffin Streets, Meadowsshire, MD 35843",61,G010,lieutenant,False
P003047,Christopher Collins,230.606.2305,"PSC 8277, Box 3457, APO AP 26813",41,G007,lieutenant,False
P000760,Kristy Anderson,(466)517-9962x3569,"8877 Carr Landing Suite 041, West Alicia, AR 69085",39,G010,member,False
P002282,Dr. Kelly Finley,931-910-3580,"91204 Skinner Prairie, New Thomas, MN 80367",59,G002,member,False
P000175,Sheryl Gutierrez,(547)542-3122x09949,"1728 Joseph Landing, Port Paul, NJ 18525",45,G005,lieutenant,False
P004143,Joseph Wong,001-918-250-3364,"50028 Marcus Gateway Apt. 285, Port Chadside, SC 24275",55,,,False
P001416,Donald Williams,+1-906-594-0978,"83410 Danielle Mews Suite 584, Victoriabury, PR 93759",46,G006,associate,False
P002702,Michael Rosales,443-922-2837x2130,"44840 Alexander Knoll, West Keith, MO 24748",30,G002,associate,False
P000839,Dominique Bennett,343.970.1945x391,"Unit 6665 Box 0527, DPO AP 55300",19,G009,associate,False
P002717,Connor Cole,754-440-2741x24320,"042 Fitzpatrick Walk Suite 136, Perryborough, ME 82446",63,G007,member,False
P002041,Thomas Jones,404.366.8708x1796,"1230 Price Junctions Apt. 659, Lake Juliaville, MT 88336",27,G001,member,False
P003254,Tiffany Johnson,001-283-256-2043x895,"16587 Edward Knoll, North Davidborough, FM 18290",18,G004,member,False
P001662,Laura Jackson,+1-358-755-2010,"8479 Adam Groves Apt. 518, Smithborough, TX 18152",32,G002,boss,False
P004860,Russell Hernandez,001-756-808-0091x9372,"69760 Jennifer Hollow, Smithland, AZ 87135",23,,,False
P004986,Katherine Dougherty,+1-489-870-8369x604,"0898 Collins Lodge Apt. 774, West Justin, AK 53730",36,,,False
P000127,Shari Hobbs,001-527-771-6701x4508,"3756 Mary Point, North Dawnburgh, NY 62011",43,G007,member,False
P000632,Holly Young,943.803.1158,"7694 Rivera Motorway Suite 945, West Tammy, NE 49091",60,G002,boss,False
P002411,Katherine Shields,938-823-1196,"8335 Gray Path Apt. 822, Smithfurt, TX 83203",23,G001,associate,False
P001206,Alexis Brown,655.598.4142x0248,"74509 Joan Gateway Apt. 809, Johnsonview, KY 01013",65,G006,associate,False
P003261,Thomas Lopez,+1-312-500-8954,"2289 Andres Knoll, Port Stephanieton, VA 79093",21,G001,member,False
P000628,Marissa Ewing,561-374-6902,"USS Baker, FPO AP 71438",46,G008,lieutenant,False
P000936,Cassandra Rice,716-521-5938x96763,"55896 Tracy Motorway Apt. 288, West Kimberly, IL 30710",25,G006,member,False
P001759,Marc Bell,+1-402-834-4238x162,"491 Davis Lights Apt. 883, Robinsonmouth, ND 08339",51,G009,associate,False
P004661,Jessica Golden,(510)580-3682x155,"279 Nicholas Junction Apt. 003, North Elizabeth, FL 31811",47,,,False
P002555,Dawn Russo,001-969-304-8835x634,"801 Ellis Centers Suite 965, Bernardstad, AK 07284",30,G005,associate,False
P003842,James Cooper,446.393.2898,"65280 Washington Way, Kellytown, CO 62586",29,,,False
P004708,Steven Hill,249-830-8745x062,"09809 Walters Dam Suite 153, East Bruceborough, AZ 75371",48,,,False
P001465,Sandra Rhodes,(399)861-3807,"939 Morgan Camp Suite 838, New Donald, MS 19598",46,G005,associate,False
P004350,David Rodriguez,858-606-1150x38584,"00535 Lori Centers, Hufffurt, VT 92193",45,,,False
P001679,Brad Cruz,900.862.0821x240,"362 Darren Square Apt. 501, East Josephfurt, ND 90768",47,G009,lieutenant,False
P000415,Sylvia Escobar,(984)903-3399,"1371 Miller Flat, New Bridgetfort, ME 75124",22,G005,associate,False
P001078,Rebecca Buchanan DDS,3932716458,"46694 Sloan Turnpike Apt. 387, Lake Kellimouth, DC 66190",35,G008,associate,False
P003114,Laura Morris,(790)500-8073x501,"98148 Fox Views Apt. 909, South Dannyton, DC 79286",22,G004,member,False
P002720,Sharon Nelson,929.613.5394x11872,"17561 Ryan Flat, North Michaelfurt, SD 80183",58,G010,member,False
P001724,Gabrielle Brady,773.413.1974x9313,"625 Jensen Overpass Suite 511, West Samuel, FM 56057",52,G004,member,False
P003995,Taylor Oneal,322.322.4930x4598,"978 John Lights Apt. 857, Port Justin, PW 57846",28,,,False
P004395,Michael Wright,2294277610,"PSC 0497, Box 6944, APO AA 48025",62,,,False
P000853,Steven Murray,466.798.3451x5025,"USCGC Rodriguez, FPO AE 01080",33,G003,member,False
P000026,Katherine Davis,(265)951-2567x468,"1680 Gutierrez Field Suite 977, East Josephberg, LA 57925",36,G006,lieutenant,False
P000486,Lori Trevino,422-582-1781,"534 Brown Meadows Apt. 560, Lake Jessica, MN 51720",52,G006,member,False
P003167,Jeffrey Mack,+1-500-298-6780x0013,"57510 Brenda Shoal, New Vanessa, PW 07250",19,G007,lieutenant,False
P002319,Kimberly Cole,672-615-1847,"54312 Frank Views, Evansburgh, IN 20887",55,G009,member,False
P003616,Anthony Dougherty,940-463-1225x55119,"2720 Villarreal Row, Margaretport, OR 65405",57,,,False
P000937,Samantha Mullins,+1-501-843-0974x274,"7967 Stephanie Grove, East Janetown, TN 07257",26,G007,associate,False
P001645,Alexander Edwards,001-351-835-6343x1719,"4715 Grimes Forest, Lake Cynthia, MH 22308",65,G005,associate,False
P001291,Ryan Anderson,+1-394-804-3935,"577 Anderson Meadows Suite 848, East Elizabethville, NE 26230",23,G001,member,False
P003775,Alan Carlson,984.748.9473x19788,"8237 Charles Turnpike Suite 576, Lake Brittany, IL 87737",36,,,False
P002251,Lori Juarez,001-511-502-9849,"75329 Obrien Vista, Leeberg, AR 91833",29,G001,lieutenant,False
P003641,Joel Ramos,476.932.9424x74938,"USCGC Lee, FPO AE 15060",49,,,False
P003325,Joseph Bradley,8989776749,"1250 Samantha Circle Apt. 911, South Jessicaborough, WY 62877",46,G005,member,False
P000118,Judy Robinson,689-369-1085x8994,"5444 Edward Track Apt. 096, Erintown, SD 65692",30,G008,member,False
P000206,Jackson Clark,359-370-1082x207,"PSC 7995, Box 6353, APO AE 43247",39,G006,lieutenant,False
P000705,Paul Burton,227.837.9897,"8186 Cooke Loaf Apt. 000, Gabriellebury, NE 16064",26,G005,associate,False
P002235,Jennifer Green,(965)665-8404x29103,"64567 Erik Common Apt. 498, Reynoldsport, CA 42641",59,G005,member,False
P004862,Daniel Freeman,+1-801-362-6888x659,"01721 Peck Hills Suite 608, South Bernard, TX 32531",56,,,False
P001217,Cody James,001-923-225-7273x46892,"2334 Hutchinson Meadows Suite 610, Craigport, PA 96035",47,G007,lieutenant,False
P001436,Stephanie Hudson,307-508-6117,"25006 Thompson Mount Suite 434, Kathrynchester, MA 18870",25,G006,lieutenant,False
P001109,Nathaniel Shelton,001-689-265-3945x0375,"053 James Place Suite 693, Lake Catherine, IA 53858",26,G009,associate,False
P003311,Bridget Martinez,+1-526-540-4079x8206,"7926 English Branch, Millerland, CT 26212",47,G001,lieutenant,False
P002610,Dr. Debra Romero,(583)530-0927,"925 Johnson Divide, Byrdburgh, CA 71477",48,G010,member,False
P004971,Sean Howard DDS,(943)730-0263,"97785 Williams Junctions Apt. 101, Luisfurt, PW 17073",22,,,False
P001582,Kimberly Gutierrez,849.903.2177x49117,"043 Morgan Ways, Lake Nancy, MA 58929",52,G002,member,False
P001784,Cynthia Hines,(787)525-3717x201,"32569 Nelson Track, Sabrinaland, ID 31419",23,G004,member,False
P001412,Johnny Smith,001-675-718-0077x842,"86770 Patterson Curve Apt. 922, West Brenda, DE 34441",37,G002,lieutenant,False
P000692,Scott Brennan,844-271-8939x530,"9092 William Track Suite 987, Monicastad, DE 93157",57,G002,lieutenant,False
P002216,Michael Reed,586.416.5841x3009,"6206 Freeman Ridges Apt. 619, Jennifertown, HI 66448",23,G006,member,False
P004590,Andrew Floyd,+1-866-912-1209,"30499 Williams Run, Williamsonfort, NV 35403",57,,,False
P004387,Jeremy Franklin,8469009354,"99105 John Plains, Benjaminton, AS 74395",62,,,False
P002920,Patricia Johnson,(306)481-8369,"37388 Vazquez Glen Apt. 024, East Jonathan, FM 45457",51,G010,member,False
P001498,Brittney Andersen,529.459.8816x10376,"80437 Davis Estate, Carrside, AL 67676",44,G008,associate,False
P000148,Jessica Harris,+1-284-430-9883x92053,"5669 April Street Apt. 184, Michaelview, IN 79978",38,G008,member,False
P002551,Elizabeth Hardin,422.255.1458x8501,"02639 Alexander Walks, New Brandimouth, VA 31041",41,G001,member,False
P003668,Brianna Hart,922-735-6309,"790 Lara Pass Apt. 617, East Melissa, OK 12763",44,,,False
P004712,Megan Porter,001-430-788-0044x22939,"189 Michelle Forge, Collinmouth, TX 05288",56,,,False
P000961,Deanna Lee,335-749-7872x9657,"PSC 4380, Box 2990, APO AE 35918",37,G001,lieutenant,False
P004976,Lynn Buchanan,(401)247-8139x233,"Unit 3705 Box 7163, DPO AP 42429",25,,,False
P001225,Nancy Benton,4258153864,"20994 Timothy Valley, Jasontown, LA 88805",30,G005,member,False
P002505,Donna Joyce,978.514.1195,"3405 Pamela Camp, West Stevenbury, OK 49475",60,G005,member,False
P001699,Karen Wolfe,231.369.2759x2746,"977 Williams Ranch Suite 018, East Mitchell, TX 90817",32,G009,associate,False
P002590,David Parker,001-629-793-3863,"63628 Curry Parkway, Patriciashire, ND 10192",46,G010,associate,False
P001804,Jessica Colon,(237)621-8589x3584,"712 Stewart Key Suite 416, Randallchester, NH 12969",28,G004,associate,False
P000125,Karen Young,3116972181,"4701 Morgan Walk Suite 556, North Melissaton, AL 18640",33,G005,associate,False
P000063,Nancy Brown,(483)985-7865,"PSC 5854, Box 9733, APO AA 73650",47,G003,member,False
P003883,Jennifer Hull,(416)535-0232x3142,"149 Johnson Valleys, Lake Kevinmouth, NC 47274",25,,,False
P001665,Brett Clark,459-758-2956x5621,"944 Karen Parks, Samanthamouth, NE 26187",65,G005,member,False
P000708,Joseph Mason,874-652-7353,"7004 Erik Court, New Jacqueline, CT 72453",45,G008,member,False
P003248,Jeffrey Smith,(416)748-3123x0681,"110 Matthew Overpass Apt. 612, South Mary, TX 55371",55,G008,member,False
P002236,Ronald Zamora,+1-421-431-9139x68390,"2207 Kayla Row Apt. 350, East Richard, NC 98983",50,G006,lieutenant,False
P002830,Lauren Burnett,(967)915-6307x5925,"8000 Shane Trail Apt. 372, Molinaland, DC 42992",27,G010,associate,False
P004384,Ashley Byrd,(397)750-0344x581,"87596 George Knolls, Ryanfurt, MS 02497",65,,,False
P000100,Dana Richardson,238.832.0603x8505,"38367 Teresa Divide Suite 103, Haynesstad, NH 98529",32,G010,member,False
P004177,Valerie Mcneil,682-203-9735,"3527 Brittney Streets Suite 503, West Justin, NM 47067",61,,,False
P003108,Caitlin Ramirez,743.388.9330x44981,"86739 Greene Burg, New Roberttown, SD 64284",47,G008,member,False
P003952,Amanda Parker,(579)455-6313x5191,"07240 Green Trace Suite 647, Perezville, AS 15950",20,,,False
P003551,Sarah Holmes,(580)608-8399,"729 James Trail Suite 364, New Meagan, CO 05596",62,,,False
P003359,Jason Hill,001-657-772-0080x5080,"2852 Christopher Plain Apt. 224, New Jonathan, NV 28069",20,G009,associate,False
P004739,David Wiley,+1-789-319-7875x5515,"6069 Donald Ridge Apt. 737, Smithfort, AS 89553",29,,,False
P002718,Heidi Mcclure,829-758-0312x01327,"2117 Russo Plaza Apt. 028, Port Brianshire, IL 79747",31,G008,lieutenant,False
P002329,Lori Gallagher,(952)850-0308x973,"8703 Dean Turnpike, Port Dawnhaven, WI 27947",18,G009,member,False
P003157,Elizabeth Clarke,894.584.1849,"501 Graham Ridge, Kimborough, MI 27150",55,G007,member,False
P003266,Kristin Johnson,328-645-3115x87079,"398 Beverly Walk, Lake Adamhaven, MO 05873",56,G006,lieutenant,False
P002612,Brian Kelley,300.730.5644,"974 Diane Plains Suite 583, Port Colton, ND 86362",48,G002,associate,False
P002106,Arthur Lin,368-772-6117x3702,"0355 Mcintosh Fork Apt. 312, East Lindaland, VA 24704",18,G006,member,False
P001637,Jenna Reid,(992)766-8668x080,"00227 Smith Flats, Hopkinstown, KY 62149",21,G007,member,False
P001769,Valerie Spence,(454)426-0062,"57993 Bradshaw Hills Suite 892, West Caleb, NJ 37034",57,G009,member,False
P004485,Timothy Byrd,702.335.6599x3759,"5561 David Plaza Suite 413, Dawnchester, AR 95111",43,,,False
P003567,Robin Rodgers,+1-934-582-6452x4005,"79527 Vanessa Road Suite 152, Williamsshire, NY 22689",63,,,False
P001764,Nathaniel Davis,917-381-0907x195,"1495 Joshua Walks Suite 583, Mathewsfurt, OH 05256",28,G004,lieutenant,False
P002690,Stacy Fitzgerald,728.359.6834,"065 Lee Court, New Edward, WV 22901",56,G010,member,False
P004363,Karen Smith,399.335.1641x3171,"146 Eric Courts Suite 636, North Yvonne, AL 45303",52,,,False
P000129,Mary Bryant,550-237-5899x75711,"851 Penny Park Apt. 614, East David, PR 51998",42,G009,member,False
P003547,Michele Jackson,7939751410,"90743 Jill Path Apt. 656, East David, ID 76896",36,,,False
P003487,Rhonda Barnes,247.962.6618x407,"1161 Scott Gardens, Heatherberg, NV 01184",43,G007,lieutenant,False
P003853,Victoria Mason,001-649-864-0543x1506,"7316 Brandon Lodge, South Kevin, IA 19960",32,,,False
P003483,Briana Madden,+1-783-758-6558x1284,"3530 Alexander Mill Apt. 841, North Nancymouth, ID 87295",41,G003,member,False
P001142,Wendy Porter,(928)405-8777x7014,"19569 Torres Burgs, Colemouth, PA 47951",33,G002,associate,False
P002238,Nicholas Yoder,677-617-1699,"632 Snyder Branch, Garystad, MD 95322",52,G008,lieutenant,False
P001065,Mary Jenkins,7289653839,"8210 Jacob Summit Suite 090, Williamsbury, NM 68682",63,G005,associate,False
P004034,Cindy Beck,001-812-386-9287,"9055 Joshua Harbors, Millerside, TX 68298",24,,,False
P003271,Kelly Baker,001-508-254-1244x7884,"073 Lee Field Apt. 444, New Erin, PW 45068",36,G001,lieutenant,False
P004531,Jacqueline Lawrence,(636)579-4851,"33001 Heather Crossing Apt. 657, Port Jesse, GU 04275",26,,,False
P003290,Todd Gardner,001-940-989-4094x3474,"8624 Mora Path, North Gabrielle, AZ 76204",34,G010,member,False
P002376,John Calhoun,838.439.5027,"14135 James Villages Suite 851, Lisaburgh, AK 09266",43,G006,member,False
P002046,Jessica Long,(372)224-1286x50384,"922 Joseph Fall Suite 440, Reynoldsland, PR 45799",36,G006,associate,False
P000595,Cheryl Hunter,+1-706-623-5466x226,"599 Perez Center Apt. 622, East Edwinburgh, WV 59735",52,G005,member,False
P001356,Joshua Melton,+1-938-389-5311x543,"1591 Emily Trail, Smithchester, PR 24533",22,G006,member,False
P001855,Deborah Kennedy,3988192050,"236 Louis Forges, Port Andrea, MN 64673",58,G005,member,False
P000310,Mark Hall,567-708-6041x45456,"PSC 2000, Box 5347, APO AA 79999",40,G010,member,False
P003552,Carla Skinner,864-383-6843x71640,"1055 Tanner Orchard Suite 752, Danielchester, MN 82870",60,,,False
P003632,Bruce Harrell,423-515-3061x0843,"201 Winters Mountain, West Kelly, GU 50760",23,,,False
P003832,Jason Wilson,001-547-268-4283x888,"3347 Leroy Hollow Apt. 452, South Ann, AS 29520",48,,,False
P001105,Janice Fuentes,279-804-9915x738,"3672 Brandy Lock Apt. 023, Whiteport, IN 88925",56,G005,member,False
P000091,Miss Anna Estes,(804)822-3253x67294,"8457 Murphy Alley, Lake Teresastad, PR 08801",45,G001,associate,False
P000432,Kristine Schmidt,3854838252,"289 Garrison Harbors, South Kennethhaven, MT 62962",34,G002,member,False
P002794,Jonathan Webb,811.496.7477x531,"706 Vincent Ridges Suite 515, Brianberg, OH 81730",27,G004,associate,False
P000981,Natasha Rivas,001-892-556-9247,"41413 Zachary Creek, West Alecmouth, PW 11763",27,G001,member,False
P004951,Terri Douglas,001-581-601-6823,"42265 Cody Views, Kellyville, MN 82478",36,,,False
P002989,Samantha Reyes,+1-708-828-7238,"6548 Brady Circle Apt. 636, Apriltown, AL 84633",62,G009,member,False
P000935,Claire Mcmillan,(960)717-0396x101,"017 Shelby Mount, Autumnfort, ND 57186",41,G005,member,False
P002687,Wendy Bennett,+1-794-632-0130x22393,"1338 Oconnell Glen Suite 278, East Laurafurt, PW 85640",54,G007,member,False
P003366,Christopher Clark,8752057026,"98078 Eugene Street, South Anthonyport, WY 94180",44,G006,associate,False
P002324,Shawn Townsend,+1-436-246-9549x465,"73257 Riley Shore Apt. 772, Obrienstad, HI 28027",32,G004,member,False
P002125,Erin Fields,638.739.6885x6069,"0931 Vasquez Shores Suite 591, Lake John, WA 33648",44,G005,associate,False
P004510,Anita Daniels,+1-920-427-5348,"8686 Cody Meadow, North Jasonton, PA 79879",41,,,False
P003293,Matthew Jones,(545)827-3529x01334,"5944 Williams Hollow Apt. 177, Sawyerstad, DC 04713",18,G003,member,False
P001437,Megan Rocha,8532477411,"953 Cooper Rapid Suite 592, West Jenniferstad, FM 42856",49,G007,member,False
P001775,George Mcguire,(990)533-6931x05719,"4552 Rasmussen Points, Kimburgh, SC 50433",54,G005,associate,False
P004718,Linda Koch,(613)889-1697,"536 Johnston Parkway Apt. 891, Lake Charlesfort, AR 82392",57,,,False
P003268,Mark Thompson,+1-551-248-6402x2948,"204 Jackson Mission, Elizabethport, ID 90917",59,G008,associate,False
P002294,Judy Rodriguez,(373)949-9284x26786,"54851 Andre Coves Apt. 687, South Alexander, KY 35393",60,G004,member,False
P001955,Katrina Rivers,+1-832-225-3502x2774,"1370 Rose Park Suite 522, Port Christopher, TX 82630",29,G005,associate,False
P000958,Lisa Stevens,450-219-6797,"92018 Andrea Stravenue Suite 233, New Shannon, AL 35713",23,G008,associate,False
P000516,Kristina Wilson,(777)588-5190,"0104 Heather Via Suite 245, Zavalahaven, MN 10346",63,G006,associate,False
P004528,Paul Johnson,452.228.2586,"7215 Krueger Falls, Millerton, SD 88208",65,,,False
P003864,Christopher Smith,558-753-6544,"Unit 9296 Box 5397, DPO AP 55483",48,,,False
P000453,Walter Kidd,(550)864-2076,"66677 Farley Mountain Suite 556, Lake Alyssa, IA 28938",18,G003,associate,False
P000540,Jennifer Jackson,001-823-399-8213x7455,"428 Shepard Canyon, Crystalmouth, IA 65037",48,G010,associate,False
P001911,Terri Brown,255.856.7747x351,"4998 Kristen Overpass Apt. 677, East Andrewburgh, LA 98969",62,G001,associate,False
P003478,Rebekah Larson,585-891-0615x343,"288 Tanya Causeway, Villarrealland, AK 68979",46,G008,member,False
P001821,Emily Nash,(577)434-3282x391,"Unit 1836 Box 6949, DPO AP 33133",60,G001,member,False
P004949,Cory Richardson,(544)859-5075x1515,"1840 Morales Island, Kevintown, WV 42160",64,,,False
P003097,Jessica Preston,(616)525-6857,"508 William Meadow Apt. 057, South Destiny, MD 19585",47,G007,member,False
P001677,John Parsons,001-281-264-9571x04259,"422 Hubbard Parks, Lake Davidbury, PR 82659",55,G007,associate,False
P003418,James Hamilton,(478)616-5745x802,"101 James Mountain, East Rachelfurt, OK 88839",56,G008,associate,False
P004837,John Garcia,830.527.7384x49248,"24305 Phillips Mountains Suite 839, Ramirezview, WV 69249",65,,,False
P002680,Stephen Sims,418-471-0404x46463,"44979 Heather Shoals, Cynthiabury, MD 66885",46,G010,associate,False
P000473,Andrew Ballard,001-633-594-3945x7039,"32537 Cortez Mount Suite 927, Hoffmanport, WY 87929",33,G003,associate,False
P001444,Donald Rodriguez,+1-298-338-5792x82629,"59952 Mcfarland Mission Suite 155, East Susan, CA 85383",37,G004,associate,False
P004479,Robert Gibbs,001-406-790-7159x541,"7202 Roy Turnpike Suite 701, Gravesberg, UT 36613",36,,,False
P001354,Jill Mccarthy,001-749-929-4499x31367,"8490 Hall Run Suite 783, North James, MO 16680",45,G004,lieutenant,False
P002916,Juan Adams,001-994-912-6428,"68667 Daniel Path, Vazquezside, CT 93036",20,G006,associate,False
P002944,Ashley Ibarra,3828486114,"7884 Julian Via Suite 473, Maxwellmouth, NC 84980",50,G004,associate,False
P001532,Heather Miller,934.934.9363x56808,"7244 Jane Mountain, Thomasside, NM 98174",35,G002,member,False
P001234,Devin Brown,421-856-3452x636,"57044 Cox Union, Lake Rebeccaport, IL 36007",30,G004,member,False
P004026,Michael Garrison,8479794169,"6749 Calhoun Trafficway, Lowefort, NE 66760",25,,,False
P000568,Anthony Melton,001-471-272-1733x739,"99936 Stephanie Street, Lloydshire, CA 84433",39,G008,associate,False
P000427,Tim Buchanan,2732465495,"26086 Eric Bridge Suite 316, North Tanyamouth, MT 70850",43,G007,member,False
P002808,Mrs. Ashley Graham,001-528-920-5564x1990,"049 Glenn Bridge Suite 612, New Emilyshire, OR 63489",60,G008,lieutenant,False
P001503,Lisa Cline,(493)309-4431,"557 Samantha Mountains Apt. 566, Andersonbury, AR 50516",33,G003,member,False
P001516,Anthony Jensen,+1-561-319-5973x72530,"4394 Mcclain Trace Apt. 805, Emilyton, OR 22115",62,G006,member,False
P000286,Leon Hamilton,(470)466-1498,"7468 Jones Dale Suite 323, North Michellestad, NM 53526",54,G006,associate,False
P001930,Jordan Morris,674-777-0608x55883,"327 Parker Cliffs Suite 652, Gibsonland, SD 45626",60,G010,boss,False
P001345,Dustin Bush,450.400.4584x089,"9906 Lawson Inlet, West Samuel, MI 97376",42,G005,associate,False
P004449,Anna Small,001-991-421-3795x047,"PSC 9109, Box 5965, APO AA 63322",59,,,False
P004871,Lisa Oliver,+1-478-855-9332,"9936 Massey Shores, Jessicaville, IA 60093",25,,,False
P004129,Carrie Thompson,+1-339-819-0817x9503,"864 Lamb Ridges Suite 729, Jodifort, ND 23157",42,,,False
P004273,Marissa Morris,(874)333-1906x901,"1184 Mosley Brooks, Williamsstad, ME 88676",44,,,False
P001224,Matthew Williams,(613)411-6795,"67011 Griffin Creek, Port Ryanmouth, WY 97752",23,G004,associate,False
P001987,Tara Washington,+1-269-639-2055x157,"304 John Groves, West Rebeccaside, PW 67546",48,G007,member,False
P003197,Robert Mercer,+1-676-580-6704x80383,"9035 Gray Stravenue, South Shannonburgh, AR 82030",18,G007,member,False
P000792,Heather Moreno,001-925-984-9073x42031,"5951 Jones Manors Suite 823, New Alejandraberg, MP 79979",26,G002,lieutenant,False
P002223,Tony Mitchell,001-703-907-3538x68281,"786 Samantha Meadow, North Lorrainemouth, IA 34660",60,G003,boss,False
P001874,Becky Harrison,+1-386-932-0197x0307,"25588 Christopher Streets, East Joanmouth, MT 13411",35,G004,boss,False
P004304,Julia Li,884.391.9260x229,"21164 Amy Crescent Apt. 144, Allenhaven, LA 70501",60,,,False
P003850,Jennifer Jones,+1-659-359-7821,"257 Joshua Tunnel Apt. 050, Melissaview, MI 99664",62,,,False
P002027,Margaret Townsend,928-926-1249,"819 Steele Camp Suite 812, Reedland, VA 01901",24,G007,lieutenant,False
P004808,Jesse Garcia,001-294-650-2703x14274,"51046 Gregory Harbors, Port Michellemouth, DE 56175",61,,,False
P000166,Theresa Hansen,+1-461-895-7612,"975 Pierce Islands, Robertchester, GU 95641",24,G006,associate,False
P003920,Mr. Devin Thompson Jr.,+1-957-341-2476,"159 Jennifer Spurs, Reyesberg, WY 82337",31,,,False
P000403,William Little,468-615-4660,"1394 Gilbert Plains, Lake Lauren, MN 75649",37,G003,associate,False
P000293,Teresa Alvarez,+1-616-949-3289x80271,"78333 Karen Shoals Apt. 160, West Raven, WI 37248",45,G003,member,False
P000555,Melanie Young,+1-598-848-0220x509,"Unit 9484 Box 2495, DPO AP 80419",26,G005,member,False
P004290,David Owens,890.657.0127x08817,"85140 Pham Brooks, West Mackenzieton, AS 24040",47,,,False
P002877,Scott Hughes,001-666-255-7518x42381,"3225 Michelle Avenue Apt. 237, Perkinsshire, KS 46774",54,G007,member,False
P002083,Robert Chandler,766.408.8232x35113,"457 Jason Mountains Suite 810, Port Desireeburgh, KY 62081",62,G003,member,False
P001429,Madison Hughes,(613)218-0666,"430 Hardy Branch Apt. 782, Janicebury, NV 14514",30,G009,member,False
P004774,Adam Swanson,577-276-6060x61457,"81750 Chelsea Crossroad Suite 638, Valeriemouth, VA 33172",45,,,False
P002752,Dawn Gomez,534.867.0577,"0226 Coleman Extensions, New Josephhaven, MP 37796",46,G002,member,False
P003886,William Chambers,001-410-953-4213,"793 Atkinson Manor Apt. 459, North Bradley, FL 24427",55,,,False
P001209,Daniel Wilkerson,001-312-499-0371,"Unit 5939 Box 5571, DPO AA 24193",40,G009,member,False
P000002,Nicholas Martin,(748)535-0305x6413,"724 John Points Suite 969, Coxberg, NY 65187",65,G002,boss,False
P002135,Nicole Johnson,+1-956-290-2891,"2420 Rivera Brook, Pittsberg, FL 50207",26,G005,associate,False
P003888,Kylie Green,(836)437-5626x1213,"8643 Hill Streets, Hernandezside, SC 61681",29,,,False
P003262,Kyle Freeman,379-941-0503x19711,"223 Cook Village Suite 684, Wernerfort, MD 04810",60,G002,associate,False
P000627,Amanda Frank,(581)265-0646,"9377 Kelly Prairie, New Amandaberg, WI 09812",65,G007,member,False
P001153,Robert Taylor,491-256-5817x91578,"492 Christopher Prairie, Lake Ginaport, GA 75268",55,G003,member,False
P001494,Anne Simmons,(939)453-6982x320,"15623 Lisa Loaf Suite 801, Paulton, CO 36801",54,G004,member,False
P000253,Dr. Virginia Cunningham,+1-789-535-4492x6831,"1266 Christopher Manors Apt. 737, West Ericafurt, OR 73766",63,G003,member,False
P003659,Andrew Malone,563.912.0426x2857,"469 Taylor Corner Apt. 180, West Aaron, SD 90493",40,,,False
P001425,Marissa Price,001-727-557-8966x3680,"Unit 7380 Box 8823, DPO AE 06158",43,G005,member,False
P000084,Andrew Schmitt,001-789-811-3529x096,"3888 Sean Lock, Bartonshire, UT 66098",33,G004,member,False
P001275,Patrick Stewart,852.257.4488x252,"11567 Kristin Plains Suite 157, Mitchellchester, NM 05360",60,G005,associate,False
P001694,Cathy Davis,001-854-224-0150x43790,"8558 Ronald Islands, Cynthiamouth, MN 80838",53,G004,associate,False
P004991,Heather Moreno,619-802-1032x536,"21247 Ortiz Tunnel Suite 417, West Donnaside, NY 45855",46,,,False
P004964,Rebecca Zavala,(980)445-3361x22921,"43121 Morgan Loop Apt. 979, Lake Matthewside, MD 96592",21,,,False
P001084,Adam Collins,(893)328-5071,"21349 Martin Dale, New Monicaview, AZ 87758",32,G004,member,False
P004777,Justin Marshall,(524)599-8103x396,"97256 Martin Locks Apt. 607, Lake Taraberg, AR 88245",41,,,False
P003718,Heather Tran DVM,463.506.2777,"98562 Cory Common, Watsonchester, MP 78717",27,,,False
P001772,Perry Thompson,851-473-4660,"Unit 4715 Box 7561, DPO AE 72006",64,G002,member,False
P002958,Jeffrey Price,001-903-756-6094x469,"47962 Anderson Mission, Russellfurt, SD 73412",49,G008,boss,False
P001783,Sarah Matthews,3969351591,"17025 John Rapid, Smithfurt, AR 40920",28,G003,associate,False
P004478,Crystal Simpson,+1-282-755-8799,"76029 Jensen Drive, Petersonberg, AK 96980",38,,,False
P004073,Javier Edwards,+1-544-726-2154,"88711 Dawson Extensions Apt. 392, New Michaelfort, UT 05552",38,,,False
P004993,Elizabeth Boyd,(381)208-2580x1745,"740 Hartman Mews, Whitefurt, DC 11259",50,,,False
P001407,Michael Simmons,(302)251-4358x0471,"Unit 0450 Box 1531, DPO AP 15247",50,G007,member,False
P003734,Paul Davenport,(597)644-6256x5320,"Unit 3540 Box 9743, DPO AA 40295",19,,,False
P004429,James Smith,(460)993-4940x0147,"7633 Linda Corner Suite 141, East Robertville, MS 06490",62,,,False
P002221,Yvonne French,461-909-5834x83591,"2479 Michael Track, Lake James, VA 87074",53,G001,member,False
P004261,Robert Lang,638-301-1481,"037 Kaitlyn Land Suite 083, South Meghanbury, GA 63574",27,,,False
P002240,Kimberly Ray,+1-675-399-0588,"246 Fleming Trail Apt. 188, Port Jesseview, MO 59723",60,G010,lieutenant,False
P004492,Mario Watts,(686)624-5928x47313,"78672 Castillo Tunnel Suite 550, North Mikeville, SD 11631",59,,,False
P001589,Mark Williams,+1-844-250-3986x38346,"9860 Cassidy Lodge Suite 328, Port Chase, TN 26899",58,G009,member,False
P004090,Jesse Sherman,+1-364-941-1339x73691,"4217 Cynthia Tunnel Apt. 686, Austinbury, MD 55248",42,,,False
P004789,Karen Mullen,320-716-9098x51305,"61836 Tara Branch Apt. 966, West Dawn, MA 31674",32,,,False
P003241,Joseph Wolfe,966.461.8800,"552 Rhonda Vista Apt. 155, Maldonadoville, TN 36865",61,G001,associate,False
P000391,Kathryn Smith,904-976-0440x907,"50922 Christopher Village, North Scottton, MD 13277",48,G001,member,False
P003577,Beth Bell,(602)294-0628x982,"51497 Ortiz Trace Suite 975, West John, LA 74894",52,,,False
P004389,Tammy Fox,477-909-2916x29569,"2932 Reynolds Trail Apt. 845, Michaelview, ID 97087",33,,,False
P004109,Brianna Gibson,3238692385,"5629 Timothy Crossing Apt. 131, Kevinhaven, VT 06373",49,,,False
P002457,Lori Fisher,409-560-3382,"35375 Shelton Dale, Holtmouth, RI 17810",61,G007,member,False
P000679,Ronald Lam,5034622117,"2648 Christina Point Suite 585, East Breanna, ME 22824",29,G009,member,False
P003751,Jamie Berry,+1-955-381-3243x365,"03273 Christopher Place Suite 182, Smithhaven, MA 99767",25,,,False
P001241,Paul Burns,001-598-829-3055x77979,"4105 Catherine Stream, West Adamview, GU 30632",52,G001,member,False
P000359,Dr. Larry White,001-388-242-5995x996,"11775 Tina Valley, North Rachel, HI 95942",44,G009,member,False
P001426,Alyssa Franklin,001-382-847-7075,"863 Stevens Spur, New Deborah, CA 56025",29,G006,member,False
P002921,Richard Johnston,938-908-1813,"1742 Elizabeth Loop, Johnnyside, MA 15320",21,G001,associate,False
P002503,Andrew Myers,+1-593-796-0078x949,"1772 Paula Dale, South Michaelville, IA 39815",24,G003,lieutenant,False
P001966,Diane Hubbard,941.221.2349x60593,"2352 Nelson Turnpike, South Christopher, IA 68431",25,G006,member,False
P002405,Karla Dominguez,5574218645,"9174 Danielle Ridge, Michaelburgh, GA 59092",48,G005,member,False
P001610,Mrs. Vickie Sloan,486-780-4394x29008,"8398 James Burg Apt. 773, East Brettside, WY 73241",51,G010,associate,False
P004299,Steven Marshall,(810)271-8409x525,"4861 Moss Keys, Port Stephanie, HI 10530",35,,,False
P004448,Melissa Key,695.334.0668x164,"8525 Austin Neck, Hannahborough, TN 77038",46,,,False
P000737,Brian Bullock,001-609-761-7300x992,"32115 Michelle Knoll Apt. 514, Lake Kelsey, CT 76770",59,G007,lieutenant,False
P001813,Andrew Espinoza,(262)757-6210x902,"0004 Hill Key Suite 630, Jessicaburgh, NM 49385",53,G003,member,False
P000501,Jose Martinez,976.680.8981x265,"96463 Bradley Bridge, East Robert, ID 55235",27,G001,boss,False
P000064,Todd Hendrix,001-843-775-7584x41986,"USNS Roberts, FPO AA 94104",53,G004,member,False
P002435,Adam Osborne,001-665-767-8956,"1303 Patricia Drive, Kennethburgh, CT 28290",24,G005,associate,False
P004705,Cathy Jordan,453-293-5029x1766,"40675 Robin Roads Apt. 509, New Michaelfort, MT 22226",47,,,False
P004955,Martha Hughes,874.595.1926x24377,"559 Malone Center Suite 747, Caseychester, DE 70072",49,,,False
P002228,Jessica Perez,001-705-333-0192,"7048 Yang Island Apt. 231, Port Shannon, PW 99373",42,G008,associate,False
P001789,Thomas Sullivan,654-836-7687x967,"9863 Patricia Corners, East Jeffrey, NM 81116",34,G009,lieutenant,False
P001843,Andrea Nelson,200.600.0133x02148,"PSC 1139, Box 2158, APO AP 10726",48,G003,member,False
P002078,Lisa Harris,597-348-9564x25275,"53725 Cooper Fork, South James, KS 25600",61,G008,boss,False
P001064,Meagan Stark,+1-352-437-7487x7007,"1218 Andrea Estates, South Timothy, OR 08418",37,G004,member,False
P001326,Michael Ayers,(361)849-9363,"6443 Brandy Circles Suite 663, North Deniseborough, MS 19518",40,G006,member,False
P003076,Travis Olson,+1-302-502-3492x5096,"628 Melissa Points, East Amy, KS 06099",40,G006,member,False
P001549,Walter Woods,(264)487-1300,"4533 Wallace Pass Suite 294, Keithtown, LA 16002",24,G009,lieutenant,False
P003446,Kathleen Hall,+1-546-945-7526x213,"20415 May Gateway Apt. 191, Phillipschester, IN 16881",54,G006,member,False
P002162,Sarah Nguyen,4796320082,"06108 Stewart Valleys, Brownville, OR 25194",62,G002,member,False
P001899,George Osborne,566-878-5637x164,"68595 Lance Park, South Alexaport, NM 72281",30,G009,lieutenant,False
P004377,Chad Mccarthy,(329)575-0599,"97929 Phillips Pike Apt. 337, Greenberg, TN 47822",63,,,False
P000028,Richard Adams,9447997278,"5339 Hall Trail Suite 057, Hughesberg, NM 05353",41,G008,associate,False
P002456,Ashley Keller,+1-207-333-8210x920,"68509 Ford Fields, Lake Paul, KS 51738",32,G006,member,False
P002677,Amber Wright,8978296782,"590 Williams Crossroad, New Daniellebury, AS 37527",32,G007,lieutenant,False
P000520,Martin Wilson,+1-232-503-3016x23419,"1537 Dylan Rue, Port Miguelchester, MS 86945",21,G010,member,False
P004481,Anne Davis,(455)836-1231,"8352 Cynthia Lodge Apt. 784, Port Jeffrey, LA 99794",23,,,False
P003085,Anita Alvarez,2147111094,"649 Tyrone Loaf Apt. 840, Jacobville, GU 12585",21,G005,lieutenant,False
P001118,David Ponce,(548)447-3857x797,"538 Nicholas Corner Apt. 723, South Sarah, PR 17737",45,G008,associate,False
P001721,Jane Simmons,(895)708-5261x0689,"64741 Brown Spring, Alexisview, ID 75055",35,G001,lieutenant,False
P004579,Donna Mcclure,536-871-7018,"0968 Jennifer Causeway Apt. 470, Ericksonhaven, IA 79908",48,,,False
P003190,Bradley Romero,(806)404-5409,"USS Brown, FPO AE 27731",57,G010,member,False
P001781,Karen Nelson,(896)636-4122,"439 Justin Forest Suite 042, Anthonyland, NH 37617",65,G001,lieutenant,False
P002042,Joshua Sutton,366.222.2086,"50963 Washington Fields, Alyssaland, UT 35379",50,G002,associate,False
P002761,Kyle Wolf,+1-909-713-3077x26292,"3282 Orr Land Apt. 257, Hansonside, MN 67694",53,G001,associate,False
P000193,Joanna Kelly,(869)709-7384,"751 Nixon Common, Lake Jessica, PR 98881",33,G003,lieutenant,False
P000301,Leslie Ramirez,001-896-418-4462x6714,"435 Robert Drives, Victoriachester, MS 03897",59,G001,boss,False
P004667,Amanda Figueroa,6375481685,"6649 Carrie Creek Suite 929, Fowlerfurt, ID 94644",40,,,False
P001178,Brittany Moreno,001-495-508-1499x4023,"358 Heather Skyway Suite 288, West Anthonyfort, MD 06474",26,G008,member,False
P001076,Robert Mcdonald,466.432.5673,"USNS Mitchell, FPO AP 59747",65,G006,member,False
P000468,Jenny Cardenas,3447324006,"6829 Blake Coves, Stephenborough, VT 80001",25,G008,member,False
P003653,Christina Ward,987.371.4279x730,"69693 Turner Shoals Apt. 610, Christopherside, CO 04290",41,,,False
P004602,John Lopez,8132583630,"02413 Gillespie Junction Suite 911, East Paulhaven, CA 86644",28,,,False
P000093,Jessica Forbes DVM,+1-542-841-5415x2064,"37129 April Mills, North Heatherville, VI 55854",62,G003,associate,False
P000225,Linda Avila,+1-665-979-6784x2711,"10170 Patrick Springs, Ericville, WV 10530",39,G005,associate,False
P003649,David Smith,946-215-5637x027,"152 Coleman Path, Thomasport, MS 10999",43,,,False
P000507,Debbie Schneider,001-981-779-3406x527,"USNV Carter, FPO AP 53073",61,G007,associate,False
P002758,John Barrera,998-870-3784x4576,"413 Jennifer Extensions, East Gregory, IN 77194",32,G008,boss,False
P004996,Pamela Perez,302.853.2167,"446 Amanda Terrace, Holmesborough, SD 91753",61,,,True
P004272,Alexandria Tyler,385-360-6466x731,"220 Cooper Glen Suite 324, Kennethton, FM 66566",31,,,False
P001460,Erik Mathews,469.541.5139x8553,"397 David Island, Port Luis, TX 94527",49,G010,associate,False
P001754,Connie Cook,(965)866-0505x90855,"9391 Freeman Fork, Hernandezshire, MP 78302",30,G004,associate,False
P002688,Emily Davidson,001-273-951-5496x066,"4712 Clark Street Suite 834, Kennethmouth, MA 14552",40,G008,lieutenant,False
P002593,Paul Soto,427.301.8913x887,"836 Ryan Light, Allisonhaven, WV 36325",60,G003,boss,False
P004228,Kayla Roberts,756-689-9888x4799,"USNS George, FPO AE 66513",44,,,False
P000364,Sherri Perez,2038896087,"6821 Wilson Ridges, Michaelmouth, NE 08093",43,G004,member,False
P002419,Tiffany Martin,378-506-6774,"3684 Molly Manors, East Samuel, OH 77356",24,G009,member,False
P004816,Candice Miranda,467-988-4157,"3243 Watson Alley Apt. 095, Onealside, OK 09621",53,,,False
P000877,Michelle Lucas,969.953.1029,"0629 Stacy Mountain, South Rebecca, MA 08919",38,G007,associate,False
P003837,Jose Russell,4855223296,"910 Ross Ford, Jessicafurt, MI 05832",26,,,False
P002109,Jeremy Rodriguez,7076565825,"686 Donald Springs, Katrinafort, RI 00780",50,G009,member,False
P004381,Lisa Carpenter,(828)550-0007x4654,"PSC 7500, Box 9657, APO AA 01430",59,,,False
P000933,Gabrielle Scott,754.974.1685,"32855 Tran Village Suite 794, Coxhaven, CT 86172",63,G003,associate,False
P003412,Steven Brown,634-534-2966,"851 Christopher Shoals, Bakerberg, AR 01980",26,G002,member,False
P001248,Alan Jacobs,213.578.8021,"USCGC Hardy, FPO AP 54659",20,G008,member,False
P004284,Elizabeth Mcdaniel,+1-955-294-0841x810,"PSC 0131, Box 2607, APO AE 38069",25,,,False
P001376,Ethan Vasquez,001-974-521-4209x420,"PSC 4158, Box 7199, APO AA 19306",52,G006,lieutenant,False
P000646,Colin Mckay,+1-795-923-1202x19150,"9747 Jennifer Alley Apt. 687, Torresside, TN 57551",45,G006,member,False
P003601,Jason King,(244)616-9238x129,"0801 Collins Passage, New Stephanie, IL 56302",64,,,False
P001200,Leslie Mason,(375)744-2206,"298 Bowers Fort Suite 400, Mcbrideberg, ME 54880",61,G010,member,False
P003147,Renee Thompson,915.895.7267x68798,"USNV Munoz, FPO AP 18222",40,G007,associate,False
P000977,Luis Montgomery,707.641.7996,"89735 Alejandra Union Suite 225, South Kimberly, SC 53482",47,G007,member,False
P004337,Jennifer Medina,(950)216-1966x999,"3874 Lee Village, Andrewfort, PW 49077",49,,,False
P000380,Carl Khan,696.730.4483x6085,"6404 Chandler Junction Apt. 476, New Nancy, ND 27528",29,G010,member,False
P000194,Julie Miller,+1-213-971-8949x058,"565 Roberts Camp Suite 940, Laneshire, AR 86526",29,G004,associate,False
P004123,Michael Ramirez,270-885-1845,"00030 Larry Islands Apt. 244, Lake Larrymouth, VT 47807",40,,,False
P001257,Lauren Tran,979.289.6319x63052,"9225 Robert Dale, North Shelly, DC 63766",39,G007,associate,False
P000590,Daniel Cortez,3528304588,"54472 Martinez Court, Stewartton, VI 25830",49,G010,member,False
P004786,Michael Alvarez,494-541-7080,"17306 Smith Knolls Apt. 310, North Sarah, SD 30701",39,,,False
P003380,Sean Andrade,001-588-788-7052x76837,"9142 Norton Isle Suite 255, Ericashire, FL 91067",52,G010,member,False
P001400,Barry Rodriguez,(787)391-4659,"Unit 2033 Box 9059, DPO AA 57153",45,G010,associate,False
P004245,Heather Fitzgerald,7789132877,"46604 Boyer Ridges, Santiagofurt, NE 28621",60,,,False
P002812,Kimberly Spencer MD,(808)634-0017x047,"816 Nicholas Fields, South Christopher, HI 33728",37,G002,boss,False
P002926,Dr. Stanley Becker,001-568-279-9286,"90054 Bryan Viaduct Suite 040, Micheleberg, GA 22032",21,G006,member,False
P004373,Mark Brown,226-840-0552x95031,"725 Thomas Forest, Parksview, OR 64819",35,,,False
P004450,Dakota Lynch,754.262.1624x483,"444 Douglas Vista, New Megan, MS 79402",26,,,False
P004922,Paul Stevens,461-682-4180x028,"023 Laura Wells Suite 725, Matthewberg, PW 52193",28,,,False
P004757,Courtney Oliver,(419)263-5257,"5141 Blake Crescent, West Deborah, DE 86550",37,,,False
P002345,Matthew Cain,8056368890,"201 Burns Mission, East Nancyshire, KY 85965",51,G005,lieutenant,False
P001344,Brittany Cooper,745.272.0802x41041,"316 Smith Skyway Apt. 611, Cynthiafurt, NE 12209",56,G004,lieutenant,False
P003276,Ruth Franklin,6204052956,"5861 Joshua Light, Port Leontown, AL 14630",22,G006,member,False
P003301,Christopher Holmes,001-711-905-0683,"16198 Clay Rue Apt. 537, Ramoston, UT 33881",18,G001,member,False
P003393,Jessica Franco,+1-701-255-1334x1231,"77747 Blanchard Unions, Kennedybury, WA 68426",52,G003,lieutenant,False
P000135,Joshua Campbell,258.387.7043x58112,"613 Lucas Cliffs, North Stephen, MA 05466",21,G005,member,False
P000489,Kelly Jenkins,596-939-2435x885,"43395 Paige Valleys, Brooksfurt, NJ 94485",42,G009,member,False
P000546,Robert Bowers,(895)382-6418x6965,"PSC 3087, Box 6123, APO AP 41617",61,G006,member,False
P001179,Michelle Romero,001-673-954-4252,"4496 Bauer Gardens Apt. 464, North Ryanfurt, OK 70240",32,G009,associate,False
P003909,Sean Castillo,338-641-7741,"3824 West Islands Apt. 209, North Scottmouth, ND 12251",18,,,False
P002928,David Rodriguez,+1-512-897-8552x96489,"Unit 1395 Box 5434, DPO AE 43071",59,G008,member,False
P002737,James Hunter,+1-634-743-2801x940,"017 Michael Haven Suite 950, Johnfurt, DC 31803",60,G007,member,False
P003500,Autumn Castillo,239.388.3255,"87763 Mark Via Apt. 776, North Jeremychester, VA 70781",44,,,False
P003297,Jose Barnes,682.888.5378x381,"021 Scott Mall Suite 719, West Michele, PW 20143",50,G007,member,False
P004274,Tanya Swanson,974.332.7531,"3714 Mckay Haven, South Anthony, MS 44658",35,,,False
P000103,Robert Taylor,6033236519,"72151 Sheri Causeway, New Ryan, VA 52274",22,G003,lieutenant,False
P003584,Michael Harris,(570)526-1376x10352,"2970 Sarah Gateway, Port Pamela, OK 40422",47,,,False
P002368,Lauren Miller,9987174552,"04102 Jeffrey Lights Apt. 864, North Philipberg, NM 62300",59,G008,member,False
P001688,Kimberly Miller,001-297-278-9516x65018,"27760 Elizabeth Crossroad Apt. 162, Meganstad, CO 03712",63,G008,lieutenant,False
P003372,Courtney Smith,669.243.8374x02552,"53244 Gonzales Parkway, East Manuel, MO 52517",20,G002,member,False
P004851,Timothy Osborn,(896)461-4674x06008,"4681 Burke Haven, Port Kristopherville, PA 86460",47,,,False
P000566,Robert Zimmerman,623-312-3920,"83647 James Plaza, Cooperside, GA 62322",48,G006,associate,False
P004370,Thomas Sanchez,479-255-1312x1000,"407 Simon Curve Apt. 765, South Kellyhaven, SD 79536",48,,,False
P001384,Cindy Armstrong,+1-430-261-8920x0458,"2474 Kenneth Points, Sarahbury, FL 47711",33,G004,member,False
P003204,Michael Melendez,+1-537-489-5404x777,"284 April Point, Natalieshire, MD 72239",64,G004,associate,False
P002527,Briana Vaughn,+1-243-996-0996,"51507 Courtney Circle, South Katherinestad, ID 91112",48,G007,member,False
P000398,David Harris,332-985-0725,"376 Mccarthy Track Apt. 625, South Kerri, MH 37619",44,G008,lieutenant,False
P000866,Travis Hoffman,757.203.0293x0112,"074 Ashley Brooks Suite 952, East Jeremy, ID 53988",65,G006,associate,False
P003943,Harold Marshall,609-570-9083x6275,"97277 Gardner Place Apt. 372, Davisshire, KY 52433",25,,,False
P004383,Keith Robbins,(466)608-3866,"0802 Crawford Manor Apt. 262, Tracyburgh, MT 48413",20,,,False
P000201,Wendy Cook,260-815-8517x4328,"615 Miller Roads Suite 320, North Jennifer, OR 31759",20,G001,lieutenant,False
P002387,William Meadows,4955863546,"2429 Levine Lane Apt. 907, Davidfurt, NE 27196",64,G007,member,False
P003541,Jessica Moore,(513)552-6425x9154,"087 Farrell Square Apt. 691, Kayleebury, LA 44951",47,,,False
P003025,Rebecca Kirk,732-402-7257,"5483 Leslie Tunnel, Lake Donald, IL 05405",52,G005,associate,False
P000109,Jeffrey Barnes,(567)465-8617,"0541 Matthew Lane, Lake Charles, MH 12704",33,G009,member,False
P002753,Jenna Mack,+1-602-588-2398,"18318 Zamora Squares, Edwardsbury, AZ 81921",43,G003,member,False
P001041,Jenny Martin,+1-794-559-9426x40760,"033 Heather Garden, Davisfurt, FL 71843",48,G001,lieutenant,False
P000883,Robert Bauer,+1-389-651-2370x85119,"4569 Thomas Locks Suite 561, South Ronald, CO 31476",39,G003,associate,False
P002804,Darryl Kaiser,(742)819-6346x1087,"81240 Castillo Trafficway Apt. 682, Williamfort, WY 44289",65,G004,member,False
P002392,Jessica Hernandez,001-353-286-6897x07342,"69823 Ray Trail, Johnport, DC 89613",50,G002,member,False
P003431,Dr. John Bolton III,001-477-980-9602x01581,"320 Melissa Street Suite 263, Sanchezburgh, MO 09868",44,G001,associate,False
P001817,Karen Washington,476-939-7103x1887,"68886 Contreras Tunnel Suite 205, Lake Lorimouth, NJ 70622",43,G007,lieutenant,False
P002472,Nancy Simpson,286-807-2509x33302,"05384 Clarke Point, East Johnmouth, NY 42023",50,G002,lieutenant,False
P003906,Frank Patterson,299.798.9161,"37974 Andrew Cape, Jeffreyhaven, UT 80172",22,,,False
P000173,Kristina Marquez,7387457620,"84046 Sherry Harbors Apt. 256, North Jessica, NC 89367",50,G003,associate,False
P003564,Alexandra Lopez,560.878.3682x940,"6916 Sean Springs, New Jamesland, PW 21383",29,,,False
P001652,Joel Wilson,(753)459-5539x45069,"09972 Nguyen Road Suite 179, Lake Marissa, RI 39718",52,G002,boss,False
P000544,Olivia Reese,+1-371-684-2859x69325,"932 Daniel Villages Apt. 426, Elliottton, MT 82056",60,G004,member,False
P003548,Nicole Jones,001-404-312-1506x8498,"29422 Butler Ports Apt. 986, Port Robert, AL 43905",29,,,False
P002153,Jennifer Burch,(442)801-1866x827,"18814 Cochran Mill Suite 181, South Christopher, MI 98571",62,G003,member,False
P002280,Andrew Williams,8927073786,"95572 James Cliff Apt. 865, South Paulfort, TX 86898",65,G010,member,False
P001949,Sherri Cobb,001-219-947-1902x3271,"7592 Shawna Garden, Port Tinaport, NY 80869",39,G009,associate,False
P004499,Jessica Hall,001-736-614-3913x729,"420 Lin Trail, Port Gloriamouth, VI 75105",34,,,False
P002745,Anthony Hernandez,(674)916-0731x9850,"5661 Nichole Road, Port Theresa, AR 68711",38,G005,associate,False
P002391,Amy Russo,+1-200-867-9913x46806,"17472 Washington Forest, Melindachester, ND 72127",19,G001,lieutenant,False
P001462,Kimberly Stone,(255)887-2937,"587 Oscar Pine, West Michaelberg, GU 89163",50,G002,associate,False
P004956,Lauren Wright,371-418-4650x3186,"USCGC Villa, FPO AA 97601",50,,,False
P004633,Andrew Johnson,301.499.8961,"USNV Foster, FPO AA 67902",65,,,False
P000226,Kelly Vasquez,234.877.8485x880,"7567 Johnson Fall, Nicoleburgh, NM 56951",60,G006,member,False
P002075,Jennifer Cruz,(388)443-3165x09833,"014 Michael Flats Apt. 469, Timothybury, NY 37447",44,G005,lieutenant,False
P000945,Samantha Lee,+1-610-865-7351x745,"02140 Edward Plains Apt. 319, Michaelshire, VT 63702",44,G005,member,False
P004503,Eric Acosta,4294234253,"387 Giles Mall Suite 570, West Williamshire, AS 97541",43,,,False
P000210,Mrs. Maureen Martin DDS,001-990-277-2625,"5804 Mullins Square, Port Gail, RI 44501",52,G010,member,False
P004801,James Cannon,493.351.0806x327,"80036 Omar Turnpike, Port Katherine, VT 01718",47,,,False
P002322,Samantha Thomas,321-961-7625,"029 Jeffery Court, South Mark, AS 19019",52,G002,associate,False
P002348,Darlene Olson,001-543-593-8727x0759,"2384 Spencer Curve, Lake Edward, OR 02150",54,G008,member,False
P001931,Victoria Martin,(299)781-8052x7920,"64606 Walters Port, Port Ethan, NM 44374",41,G001,associate,False
P004537,Wayne Smith,750.238.5289x316,"5870 Stewart Tunnel, Davisland, WI 25181",64,,,False
P004679,Laura Bradford,(540)471-0166,"Unit 9954 Box 8232, DPO AE 28921",31,,,False
P001597,Luis Cowan,980-846-8869x890,"272 Gonzales Mountain Apt. 157, Leeside, CO 45246",43,G007,member,False
P001734,Danielle Spears,(200)485-9040,"36423 Sharp Forge Apt. 342, Bryanmouth, DE 67685",55,G004,member,False
P002986,Ashley Hughes,+1-702-296-4082x184,"963 Stephanie Pine Suite 187, East Pamela, DE 77640",26,G006,member,False
P002967,Michael Gonzalez,001-344-980-4873x4057,"5394 Gonzalez Flat Apt. 520, West Michelle, NY 07030",53,G007,member,False
P002684,Karen Garcia,632.368.5781x0528,"18552 Perry Lane Suite 879, West Rachelport, FM 16595",49,G004,associate,False
P002903,Kelsey Griffin,654.911.8476x2974,"1710 Holly Mill, Donaldsonbury, MH 02457",31,G003,associate,False
P002033,Tommy Owens,001-245-866-1155x6816,"7876 Johnson Trail, South Sarahburgh, TX 82126",40,G003,associate,False
P004410,Jack Jackson,+1-922-704-1581,"189 Gonzales Mews, North Frederick, MN 03590",31,,,False
P000267,Jordan Kelly,797.623.2002x4968,"74954 Cordova Path, North John, GU 73829",53,G007,associate,False
P002822,Shane Orozco,+1-289-514-9088x99212,"273 Montoya Flats, Morganfort, SC 49519",36,G002,associate,False
P004442,Patricia White,389-477-4570x85330,"958 Mason Road Suite 984, Cainburgh, IL 05367",19,,,False
P002244,Tyler Welch,656.972.9442,"64728 Darlene Forges, Julieburgh, SC 50147",62,G004,member,False
P003993,Rachel Morgan,(842)449-4209,"352 Kane Fords Apt. 598, Bennettmouth, KS 57630",24,,,False
P003229,Lance Black,4534378512,"935 Nelson Circle Apt. 561, Christopherton, AS 35487",40,G009,member,False
P003148,Kylie Snyder,(788)524-6358,"855 Morris Orchard, Gardnerville, NM 70319",55,G008,associate,False
P001053,Lisa Curtis,775.490.9722,"455 Jason Trafficway Apt. 960, West April, GA 98934",31,G003,lieutenant,False
P002562,Emily Anderson,365-598-1157,"895 Maria Ways Suite 928, South Pamelafurt, TN 71976",36,G002,member,False
P001210,Patrick Fisher,+1-622-506-5910x04436,"3296 Johnny Estate Apt. 072, South Raymond, NY 31824",60,G010,associate,False
P004191,Michael Richmond,+1-603-619-7784,"137 Vincent Stream Suite 461, Susanton, KY 52503",58,,,False
P004687,Heidi Ayala,(248)589-1148,"5436 Allen Run Suite 142, Craigmouth, PW 08512",33,,,False
P003947,Amber Cohen,001-796-842-5983x94277,"4068 Juan Gateway Suite 545, Floresland, ME 56868",41,,,False
P002335,Charles Sloan,+1-479-781-2331x6030,"40215 Victoria Pass, Port Justinburgh, NH 54604",48,G005,associate,False
P002185,Felicia Williams,001-501-750-3431x6292,"43357 Kim Extensions, West Tonyberg, GU 09526",60,G005,member,False
P003662,Andrea Murray,750.475.8085x9973,"167 Brittany Parkway Apt. 394, West Jeremymouth, HI 17061",53,,,False
P000959,Sarah Molina,001-758-329-1585,"714 Teresa Turnpike, Cookmouth, ME 91725",58,G009,member,False
P001531,Courtney Walker,+1-547-572-5961x1595,"62906 Amy Track Apt. 566, Lake Mariaborough, AK 75957",59,G001,associate,False
P004348,Terri Garcia,+1-909-837-6976,"191 Sellers Coves Suite 294, West Jamesshire, NC 52439",65,,,False
P001952,Melanie Holt,+1-694-236-8131x4539,"78458 Murphy Hollow, East Davidmouth, VA 63869",60,G002,associate,False
P003984,Melinda Matthews,+1-439-582-8025x626,"2965 Warren Parks Suite 244, South Michaelhaven, MS 32821",60,,,False
P004517,Stephanie Miller,969-956-7350,"037 Ho Throughway, Avilaberg, GA 72289",45,,,False
P002268,Ashley Buck,001-250-389-0660x3634,"69313 John Flats Suite 528, West Elizabethborough, HI 97584",28,G008,boss,False
P001862,Karen Campbell,492-261-5283x056,"207 Brittney Passage, East Whitney, OR 17458",18,G002,member,False
P004641,Mr. Anthony Moran,489-969-1484x4540,"USNV Johnson, FPO AP 69952",30,,,False
P003969,Craig Jenkins,9952785413,"333 Julie Street Apt. 049, Alexanderberg, SD 36996",45,,,False
P003914,Kenneth Carter,+1-546-282-7765x451,"PSC 9365, Box 1279, APO AP 79629",36,,,False
P001475,Sue Wood,(484)564-2018x190,"5198 Richard Brook, Port Tommystad, AZ 60327",20,G005,member,False
P002469,Felicia Jones,+1-948-290-9239x36044,"6057 Huang Crossroad, Harrisside, IA 09754",30,G009,member,False
P002440,Stacy Graves,001-315-959-6487x032,"088 Martin Fort Suite 940, Lake Lauren, MT 75900",58,G010,member,False
P002421,Dr. Jason Cannon,381-446-0499,"3228 Rachel Shore, New Seth, AS 67430",34,G001,member,False
P001515,Christopher Soto,(528)660-7813x84751,"491 Smith Square Apt. 405, Kaylachester, VT 46549",47,G005,lieutenant,False
P000463,Suzanne Wolfe,+1-719-545-7575x747,"56775 Ford Mountain, Hernandezfurt, MT 03709",56,G003,associate,False
P004961,Tracey Flynn,(611)281-3541x179,"727 Steve Square Apt. 756, Port Michelestad, TN 05017",49,,,False
P002085,Angel Myers,(251)372-8642x136,"7222 Rivera Courts, Mccarthymouth, CO 50889",33,G005,member,False
P003917,Wayne Melton,(282)207-0672,"1109 Peters Mountains, Lake Douglasshire, MD 21312",18,,,False
P003744,Amanda Lopez,001-765-801-8099x05589,"USNV Pham, FPO AE 69412",54,,,False
P000979,Sarah Robinson,(878)584-4790,"76958 Turner Drives Apt. 224, West Amanda, MP 51997",44,G009,lieutenant,False
P001670,Lori Morrison,+1-916-795-3595x228,"018 Tyler Hollow, Wrightland, DE 10929",26,G010,member,False
P002521,Chad Henson,575-442-6988,"42348 Destiny Rue, Lake Roberthaven, KY 43992",38,G001,member,False
P001845,Jose Harmon,001-719-829-0833x826,"968 Derek Lodge Suite 991, Blairshire, PR 74757",23,G005,member,False
P002050,Eduardo Johnson,(562)410-8308,"3193 Bridges Tunnel, Lauriebury, CO 89278",61,G010,member,False
P002941,Laura Hatfield,597-230-7778x10881,"1003 Robert Prairie Suite 213, East Amanda, DE 53200",46,G001,lieutenant,False
P003223,Tom Long,(890)843-4207x577,"06019 Cruz Overpass, North Laura, OH 37041",56,G003,associate,False
P001305,Adam Moss,+1-657-305-2950x86874,"9989 Rios Island, Carlsonfurt, IA 41610",35,G005,member,False
P002546,Jeffrey Sanchez,001-945-630-0734x152,"128 John Circle, Johnhaven, AR 16198",62,G006,member,False
P001197,Misty Parker,927-485-3141x988,"921 Derek Station Apt. 998, North Lee, WY 03621",36,G007,lieutenant,False
P004882,Tami Lawson,+1-909-716-0561x945,"158 Christina Forges Suite 853, South Connorburgh, VA 60574",64,,,False
P000654,Amber Mercado,+1-217-474-1743x0435,"22894 Myers Falls Suite 523, East Abigail, FL 82238",45,G004,lieutenant,False
P004923,Jessica Baldwin,(758)527-4069x43579,"7949 Rice Brook, New Vanessaport, NV 46362",27,,,False
P004912,Allison Olson,321-863-9769,"4182 Lindsey Keys, West Robert, ID 15993",52,,,False
P004309,Courtney Wagner,001-483-924-9737x682,"677 Jacobs Underpass Apt. 285, East Martin, DE 25309",64,,,False
P001195,Jennifer Pena,(998)956-8499,"706 Angel Groves, Garciaview, WY 31907",32,G005,member,False
P000283,Valerie Benson,225-571-5099x76838,"3639 Brian Landing, Phillipsberg, MS 27290",44,G003,lieutenant,False
P001343,Melvin Williams,(777)955-9573x5410,"0402 Barker Unions, North Courtneymouth, AS 43143",53,G003,lieutenant,False
P001917,Tamara Rivera,940.396.8348x698,"2929 Kathryn Neck Apt. 605, Port Margaret, AL 71767",44,G007,member,False
P004997,Sean Frazier,381-802-5919x4915,"212 Oliver Mission Apt. 463, Stanleystad, SC 97635",39,,,True
P001363,Jason Smith,7144601933,"26093 Veronica Summit Suite 266, East Daryl, CT 38883",39,G003,member,False
P000675,Sheri Ballard,574-288-3997x41856,"0003 Erin Stravenue Suite 619, Deannatown, PW 47350",57,G005,associate,False
P000541,Jessica Burch,001-708-811-2600x3083,"62715 Cory Extensions, West Priscilla, MI 07323",42,G001,lieutenant,False
P001419,Daniel Weaver,001-208-942-7406x28285,"20528 Jones Ville Suite 013, Ericmouth, CO 12542",39,G009,lieutenant,False
P000624,Susan Sharp,+1-359-716-1186x38558,"721 Hawkins Cape Apt. 537, North Amy, MS 80278",19,G004,member,False
P002318,Mark Ruiz,611-748-6297x832,"91660 Horton Spurs, Lake Bethanyshire, PW 30009",55,G008,member,False
P000227,Mike Freeman,497-288-9778,"695 Flores Burgs Apt. 255, Port Patriciamouth, MS 13260",64,G007,associate,False
P003132,Robert Crawford,+1-883-564-9289x66810,"218 Katherine Spurs Suite 353, North Samantha, CT 04197",24,G002,lieutenant,False
P002091,Jeremy Jackson,4982532727,"4905 Lewis Brook Apt. 753, Rowestad, WY 90809",50,G001,associate,False
P002211,Crystal Lewis,626.695.3724,"122 Velez Island Apt. 436, North Brian, CT 19348",22,G001,member,False
P003520,Brandon Horton,+1-909-296-6229x0634,"3527 Casey Harbor, Port Ryan, WI 78517",55,,,False
P002402,Jeffrey Cooper,+1-292-992-4768,"975 James Islands Suite 636, Riosberg, CT 28952",51,G002,member,False
P004792,Steven Garcia,378-881-6000x24007,"Unit 9032 Box 8902, DPO AP 28824",63,,,False
P003618,Roger Padilla,+1-549-433-3169x650,"70008 Ford Square Suite 369, Jessicahaven, WV 69934",46,,,False
P003830,Alan Reed,+1-661-887-4185x19547,"37509 Roman Skyway Apt. 042, East George, WA 61831",26,,,False
P002123,John Sandoval,+1-606-206-0506,"328 Johnson Square, Lake Kellyview, AZ 60051",49,G003,associate,False
P002269,Deanna Adams,(881)364-9461x528,"6740 Vazquez Radial, Ashleymouth, SD 91492",26,G009,member,False
P004004,Michele Bowers,324.510.2856x307,"8019 Jones Mall, Hayesburgh, AZ 49526",32,,,False
P004265,Terry Franco,(680)891-8622x329,"8749 Mata Springs Apt. 540, Trevorborough, NJ 40165",61,,,False
P004372,Joshua Charles,869.792.9290,"76915 Hudson Corner, Campbellside, WA 80389",33,,,False
P002374,Nicole Bailey,434-534-4776,"3786 Hunter Avenue Suite 597, Ayalafort, PR 95065",28,G004,lieutenant,False
P003872,Jackson Ibarra,222-732-0690x6860,"01862 Evan Pines, Charlesstad, GU 33369",55,,,False
P002098,Michelle Vasquez,001-647-627-3188x97060,"74457 Barbara Club, Frazierborough, LA 92032",33,G008,member,False
P003941,Lisa Alvarez,+1-325-782-7340x0955,"18208 Katherine Place, West Melissafurt, FM 44814",25,,,False
P004058,Kevin Baker,(658)342-7581,"9938 Hill Ville, Hensleybury, NE 87397",60,,,False
P002430,Gary Preston,2094358717,"5018 Bender Prairie Apt. 052, Drewberg, MI 45874",63,G010,member,False
P001630,Barbara Richmond,851.796.7929x605,"342 Antonio Views Apt. 431, South Stephenburgh, FL 74079",20,G010,lieutenant,False
P001474,Robert Perez,657.343.3919x58000,"5014 Stone Rue Apt. 465, Port Kimberlybury, OK 34012",41,G004,associate,False
P000249,Justin Tucker,350-284-2891x07711,"135 Jessica Station, Gillfort, VA 13515",33,G009,boss,False
P001313,Helen Franco,001-557-645-8618x05839,"354 Pittman Spring, Robertsonstad, OK 72030",42,G003,member,False
P003573,Jennifer Lambert,(259)858-2143,"1742 Armstrong Prairie, West Monica, RI 72906",41,,,False
P001946,Antonio Schroeder,(758)958-2765x46991,"378 Key Cove, Elizabethport, SC 17131",43,G006,associate,False
P001560,Julie Singleton,001-836-335-9114x2028,"28614 Jennifer Curve, Sarahport, DC 19590",31,G010,member,False
P001689,Mrs. Jasmin Jenkins,+1-657-943-9738,"Unit 1845 Box 8163, DPO AE 23616",40,G009,member,False
P000097,Valerie Moore,269-614-6303x16179,"02027 Mills Tunnel, Garyberg, WA 35728",46,G007,associate,False
P001255,Sheila Wolf,001-767-985-1506x68815,"6616 Castro Prairie Suite 093, Villabury, MS 33384",33,G005,member,False
P004743,Sonia Grant,558-798-0963,"383 Young Circles Apt. 340, Cuevasland, PR 03114",19,,,False
P000642,James Mcguire,413-207-5384x185,"62608 Beck Forks, Sandovalfurt, CA 41635",55,G002,member,False
P003705,Karl Heath,974.885.1017x516,"2690 Michael Corner, North Christopherview, CO 42675",53,,,False
P002076,Eugene Lewis,425.280.1535x8496,"02019 Noah Plain, Brownville, NM 30531",22,G006,member,False
P004788,Elizabeth Conway,809.457.0288x7228,"426 Jordan Field Apt. 531, East Williamside, VT 45504",61,,,False
P000709,Jason Jones,(255)990-4610,"46600 David Gardens, South Christopher, CO 95319",42,G009,lieutenant,False
P002152,Melissa Davis,853.540.2610x15852,"PSC 3107, Box 8577, APO AP 90624",50,G002,associate,False
P002512,Isabel Simpson,368-611-3431x53293,"822 Michael Ridge, Allenfort, GU 22413",50,G002,lieutenant,False
P000617,Catherine Santana,001-350-702-6015,"9479 Johnson Haven, Port Travismouth, VT 25570",56,G007,associate,False
P000851,Jose Price,461.819.9767x59833,"505 Nicholas Glens, Dawnland, OR 46084",27,G001,member,False
P002561,Aaron Abbott,891.326.1540x985,"8100 James Route, Jasonshire, ID 15004",23,G001,member,False
P003062,Ryan Mcbride,+1-593-319-9389x63552,"626 Smith Villages Suite 044, Delgadoville, AR 10779",56,G002,member,False
P000143,Andrew Berry,(428)809-2024,"413 Obrien Mountains, Jacksonchester, PA 19206",33,G003,member,False
P002316,Lorraine Carroll,(888)963-5941x23075,"7096 Cowan Dale, Roberthaven, WI 48195",22,G006,lieutenant,False
P004977,Jeffrey Mcintyre,(495)827-0405x2393,"5474 Holland Mews, West Toni, CA 51320",49,,,False
P004340,Steven Rogers,(490)630-0084x94452,"95405 Fisher Orchard Suite 592, Lake Davidbury, OK 33683",56,,,False
P003000,Grace Strickland,+1-957-328-2859,"8550 Rose Plaza Apt. 498, Velasquezmouth, AK 80210",49,G010,member,False
P001081,Earl Simmons,390-837-6474x7691,"50396 Werner Plaza, Mckinneyland, SC 74298",55,G001,member,False
P001093,Kimberly Tyler,834.437.7982x40211,"9981 Denise Canyon, Hernandezport, GA 54030",59,G003,member,False
P000076,Roy Porter,+1-254-277-7252x2872,"006 Megan Fort, Lake Edwardborough, NY 60271",50,G006,associate,False
P003629,Russell Phelps,001-293-442-3305x68211,"80869 Charlene Manors, Brendabury, WV 25736",35,,,False
P000269,Jamie Ross,6509150812,"03342 Nicole Stravenue Apt. 583, East Andrew, MP 34814",48,G009,associate,False
P000583,Pamela Kim,989.294.9919,"62037 Zachary Viaduct Apt. 116, Port Erictown, SC 87066",53,G003,associate,False
P000946,Alexandra Walker,001-997-217-7170x30568,"PSC 4124, Box 6051, APO AA 33710",54,G006,associate,False
P003362,Ruth Smith,+1-888-750-0299x9077,"PSC 2807, Box 2735, APO AP 57072",49,G002,boss,False
P004664,Mr. Alexander Aguilar,+1-602-828-9514x1040,"USS Thomas, FPO AE 55035",64,,,False
P002003,Bonnie Leblanc,8227244661,"666 Melinda Knoll Suite 043, East Karen, HI 26415",39,G003,associate,False
P002459,Carlos Cook,398.965.7489x36706,"PSC 0038, Box 1404, APO AE 73683",28,G009,member,False
P001768,Rhonda Matthews,626-206-0098x9727,"3164 Kylie Rest, Lake Jamesstad, MT 41195",53,G008,associate,False
P002776,Rodney Elliott,429-949-0401,"197 Johnson Pass Suite 338, South Joseport, RI 70819",54,G006,boss,False
P001181,Scott King,(639)960-1609x932,"2517 Harris Spur, Ayalaborough, DC 49224",47,G001,associate,False
P002299,Melanie Thomas,(437)850-5432,"8462 Mathews Lane, South Lisa, PA 98694",37,G009,member,False
P002545,Rebecca Koch,868-367-4489,"60080 Mitchell Ford Suite 835, North Brandonfort, AZ 95139",21,G005,associate,False
P003433,Cindy Castillo,+1-427-800-2100x58099,"5680 Lam Plains Suite 038, Michellebury, NE 62334",64,G003,associate,False
P000670,Todd Doyle,001-206-377-6106x592,"19279 Huber Crescent Suite 815, Rileyside, SD 32869",60,G010,member,False
P004817,Pam Manning,907.989.2956x72036,"5072 Wilkerson Causeway, Matthewburgh, VI 24050",22,,,False
P000351,Tracie Wiley,+1-287-782-4556x96443,"7954 Tara Parks, South Erin, NC 38483",19,G001,member,False
P000928,David Norton,466.871.5544x60539,"4627 Brandon Isle Apt. 649, North Carolberg, VT 70062",23,G008,member,False
P001722,Drew Anthony,596-300-0182x08716,"1918 Angelica Walks, New Amandaberg, CT 54675",44,G002,member,False
P004810,Laura Hendricks,+1-764-907-3665x59429,"87462 Brock Avenue, West Erictown, PW 88094",33,,,False
P003145,David White,001-947-423-9006,"2442 John Track, Lake Christopherburgh, NV 63835",61,G005,member,False
P003100,Adrian King,446-225-9541,"305 Lewis Circle Apt. 946, Mitchelltown, KY 14442",32,G010,member,False
P000096,Jonathan Wheeler,305.252.6965x82710,"68486 Miles Corner, West Christopher, CO 67518",46,G006,member,False
P003327,Steven Mclean,882.931.4104,"1220 Patterson Mission Apt. 555, Petersonview, TN 50705",21,G007,boss,False
P002563,Joseph Vasquez,001-629-571-3115x82508,"12182 Brenda Green, Lancemouth, AZ 85054",27,G003,member,False
P000102,John Phelps,524-790-3521,"442 Stephanie Walk, Hawkinsside, IA 12916",58,G002,lieutenant,False
P000404,Philip Kim,001-224-880-9624x4063,"7951 Jeffrey Station Suite 319, Jessicamouth, OR 55651",21,G004,member,False
P001501,Carmen Carter,(969)779-1814x336,"6068 Joseph Falls Suite 053, Port Alicia, GA 83030",26,G001,associate,False
P004621,Charles Hale,707-850-8604,"83989 Kimberly Islands, East Jonathanbury, WI 35279",65,,,False
P003788,Andrew Lynch,001-423-402-7143x100,"59129 Dawson Forge, Kellyland, KY 79325",38,,,False
P000892,Sylvia Kelley,727-343-9225,"92581 Collier Ways Suite 212, South Lisa, DE 91755",29,G002,member,False
P002007,Allison Ward,+1-709-741-1396x5452,"6983 Turner Rapids Suite 092, Hernandezfort, MN 89161",32,G007,boss,False
P002218,Jason Rodriguez,205.332.5260,"30738 Sarah Club, East Christopher, KS 82492",39,G008,member,False
P002264,Amber Gonzalez,+1-885-444-8066x764,"651 Bailey Curve, Floresview, PW 62949",61,G004,member,False
P002286,Robert Roy,(440)423-0891,"97150 Brandon Villages Apt. 941, Elizabethshire, AR 08591",29,G006,lieutenant,False
P002616,Tammy Jones,956.573.5082x204,"9074 Joshua Ways, Lake Madeline, MI 55449",30,G006,member,False
P002138,Jennifer King,830-304-3625,"930 Hawkins Common, Schwartzburgh, PW 37480",45,G008,member,False
P001245,Lauren Walls,+1-602-303-8540x700,"42695 Small Forges, Chadborough, TX 80228",64,G005,lieutenant,False
P004102,Audrey Lane,(620)979-0783,"2576 Gabriella Crossroad Apt. 807, Brianburgh, SD 24962",48,,,False
P003174,Geoffrey Price,(521)424-3908x1597,"191 Vargas View, Sarahshire, PW 51938",47,G004,member,False
P003962,Katherine West,001-419-222-9954,"9785 Reed Lakes, New Ericborough, AZ 84044",37,,,False
P003349,James Foley,(220)979-8273,"070 Gonzalez Underpass, North Kristen, FL 56694",38,G009,member,False
P002611,John Kirby,(877)231-7536x397,"439 Nichols Estate, East Robert, CA 77351",62,G001,member,False
P003680,Justin Bryan,+1-456-867-6840x93801,"834 Brown Village, East Suzanne, CA 37696",27,,,False
P001233,Rebecca Reed,001-539-718-8676x227,"Unit 3340 Box 6201, DPO AA 56092",18,G003,member,False
P002195,Morgan Little,886.253.5786x6673,"12458 Miller Harbor, Carrhaven, PR 39614",56,G005,member,False
P003496,James Elliott,+1-839-934-9230x6794,"7198 Foster Mall, Port Rachelbury, WA 75816",52,,,False
P000136,Anthony Bauer,+1-819-734-6676,"091 Jaclyn Cliffs, Sarahville, LA 90400",52,G006,member,False
P001151,Melissa Thomas,594.607.1734,"547 Jennifer Causeway, Williamsbury, OK 69377",51,G001,lieutenant,False
P000477,Brianna Moss,(862)796-5754x278,"USS Guzman, FPO AE 44122",35,G007,associate,False
P000659,Brady Williams,678.203.5869x01707,"251 Benson Fall, Jillville, NM 13873",24,G009,lieutenant,False
P001163,Renee Patterson,(559)605-0417x3722,"703 Jay Views Apt. 281, Brownhaven, GU 82039",45,G003,lieutenant,False
P000954,Tiffany Jackson,817.501.9586,"USNS Fernandez, FPO AA 74669",51,G004,associate,False
P002039,Micheal Shaffer,6123983945,"6071 Williams Meadows Suite 528, Rebeccaton, AZ 34625",23,G009,boss,False
P004659,Karen Hunt,277.636.7828x9406,"Unit 5491 Box 0359, DPO AA 22984",53,,,False
P000023,Bailey Duran DDS,+1-238-367-7496x499,"USNS Garrett, FPO AA 87064",20,G003,member,False
P004584,Rachel Scott,(686)936-0430,"990 Mccarthy Points, Hendersonberg, NM 09408",63,,,False
P001483,Joseph Garrison,252-703-2865x91819,"053 Tara Overpass, North Jessica, ND 29989",25,G003,member,False
P003863,James Hill,(899)798-4508x3737,"Unit 6092 Box 4740, DPO AE 03392",19,,,False
P003394,Misty Smith,320.466.3177,"4241 Fisher Wall, Port Sharonfort, GA 78701",19,G004,lieutenant,False
P004084,Joshua Hernandez,963-959-3227,"3601 Summers Spurs Apt. 296, East Rachaelmouth, NH 89642",28,,,False
P000298,Marissa Bennett,001-917-564-7501x111,"1926 Cooke Squares Suite 492, West Bryanside, HI 53628",57,G008,associate,False
P001447,Carla Green,587.320.7579,"9419 Keller Island Suite 243, Adamshire, VT 18996",33,G007,member,False
P000762,Monique Elliott,441.903.8975,"564 Julia Shores Apt. 405, North April, IN 44650",29,G002,member,False
P002708,Megan Simmons,001-590-680-2678x22490,"9784 Morris Expressway Apt. 551, Richardport, RI 81267",20,G008,member,False
P000441,Lauren Davis,978.951.9358x37490,"20878 Paula Neck Apt. 151, Ashleytown, VT 78847",55,G001,lieutenant,False
P004974,Alexander Pratt,(286)727-5062x1502,"43719 Beth Valleys, West Frederick, KS 92485",44,,,False
P001608,Katherine Martinez,2967015353,"2488 Michelle Hills Suite 046, Andreamouth, MD 47198",62,G008,associate,False
P000733,Terry Macias,590.444.8909,"PSC 5333, Box 2023, APO AA 09313",59,G003,member,False
P000381,Ashley Donaldson,+1-352-298-0061x558,"328 Heath Forks Suite 255, Lewisbury, AL 05229",63,G001,member,False
P001478,Adrian Castro,9025906954,"Unit 6427 Box 2943, DPO AA 82969",59,G008,lieutenant,False
P001671,Lawrence Allen,(909)689-1050x45961,"758 Jose Spring Suite 594, North Allen, ME 21853",34,G001,member,False
P003134,Lisa Harris,927-462-9317x707,"096 Carpenter Coves, Yuton, IA 15216",42,G004,associate,False
P002220,Christopher Gordon,001-250-982-6703x90973,"9371 Anthony Land, West Davidfurt, VT 71027",57,G010,associate,False
P002068,Elizabeth Hancock,698-357-7873,"2307 Leslie Courts, South Jill, NY 58780",54,G008,member,False
P002889,Helen Jordan,001-548-480-0125x3905,"9636 Laura Alley, West Stephanie, VT 11657",57,G009,boss,False
P002495,Shelly Garza,208-447-7279x728,"140 Stacy Spur Suite 640, Guzmanville, NJ 31426",54,G005,member,False
P001087,Laura Sullivan,+1-404-250-5211,"81641 Jon Summit Suite 081, Meadowsview, AZ 72827",26,G007,lieutenant,False
P003824,Emily Villa,001-648-384-7555,"0494 Natasha Trafficway, Ericberg, IA 08120",62,,,False
P004881,David Fisher MD,674-722-5433x577,"8648 Christian Circle Apt. 413, Pamelaside, ID 52842",56,,,False
P002849,David Pratt,001-688-860-0000,"USNS Howard, FPO AE 93603",63,G009,member,False
P000840,Alexander Johnston,+1-215-478-0619,"167 Johnson Roads, Chenborough, MA 32754",27,G010,member,False
P002951,Brandon Ellis,+1-277-315-7872x9306,"382 Clark Landing, Katherinebury, GA 44151",63,G001,lieutenant,False
P000519,Wanda Smith,649.737.8306x39638,"443 Jasmine Glens Suite 016, Lake Johnny, DC 76079",20,G009,associate,False
P001048,Joseph Guzman,+1-488-519-6645,"990 Chad Forge, West Philip, OH 95798",27,G008,member,False
P004379,Tiffany Taylor,518-971-6501,"74331 Wendy Vista, South Melanie, DE 66584",37,,,False
P002241,Albert Rodriguez,(993)484-7381x06370,"82261 Wright Cape Suite 464, Veronicatown, WV 15166",31,G001,member,False
P002516,David Williams,(688)734-9284,"4298 Monica Brooks, Lake Tony, OR 90193",52,G006,member,False
P002179,Mrs. Susan Parsons MD,827.872.3657x6147,"164 Rachael Estate Suite 123, Michelleshire, VT 33947",46,G009,boss,False
P002883,Joshua Morgan,311-860-8862,"02781 Jacob Extensions Suite 485, North Victor, HI 56446",44,G003,associate,False
P002957,Jennifer Barnes,4468382823,"663 Michael Route, Garciamouth, NV 54555",34,G007,member,False
P003441,Denise Thompson,321.648.4634x6277,"4633 Troy Mountains, North Dennis, WY 45341",26,G001,associate,False
P001556,Debra Bowman,001-735-417-2368x5044,"354 Hernandez Extension, Austinmouth, VA 47712",46,G006,member,False
P000410,Ashley Munoz,323-271-0068x76164,"6056 Patterson Crossing, East Melanieshire, WV 15152",18,G010,lieutenant,False
P000880,Carolyn Stewart,(776)603-0409x3467,"68810 Pamela Village, South Gerald, AR 98849",20,G010,member,False
P000785,Ashley Garcia,001-689-281-1594x853,"76223 Crosby Hills, Port Pamela, SC 21684",65,G005,member,False
P001244,Rebecca Gomez,001-325-912-2584x6790,"79294 Murphy Estates, Port Claudia, NM 33897",47,G004,associate,False
P000221,Courtney Vincent,(334)223-2161,"31089 Taylor Glen Apt. 140, Port Davidborough, OR 26718",52,G001,member,False
P004374,Jennifer Velasquez,(540)834-7375,"05251 Wayne Trace Apt. 910, Stephenport, MP 10174",27,,,False
P004198,Carlos Johnson,(360)767-2833,"34426 Blake Point, New Paula, PA 43967",37,,,False
P003250,Chris Landry,(654)812-1242x835,"PSC 0601, Box 4033, APO AA 65473",64,G010,associate,False
P001222,Brian Perkins,001-917-365-3244x83438,"4746 Daniel Road, Lake Hannahmouth, AL 17982",59,G002,member,False
P003295,Monique Alexander,351.493.2986x32731,"988 William Track, Danielborough, NH 54769",27,G005,member,False
P000914,Angela Clark,+1-288-652-1789x559,"86558 Nicholas Key, East Amanda, PR 13228",22,G004,member,False
P001961,Nancy Harris,001-925-529-1493,"083 Kathleen Common, Barkerhaven, MT 59179",32,G001,member,False
P002035,Kimberly Adams,+1-668-344-3806,"9557 Angela Circles Suite 679, Dayhaven, CO 45559",53,G005,lieutenant,False
P002225,Laura Richard,+1-827-377-7135x899,"PSC 6001, Box 3113, APO AP 82502",57,G005,associate,False
P002327,Christopher Bowman,797-508-3406x262,"48777 Morgan Street Suite 188, South Zachary, VA 01189",50,G007,lieutenant,False
P000340,Tiffany Freeman,769.745.9196x639,"PSC 1720, Box 8496, APO AA 79653",45,G010,associate,False
P002532,Denise Schaefer,7866647863,"26941 Sanchez Islands, Lisaville, NY 62244",43,G002,member,False
P004782,Leon Carey,001-626-871-8720x465,"640 Kramer Square, North Craig, VA 56066",45,,,False
P003052,Jimmy Anderson,711-825-9667,"353 Chad Forge, Rangelborough, IL 76428",48,G002,lieutenant,False
P000211,Amy Dougherty,+1-550-416-5790x55281,"Unit 3817 Box 9335, DPO AA 35544",19,G001,member,False
P000805,Maria Cruz,(818)836-6771,"25634 Lisa Bypass, Port Melinda, DC 18017",46,G005,associate,False
P000576,Benjamin Newton,(402)970-6159,"0299 Scott Stravenue Apt. 669, South Jeremyberg, VI 37384",52,G006,boss,False
P001470,Ernest Stephens Jr.,685-392-0630,"2618 Alec Key, North Sarah, AK 09603",47,G010,lieutenant,False
P004012,Tiffany Brown,(354)552-5312,"3278 Gregory Court Suite 904, Kennethstad, AS 80090",35,,,False
P002839,Daniel Gentry,+1-697-596-8878x9972,"3675 James Stream, Laurachester, IA 61688",60,G009,lieutenant,False
P000355,Joshua Cunningham,306-726-0787x0104,"750 Joy Spring Apt. 382, Taylorberg, ME 82845",56,G005,member,False
P002433,Katie Rush,7332613637,"33511 Young Stream Suite 845, Garrettbury, MT 22517",32,G003,lieutenant,False
P005000,Stephen Jackson,6983077485,"81815 Benjamin Plains, Beardside, TX 54523",60,,,True
P003852,Jasmine Wallace,(984)453-8115x9576,"96206 Smith Vista, Linville, AS 20773",62,,,False
P002021,Kyle King,728-868-6677,"3320 Mills Court, Romerostad, ID 11693",27,G001,member,False
P004416,Michelle Mcdonald,429.987.6009,"7267 Mercado Stravenue Suite 707, Shannontown, NJ 62411",44,,,False
P001016,Aaron Jimenez,001-889-243-3276x39904,"369 Le Viaduct, South Pamela, OK 02777",39,G006,member,False
P003316,Katrina Mullins,899-845-3110x2903,"74198 William Via Suite 731, Hartmouth, ND 09515",24,G006,member,False
P000603,Victoria Keller,406.429.3288x0983,"23200 Heather Lights, Hamiltonville, AZ 04407",61,G003,lieutenant,False
P003961,Jorge Ray,001-989-966-7666x4136,"829 Danielle Fork Suite 240, Murphystad, RI 53612",65,,,False
P001727,Anthony Bush,(556)699-6387x44771,"383 Shields Corners Apt. 657, New Jessica, RI 58898",49,G007,member,False
P001451,Rachel Morris,001-842-389-0781x62930,"1066 Ray Center, South Melanie, NH 08061",54,G001,member,False
P000714,Angela Thomas,406.334.3594,"680 Sullivan Way Apt. 511, East Christopherstad, ME 26200",19,G004,boss,False
P000189,Ryan Campbell,(999)828-1615x814,"382 Reyes Junctions, Port Heather, NE 57563",60,G009,member,False
P002271,Erik Williams,(975)896-5000x21979,"48601 Peterson Cliff Apt. 466, West Robert, OR 45959",58,G001,member,False
P002388,Timothy Hanson,(828)200-2370,"41733 Rodriguez Fort, East Amy, OH 77968",47,G008,member,False
P004098,Stacie Tran,001-493-575-8855,"PSC 7361, Box 8024, APO AP 18805",61,,,False
P001898,John Powell,630.399.4791,"PSC 9284, Box 2767, APO AA 36960",19,G008,associate,False
P000260,William Smith,349.646.5398x4028,"84639 Henson Junctions, Tiffanymouth, KY 32735",21,G010,member,False
P001417,Rachel Hall,9042603560,"5904 Mcdonald Ridge, Lake Mariamouth, WA 73173",37,G007,member,False
P001491,Nancy Ramirez,916-547-6492,"133 Banks Square Apt. 781, West Michaelborough, TN 76475",52,G001,member,False
P002308,Robert Burns,2563284432,"96293 Luna Summit Suite 136, West Lauratown, MH 01446",48,G008,member,False
P002359,Sharon Johnson,+1-265-623-2042,"0428 Mason Island Apt. 136, Taylormouth, AK 73982",32,G009,member,False
P000284,Cynthia Swanson,752.545.0864x035,"339 Boyd Falls, Sotoland, VI 64941",55,G004,member,False
P003374,Sarah Dyer,956.681.8819x557,"9619 Dakota Rest Apt. 109, Lake Shelby, AR 78743",23,G004,member,False
P004947,Ashley Wright,618-648-5594,"1548 Cathy Viaduct, Lake Mikechester, CO 44925",55,,,False
P003876,Victor Olson,+1-954-309-2705x141,"24906 Timothy Circle, East Josephburgh, TX 36398",34,,,False
P004338,Jessica Sanchez,680-590-3237,"015 Frye Ferry Suite 264, South Karenburgh, ME 94820",23,,,False
P002193,Zachary Hughes,404.678.0544x52925,"087 Nguyen Extensions Apt. 893, Port Jenniferstad, NC 63481",59,G003,associate,False
P004235,Brooke Stanley,(561)568-6430x05423,"3797 Matthew Forks Suite 290, Gibsontown, GU 46558",53,,,False
P002279,Stephanie Pearson,685-692-9300,"468 Morales Cove, Shortville, DE 70688",37,G009,associate,False
P002414,Mark Lucas,480-296-1249,"USNV Paul, FPO AA 96750",65,G004,boss,False
P002983,Peter Hurst,8626128891,"65088 Christine Ford Apt. 186, Port Cassandrashire, SD 15225",42,G003,member,False
P002835,Morgan Rodriguez,001-767-897-8086x84762,"46178 Nancy Neck, North Miaburgh, AR 27515",30,G005,lieutenant,False
P001098,Kelly Davis,586.902.1599x2794,"274 Stephanie Fords, North Ethan, HI 30531",29,G008,associate,False
P000061,Andrew Williams,001-457-887-2982x595,"Unit 4958 Box 8879, DPO AA 62746",45,G001,associate,False
P003634,Derek Dixon,299.306.2514x593,"882 Hernandez Cliffs Apt. 702, South David, OR 42161",46,,,False
P002256,Cassandra Gregory,2766233275,"PSC 4831, Box 7493, APO AA 01691",38,G006,member,False
P002481,Robert Stafford,(280)391-9177,"7179 Sullivan Path, Stephanieside, NV 52503",47,G001,associate,False
P002646,Samantha Wilkerson,3936436886,"66569 Andrew Burg, East Williamfort, MD 84536",34,G006,lieutenant,False
P002908,Ashley Henry,853.742.4591x253,"433 David Via Suite 939, Lake Gina, WI 82980",20,G008,member,False
P001069,Thomas Russell,432.776.3342,"372 Tyler Fall, West Karen, IL 13871",25,G009,member,False
P002150,Veronica Johnson,+1-344-936-0488x48618,"576 Ryan Forest Suite 900, Hahnbury, SD 06697",26,G010,associate,False
P000011,David Garcia,001-686-492-3226x02563,"0733 Bailey View, East Andrew, ID 52728",56,G001,member,False
P002863,Michael Hudson,355-654-5623x217,"86435 Jones Club, Smithberg, PA 62339",64,G003,lieutenant,False
P004768,Beth Liu,736-584-7715,"022 Melissa Passage Apt. 621, Shanemouth, IN 64733",46,,,False
P001258,Kevin Higgins,8175631919,"553 Smith Turnpike, East James, MT 25216",49,G008,member,False
P000992,Kevin Lee,449-581-2130x088,"699 Kathryn Spur Suite 723, North Bryan, TN 34894",28,G002,member,False
P002831,Gilbert Montgomery,(252)834-0211,"779 Scott Motorway Suite 492, Port Michaelborough, CT 73893",60,G001,member,False
P004365,David Nguyen,542-708-5967,"3146 Jerry Landing Suite 484, West Anna, MP 44912",62,,,False
P003149,Robert Bowman,(768)389-8515,"8169 Katie Drive Apt. 140, Davidbury, MI 40366",50,G009,boss,False
P001936,Sara Levy,875.814.1648,"97327 Johnson Valleys, Heatherchester, IL 47666",35,G006,member,False
P003785,Timothy Lee,223.315.7029x8415,"13373 Aaron Mews Apt. 140, Saraton, KS 33843",56,,,False
P001293,Matthew Holden,329.687.3401,"475 Luna Flats Suite 704, New Tonyamouth, ND 09394",23,G003,associate,False
P001162,Steven Aguilar,713-330-5915x41963,"PSC 1096, Box 7451, APO AP 30699",55,G002,associate,False
P001709,Kelsey Fields,(331)353-9428,"650 Nicholas Rapid Suite 505, Wilkinsberg, DE 49081",47,G009,lieutenant,False
P002053,Debbie Medina,+1-451-795-4423x3440,"1088 Cynthia Cove Suite 108, Hillmouth, IA 11012",26,G003,boss,False
P004484,Justin Barker,(633)952-5443x0926,"4832 Rosales Mountains, Port Melanie, NM 93608",29,,,False
P000612,Stacey Rodriguez,+1-215-226-1053x70923,"500 Scott Squares Apt. 894, Hollybury, AS 85155",54,G002,associate,False
P004665,Matthew Burns,+1-826-372-1363x862,"8018 Jose Walk Suite 667, Brettmouth, NY 09876",27,,,False
P001877,William Flores,001-497-606-5811,"7836 Mark Spring, Mosston, VI 13992",43,G007,member,False
P000924,Shelia Moore,(580)218-3235,"8467 Fowler Parkway Apt. 964, Lauriebury, NJ 35733",49,G004,member,False
P003684,Deborah Smith,+1-702-808-5254,"9917 Steven Station Apt. 272, Charlesshire, NC 91480",51,,,False
P002017,David Mueller,888.289.9949x8440,"095 Williams Springs Apt. 198, East Robinfort, NH 65875",19,G007,lieutenant,False
P004569,Jeremiah Robinson,001-971-380-1860,"204 Patrick Mountain Apt. 297, Hannahmouth, RI 52228",65,,,False
P003928,Ronnie Daniels,789-807-8771,"4550 Weber Islands, Karenland, NH 57086",46,,,False
P004375,Julie Salazar,(341)519-7713x44835,"09002 Eric Brooks Suite 164, Nunezfurt, VI 37724",41,,,False
P004918,Herbert Howell,590.751.4494x9426,"94927 Henry Viaduct Suite 951, Candiceland, VI 25828",48,,,False
P000157,Whitney Garcia,+1-421-264-3347x228,"7784 Taylor Square Apt. 997, Millsside, ME 46005",31,G007,lieutenant,False
P002943,Richard Norton,+1-251-921-5487x897,"4090 Rodriguez Grove Apt. 563, North Amandabury, HI 84311",42,G003,member,False
P003274,Andre Dorsey,558-983-7103x55845,"41740 Crawford Keys Apt. 912, East Mariastad, AS 66489",62,G004,associate,False
P004364,Robert Castillo,(862)397-5987,"56214 Rogers Park, Bonnieberg, MI 51056",41,,,False
P001906,Crystal Simpson,544.324.1608,"223 David Parkway Suite 661, Millerhaven, VT 12796",33,G006,member,False
P002130,Jocelyn Davis,7257375933,"149 Williams Brooks Suite 467, East Briana, WI 82132",24,G010,associate,False
P001006,Peter Ruiz,+1-761-642-2935,"205 Elliott Mills Suite 779, North Erinmouth, OR 72361",34,G006,member,False
P000207,David Gutierrez,463.517.9706,"PSC 7265, Box 2735, APO AA 27005",22,G007,member,False
P000801,Philip Hall,001-566-340-1632x95737,"7292 Hall Pass Suite 830, New Maria, MA 73797",57,G001,associate,False
P002284,Kelsey Jenkins,846-845-5753x1002,"USCGC Collins, FPO AE 62681",32,G004,lieutenant,False
P004195,Alyssa Lopez,+1-588-315-7444,"PSC 8005, Box 1344, APO AP 98916",36,,,False
P001013,Kevin Peterson,+1-550-423-1265,"514 Moore Ranch Apt. 322, West Timothy, CA 38776",57,G003,member,False
P000159,David Duran,+1-944-984-6312x241,"50208 Jacob Cove Suite 427, East Christophertown, NM 28968",22,G009,associate,False
P003313,Dwayne Fischer,(322)657-6500x744,"47190 Ford Glen, Port Seanborough, TN 23762",29,G003,member,False
P002462,Patrick Luna,424.745.7434,"28695 Breanna Station, Port Joanna, MH 83074",43,G002,member,False
P004722,Laura Krause,567-282-7598x60689,"USCGC Fowler, FPO AP 62756",64,,,False
P002200,Wayne Kidd,592.441.3373,"USNV Franco, FPO AP 13171",25,G010,associate,False
P001912,Brandy Craig,001-200-583-3418x7155,"38035 Harris Views, South Jill, CT 20293",19,G002,lieutenant,False
P004105,Nicholas Stewart,001-940-848-2261x550,"84373 Daniel Island, Mcintoshchester, DC 16848",50,,,False
P002574,Jose Davidson,(520)977-4860x256,"69097 Melissa Gardens, Lake Vincent, MN 65015",51,G004,associate,False
P004880,Tanya Cole,+1-458-784-8750x73864,"4894 Lowe Street Apt. 356, Hartland, NM 11834",65,,,False
P000941,Jeremy Weaver,(803)908-7647x7090,"6295 Timothy Shoal, Barkerland, SC 55031",53,G001,associate,False
P000228,William Jenkins,3337349114,"76986 Smith Mountains Apt. 569, Morrisville, AS 64511",50,G008,associate,False
P004861,Russell Hodges,877.929.6371x6299,"51840 Lindsey Crossroad Suite 711, Melissaton, MN 65571",65,,,False
P004508,Andre Cordova,001-992-302-7438x71793,"251 Micheal Rapid, Millerview, RI 10167",27,,,False
P002259,Rachel Fischer,460.361.2517x434,"98893 John Courts Suite 964, Reynoldshaven, AL 20162",57,G009,member,False
P003036,Michael Solomon,001-649-293-9190x0112,"34467 Welch Squares Suite 268, New Rebeccaburgh, FM 53391",42,G006,member,False
P003350,Diane Jensen,(507)308-5194x1210,"316 Michael Trafficway, New Jamesburgh, AS 21589",61,G010,lieutenant,False
P004775,Sandra Roth,+1-395-808-2301x965,"8293 Fitzgerald Fort, Pamelaside, LA 15732",23,,,False
P000170,Matthew Gonzalez DDS,001-783-731-4659x1166,"042 Jensen Unions Suite 927, Port Jesusstad, FL 99818",56,G010,member,False
P004267,Amber Morales,922-338-4860x8912,"PSC 0030, Box 4874, APO AE 97298",45,,,False
P001672,Jordan Phillips,982-986-5490,"54151 Audrey Mount Suite 770, Claytonshire, MS 86663",43,G002,associate,False
P003443,Mr. Patrick Martinez,411.484.6298x20107,"16488 Pierce Rest Apt. 373, North Lindsey, MI 28042",23,G003,member,False
P004719,Douglas Green,986.933.3957x47214,"608 Jessica Courts Suite 881, Alyssaborough, CA 50214",46,,,False
P001634,Paul Todd,537-770-2967x050,"72464 Hendrix Valley, Smithside, WV 47330",64,G004,member,False
P000775,Jennifer Sullivan,(795)821-7970,"1624 Johnson Branch, Shaneberg, WV 55760",56,G005,associate,False
P001598,Barbara Ware,(917)536-7138,"319 Raymond Mall, South Genefurt, RI 95446",59,G008,member,False
P001488,Caleb Rodriguez,676-320-7347x8735,"6473 Denise Tunnel Suite 885, South Richard, NJ 84005",28,G008,member,False
P000503,Stephanie Harmon,+1-658-729-8493x3067,"USNV Porter, FPO AP 53547",22,G003,associate,False
P003801,Isabel Davis,391-217-6931,"26799 Leroy Mountain, North Elizabethmouth, NE 91659",27,,,False
P002541,Elizabeth Hall,+1-493-566-7116x25352,"Unit 8629 Box 1879, DPO AE 86824",58,G001,lieutenant,False
P003181,Nicole Herrera,4004753714,"362 Tanner Harbor, Jeffreyberg, GU 60235",52,G001,member,False
P000455,Jessica Hahn,5364924926,"27599 Erica Turnpike Apt. 100, West Melissamouth, MH 47253",21,G005,member,False
P001337,Frank Bradley,001-334-442-4627,"06533 Wiley Fields, Cheyennefort, MD 77219",37,G007,lieutenant,False
P000491,Isaiah Solis,3018418842,"15944 Allen Forges, Sarahstad, MP 31481",65,G001,boss,False
P004958,Debra Klein,001-290-981-3040,"65731 Sexton Plaza Apt. 963, West Valerieview, AK 45822",64,,,False
P003779,Lauren Vasquez,(695)596-2375x58220,"8302 Sanchez Canyon Apt. 052, Stoutview, NV 81139",22,,,False
P002642,Paul Adams,550.390.1615x3644,"03004 Parsons Extension, New Karenborough, MD 00937",20,G002,member,False
P003429,Emily Gray,288-694-9214x75857,"4369 David Landing, Kimberlyburgh, MI 08703",55,G009,member,False
P001827,Chad Ortega,425-558-8983,"1257 Elizabeth Mission, South Tyroneburgh, MP 39839",43,G007,member,False
P000930,Jeremy Lynch,3759199198,"29441 Munoz Expressway Suite 316, Christineburgh, NC 88707",63,G010,member,False
P002132,Laurie Reyes,302.487.3723x8057,"96682 Perez Extension Apt. 426, Joannaport, LA 52160",61,G002,associate,False
P001853,Jeremy Phillips,752.550.1916,"66967 Hunter Courts Apt. 414, Edwardview, OH 57281",45,G003,lieutenant,False
P001521,Chase Soto,340-373-1971x890,"7291 Montgomery Roads, Sarahchester, CO 84206",36,G001,member,False
P002901,Martin Smith,657.224.3440,"7207 Trevino Orchard, Port Diana, DC 62624",44,G001,associate,False
P004422,Christine Sanchez,878-523-1328,"152 Jordan Ports Apt. 578, Farmershire, CA 44990",65,,,False
P002492,Tony Powell,721.614.0848x74261,"62757 John Station, North Angel, CT 15306",39,G002,member,False
P000162,Kyle Watson,732-471-9500,"73585 Quinn Brooks, Howardberg, KS 05676",63,G002,associate,False
P002165,Dr. Robin Chase DDS,943-351-9419,"19115 Pham Fords, Port Ryanmouth, AR 10771",55,G005,member,False
P004124,Heather Wagner,(257)213-6567x6666,"PSC 9468, Box 9318, APO AA 51346",65,,,False
P003163,Deanna Gross,(646)564-2494x18275,"PSC 7141, Box 7471, APO AA 60924",41,G003,member,False
P003885,Caitlin Moore,(870)534-6282x446,"113 Armstrong Fort, West Sharonberg, WI 65585",31,,,False
P004942,Amanda Mclaughlin,973.355.4883x9702,"0034 Julia Ville, East Beverly, DC 54292",63,,,False
P002815,Michael Sanchez,531-297-9912,"533 Garcia Way Suite 964, Weaverchester, NM 14221",46,G005,member,False
P003726,Kimberly Woods,956.616.8143x754,"405 Phyllis Greens, East Phillip, MN 07355",60,,,False
P004044,Kelly Ramos,(527)692-2130x17237,"212 Ronald Estate Suite 528, North Kimberlyside, HI 17202",61,,,False
P003534,Cristina Adams,001-490-626-2181x989,"USCGC Vasquez, FPO AA 43334",48,,,False
P001659,Sergio Hull,+1-736-597-0257,"4119 Michael Tunnel Suite 286, New Tina, UT 51900",21,G009,member,False
P003574,Shelly Gutierrez,(378)662-9158,"7374 Moore Mission Suite 131, North Krystaltown, PR 97992",46,,,False
P002729,Sandra Morris,+1-254-373-9893,"Unit 1279 Box 2426, DPO AE 68042",32,G009,lieutenant,False
P004128,Kimberly Jones,441-585-2428x8269,"1293 Davis Keys, Melissaport, AR 42510",39,,,False
P003476,Bridget Bauer,(856)426-5859,"0810 Alexander Underpass Apt. 045, West Christopher, PA 52267",45,G006,member,False
P002093,Nicholas Pineda,+1-923-997-9708,"2424 Wright Cape, New Ashley, AS 19202",22,G003,associate,False
P002787,Holly Phillips,333-387-2341x4293,"862 Colin Freeway Suite 596, Vincentmouth, WA 23431",38,G007,member,False
P001774,Zachary Anderson,945-937-1504x5196,"15913 Roberto Hills, East Rebecca, VT 90434",18,G004,lieutenant,False
P004070,Melanie Bryan,884.332.6003x4292,"175 Cindy Plains, Matthewsland, VA 84325",25,,,False
P002061,Joe Carter,(432)528-5563x3660,"9211 Susan Ports, East Anthonymouth, CA 03158",42,G001,member,False
P001561,Kristopher Jackson,502.432.0001,"243 Brown Radial, Bradleybury, MA 30680",24,G001,lieutenant,False
P004797,Anthony Young,001-246-636-3639x966,"2585 Carl Gardens, Anthonyshire, OH 38561",59,,,False
P004553,Michelle Lloyd,366.682.4985x0337,"Unit 4713 Box 1687, DPO AA 21368",61,,,False
P003417,Donna Kelley,001-892-598-4783x501,"61590 White Manors, Jonesberg, TN 41766",32,G007,associate,False
P001294,Holly Conner,597-873-9610x34057,"80417 Patterson Route, Pamelaton, NJ 94009",42,G004,member,False
P000243,Ann Henderson,(992)366-1085x732,"74224 Alexandra Hill Apt. 810, New Rogerville, NH 87120",23,G003,lieutenant,False
P004380,Samantha Martinez,+1-758-912-9789x587,"60750 Payne Crescent Suite 283, North Cody, SD 56452",19,,,False
P003841,Shawn Morgan,001-575-453-4121,"0372 Brianna Squares, Philipland, MA 56837",39,,,False
P002513,Jessica Cross,219.939.1652x773,"36480 Nicole Expressway Suite 406, Rachelfurt, TN 59921",32,G003,member,False
P001455,Donald Bowman,+1-731-359-6378x13191,"369 Anthony Mill, West Ryanport, LA 78937",29,G005,associate,False
P002620,Roger Ward,001-385-669-3963x229,"Unit 5763 Box 4339, DPO AP 65742",42,G010,member,False
P003221,Christopher Rodriguez,(230)790-8612,"5633 Harris Light, Jacquelineton, SD 18301",20,G001,associate,False
P001763,Amber Collier,+1-364-791-4453x37520,"6164 Michael Mountains, East Thomas, MH 68357",38,G003,member,False
P001989,Susan King,443-505-3447x5508,"1371 Sutton Plain, South Jeremiahberg, PW 64012",64,G009,member,False
P004766,Craig Lloyd,204-964-0457x9938,"78514 Jonathan Street Suite 171, Davidstad, SD 40080",30,,,False
P000652,Kendra Larson,559.357.0861,"434 Sanders Forges Apt. 138, Brandonborough, LA 24561",47,G002,member,False
P000826,Taylor Owens,+1-699-548-8566,"Unit 0519 Box 5675, DPO AP 53177",40,G006,associate,False
P000356,William Smith,393.911.0291x8133,"0146 Mcgrath Viaduct Apt. 849, Villarrealville, NE 19669",35,G006,associate,False
P001492,Michael Nichols,5215367160,"787 Smith Pass, Collinstown, NJ 21454",52,G002,member,False
P003612,Jennifer Nichols,9882223516,"7734 Flores Pines, South Davidfort, GA 26377",25,,,False
P001304,Kathryn Hamilton,278-705-8138,"36788 Phillips Isle, Dennisville, MD 16117",22,G004,member,False
P003652,Barbara Merritt,329-327-5657,"790 Tiffany Flat Suite 067, Hillburgh, ID 46501",45,,,False
P000879,Melanie Freeman,245.299.1530x445,"26838 Peters Bypass, Lake Shelby, SC 45880",52,G009,member,False
P004843,Andrew Ortiz,(212)369-4413x9126,"124 Duncan Drive Suite 115, Jonathanport, KS 71048",20,,,False
P002468,Ashley Stokes,+1-932-920-6152x50191,"504 Bowman Bypass Apt. 622, Lisaton, CA 59696",35,G008,member,False
P003347,Joshua Villarreal,532-469-7179,"PSC 5864, Box 2715, APO AA 05253",30,G007,lieutenant,False
P000806,Veronica Adams,001-880-913-7683,"77915 Cynthia Harbor, Martinezport, AK 81343",65,G006,member,False
P003326,Gary Barnes,(584)806-1632,"729 Blackwell Brook Suite 149, New Catherineville, NE 21283",19,G006,associate,False
P003927,Dillon Ramsey,(477)281-5759,"202 Carr Fall Apt. 296, East Marcuston, IA 10064",29,,,False
P000395,Matthew Fleming,235-388-4183x4374,"2795 Elliott Shoals, West Jacquelinestad, VI 01536",27,G005,lieutenant,False
P004222,Lauren Turner,(707)358-8376x308,"804 David Junction Suite 945, Benjaminmouth, CA 19202",37,,,False
P004141,Amy Adams,(284)487-2057x247,"USCGC Vaughn, FPO AP 56279",59,,,False
P004814,Victor Bauer,(925)866-5408x097,"79339 Nicole Rue Suite 953, Colefurt, NM 03844",54,,,False
P001927,Alec Poole,001-884-284-1492x2835,"351 Elizabeth Trail, Nataliehaven, SC 53733",61,G007,member,False
P001172,Wayne Benitez DDS,861-875-7804x1048,"4262 Turner Parks Apt. 498, Harrisonville, AS 02555",42,G002,member,False
P000350,Patricia Garcia,001-657-775-8474x5705,"48026 Donna Divide Suite 703, Howardland, ID 50017",60,G010,member,False
P000687,Jill Ray,(252)986-6933x515,"USS Mack, FPO AP 42236",44,G007,member,False
P004061,Kathryn Thompson,7909620133,"164 Lauren Prairie, New Jessica, HI 52341",50,,,False
P001229,Susan Hawkins,612.340.7904,"USS Ray, FPO AE 13581",55,G009,lieutenant,False
P002246,Brian Atkinson,+1-463-259-7522x883,"749 Lisa View, New Jerry, NV 58018",59,G006,associate,False
P004237,Chad Poole,001-861-744-8151x903,"74700 Lamb Road, Kellerview, SC 31256",19,,,False
P003419,Kyle Walter,857-726-5213,"439 Harris Turnpike, Ronaldside, SD 33715",58,G009,lieutenant,False
P004877,Aaron Johnson,+1-895-276-1065x3507,"3033 Emily Square Suite 249, Kristineshire, GA 91650",62,,,False
P000767,Nathan Harvey,+1-553-291-6077x00409,"1840 Cassandra Turnpike Apt. 218, Lake Jasonfurt, MO 21514",42,G007,associate,False
P003817,Amanda Pittman,+1-573-761-2612x63983,"7776 Victoria Rest, Thomasberg, NE 20228",53,,,False
P003175,Diane Simpson,(399)987-2607,"752 Brown Terrace, East Tina, RI 02792",53,G005,member,False
P004920,Laura Shaw,+1-609-616-2023x13402,"09254 Cole Summit, North James, NV 79312",19,,,False
P000032,Heather Fields,+1-642-710-4709x521,"28588 Rivas Glens, Coffeyport, WA 44897",32,G002,associate,False
P001735,Karen Mckenzie,(317)279-4292,"74821 Barry Neck Suite 079, Youngbury, FL 36396",28,G005,associate,False
P003697,John Camacho,377.320.7832x48356,"USS Cole, FPO AE 85472",47,,,False
P002998,Stephen Snyder,+1-714-391-6968x01598,"184 Michael Ferry, Ramirezmouth, MP 10061",57,G008,member,False
P003815,John Flores,(216)226-5771x22907,"8232 William Crossing Suite 019, East Nicoleberg, UT 62783",32,,,False
P003370,Sabrina Patterson,668-804-7436,"USS Cox, FPO AP 88788",44,G010,member,False
P002987,Nathan Clarke,(386)405-0558x147,"7538 Rachel Crescent, Amberhaven, KY 75030",35,G007,lieutenant,False
P002479,Andrea Dixon,(360)590-3514x90333,"057 Jessica Center Suite 311, Marychester, NM 54573",54,G009,associate,False
P004224,Kimberly Smith,(366)798-8198x08845,"400 Sanders Rue Suite 834, East Deborahborough, MP 34340",60,,,False
P004314,Mr. William Turner,489.206.6802x424,"67970 Daniel Ridges Apt. 685, Lisaside, WV 53946",38,,,False
P001349,Sean Buchanan,001-257-994-7450,"315 Davis Manors, West Geraldland, KS 33593",33,G009,associate,False
P000549,Alan Simpson,494.762.0726x629,"776 Tina Port, Port Kimberlytown, MO 69180",36,G009,member,False
P001761,Mary Mills,631-235-7408x747,"729 Garcia Oval, Richardmouth, NM 77803",60,G001,member,False
P001040,Kevin Walsh,667-838-6569x0448,"22912 Stephens Isle, Amandamouth, AK 01886",64,G010,member,False
P000459,Andre Wiggins,+1-809-704-6376x604,"5254 Tracy Grove Apt. 715, North Lisaville, IA 10254",53,G009,member,False
P003122,Robert Ramirez,463.276.0760x694,"258 Brandt Road, New Joshua, MS 93640",45,G002,member,False
P000768,Nancy Williams,458.786.4078x80265,"6933 Matthew Mall Apt. 303, Evanstown, NY 66984",39,G008,member,False
P000016,James Hernandez,516.865.8760,"670 Evans Loaf, Medinaside, AS 79570",18,G006,associate,False
P000811,Luis Sullivan,556.542.5706x80269,"PSC 1542, Box 3060, APO AE 24708",54,G001,member,False
P002001,Laura Koch,001-568-863-6776,"73600 Ward Branch Suite 084, Lake Jameshaven, IN 66103",39,G001,member,False
P002156,Ronnie Rogers,+1-586-713-6432,"3287 Flores Junction, Jenniferhaven, LA 05413",30,G006,member,False
P001442,Dennis Simpson,+1-789-237-7070,"062 Barnett Ferry Suite 624, East Ronald, NV 20544",57,G002,associate,False
P001321,Laura Zimmerman,+1-322-600-8100,"690 White Corner Suite 759, Danielshire, WI 99428",57,G001,member,False
P004864,Diane Hughes,272-321-9681,"668 Mcbride Motorway, New Kimberly, NE 02433",61,,,False
P004071,Michelle Diaz,001-502-888-7033x736,"469 Williams Flats Apt. 409, Crystalton, IA 50570",42,,,False
P000951,Patrick Blake,411.407.3512x896,"8243 Jesse Spur, North Kristin, IL 81343",29,G001,member,False
P001626,John Nixon,001-421-629-8567,"2517 Roberts Place Suite 652, Parkerberg, WV 98654",18,G006,associate,False
P003763,Kimberly Santos,471-855-8992x540,"1864 Justin Lakes, Port Tony, ID 30074",47,,,False
P000255,Jacob Ritter,947-202-2960x4432,"06794 Mccullough Tunnel Suite 792, New Dana, WV 59474",27,G005,member,False
P003401,Sarah Hubbard,634-799-9255,"Unit 5289 Box 2167, DPO AE 17565",38,G001,associate,False
P000401,Valerie Rodriguez,(668)561-2059,"0740 Miranda Mount Suite 095, Ronaldport, WI 03585",46,G001,member,False
P001948,Alyssa Freeman,001-787-829-7012x6831,"06051 Richard Trafficway Suite 690, Josephmouth, WV 20446",54,G008,member,False
P002518,Chad Caldwell,969-968-9286,"USNS Randall, FPO AP 42410",61,G008,member,False
P004547,Gina Munoz,001-779-545-6878x077,"Unit 2115 Box 7144, DPO AP 07401",33,,,False
P002890,Karen Miller DVM,001-545-828-3153,"2822 Ortega Flats, Leahmouth, GU 68402",56,G010,member,False
P003769,Roger White,2692787848,"6752 Stephen Haven Apt. 014, Port Bianca, MT 75136",35,,,False
P003232,Dana Gibson,(612)307-9597x09321,"843 Norris Center, South Jennifertown, IA 82275",47,G002,lieutenant,False
P003579,Kelli Cook PhD,900.819.8363,"8945 Hines Lodge, New Caseymouth, VT 81242",25,,,False
P000862,Jessica Jones,001-594-574-7053x11058,"3979 Irwin Court Apt. 426, South Yolanda, VA 47159",19,G002,member,False
P004807,Albert Garner,243-416-2235x678,"723 Murphy Oval, Lake Andrea, ND 25435",26,,,False
P001860,Adam Scott,617-264-3441x0579,"53293 Joseph Village Suite 834, Davidshire, MN 42346",38,G010,member,False
P004355,Charles Morales,+1-646-991-7909x940,"072 Carl Dam Apt. 878, East Julie, NH 38385",31,,,False
P002678,Thomas Serrano,001-801-630-1132x633,"8673 Moss Crossing Suite 391, East Paula, CO 79110",53,G008,member,False
P001191,Angel Best,662-317-6434x939,"4078 Elliott Street Suite 857, Christineland, AR 52312",20,G001,lieutenant,False
P001031,Anthony Nelson,(992)967-6988,"USNV Carter, FPO AA 67704",48,G001,member,False
P003186,Laura Bailey,226-586-6765x64060,"0063 Joseph Harbor Suite 031, Lake John, ID 62587",23,G006,associate,False
P001298,Eric Smith,001-240-975-6023x1064,"96822 Curry Inlet Apt. 734, Wandafort, OK 97605",59,G008,associate,False
P000205,Christopher Holt,+1-327-391-4560x833,"3403 Laura Spur, Jimenezburgh, TN 06152",60,G005,member,False
P001116,Jacqueline Smith,001-452-869-9015x230,"92356 Baker Alley, North Scott, SD 78248",30,G006,member,False
P001278,Melissa Blankenship,(697)947-6237x0385,"268 Ashley Ways Apt. 192, Lake Ashley, KY 12333",51,G008,boss,False
P003717,Brian Crawford,+1-864-656-2921x2210,"70464 Black Dam Suite 873, Margaretside, TX 55585",18,,,False
P001536,Ashley Gardner,512.776.0783,"245 Justin Unions, South Moniqueborough, FM 48288",43,G006,lieutenant,False
P001017,Michael Hernandez,001-275-850-6179,"15120 Jared Vista Apt. 449, South Samuelfort, MH 21943",41,G007,member,False
P004342,Casey Lee,7872247214,"4796 Harris Flat, New Alexandraburgh, NY 27857",38,,,False
P004068,Diane Fuller,(651)512-3870x1502,"7791 Baker Plains, Lake Charlesstad, WV 04143",20,,,False
P003589,Pamela Gomez,001-580-537-5230,"Unit 1102 Box 6431, DPO AA 79446",52,,,False
P001801,Anna Stevenson,001-730-844-4697x8942,"19768 John Lake, North Jonathanstad, CO 87876",38,G001,member,False
P003502,Kerri Jackson,314-569-0615x33996,"53397 Anna View Apt. 223, East Melissa, KY 72014",65,,,False
P002122,Tim English,+1-439-553-1169x5152,"960 Glover Streets, South Michaela, WI 50756",20,G002,associate,False
P004390,Alexander Blevins,767-903-8706x8829,"4031 Perry Shore Suite 609, Lake Ryan, DE 93559",34,,,False
P002460,Anita Jefferson,650-705-8353,"55614 Whitney Mills Suite 376, North Kimborough, HI 47550",35,G010,lieutenant,False
P001651,Daniel Williamson,(978)834-3585x99197,"692 Matthew Rue Suite 376, South Richard, NY 65686",44,G001,lieutenant,False
P002782,Kayla Martin,+1-555-736-3157x370,"603 Jacob Lane, South Jamesshire, OK 82736",56,G002,associate,False
P004809,Courtney Glass,001-221-267-8323x37381,"USCGC Poole, FPO AA 15045",37,,,False
P001829,Michelle Aguirre,001-803-558-5872,"0271 Paul Ferry Apt. 023, Olsenhaven, MP 72243",59,G009,member,False
P002379,Bob Mckee,427-957-9880,"935 Rachel Cliffs, North Stephanie, NC 59974",36,G009,associate,False
P004150,Shaun Long,001-340-511-6308x2345,"15001 Amy Branch, Cindyton, WI 64207",28,,,False
P002321,Molly Sullivan,(305)253-8555x8859,"7449 Floyd Point Suite 391, Port Michelleland, IN 07665",52,G001,member,False
P001299,Stephanie Brooks,+1-597-936-6547x5878,"PSC 0539, Box 2590, APO AA 91360",54,G009,associate,False
P003789,Danielle Garcia,456.716.9712x44433,"627 Matthew Points, Port Felicia, TX 53751",38,,,False
P002258,Beth Hays,435.586.2342,"64101 Fields Union, East Patricia, MN 50443",18,G008,lieutenant,False
P004088,Todd Norton,001-211-555-7630x657,"98906 Hall Road Suite 693, South Valerie, GU 91528",37,,,False
P001351,James Nguyen,(642)876-0741,"26135 Justin Islands Suite 561, East Lisa, NE 94856",28,G001,member,False
P002020,Mr. Patrick Hall,+1-251-546-0737x204,"44012 Sean Junctions Suite 343, Jonesmouth, MN 04778",34,G010,lieutenant,False
P000584,Anna Galvan,+1-913-459-9898,"PSC 1708, Box 8948, APO AE 09755",57,G004,member,False
P000782,John Robinson DVM,(580)866-4707x03850,"529 Taylor Heights Apt. 074, East Rachaelview, AK 89026",37,G002,associate,False
P004561,Nicholas Mathews,001-287-472-9552x54878,"4007 Tammy Via Suite 475, East Jamesborough, AR 85176",62,,,False
P001112,Erin Myers,649.677.9738x33061,"5478 Melissa Brooks Suite 260, Port Tanner, VA 53386",64,G002,member,False
P004165,Cheryl Braun,563-354-7909x339,"43696 Peterson Brook, Lake Stephaniechester, NH 03711",55,,,False
P004017,Thomas Reyes,(409)840-9489x547,"303 Peter Run, West Christian, OR 13363",60,,,False
P001133,Larry Rice,(274)496-5990x527,"14358 Bradley Ways Apt. 775, East Billyland, AL 78533",62,G003,associate,False
P000363,Jason Gonzalez,001-302-838-5037x19905,"724 Dalton Parks, Lake Michael, NJ 40270",23,G003,associate,False
P000765,Andrew Neal,+1-599-619-3873x370,"4748 Kimberly Park Suite 078, Clinebury, MD 09110",57,G005,member,False
P002653,Aaron Williams,240.573.3973x510,"683 Johnston Way, Hayleybury, VI 51959",31,G003,member,False
P001973,Nicole Burgess,661.740.4761,"58181 Alexander Squares Suite 292, East Bryan, RI 64782",30,G003,lieutenant,False
P003644,James Anthony,001-399-911-6618x9831,"43392 Johnson Lodge, East Robert, NM 71546",56,,,False
P003748,Paul Thompson,+1-854-953-8006x9466,"57188 Sullivan Rapid Apt. 658, Christopherburgh, WY 42755",61,,,False
P003620,Cindy Anthony,955.284.8592x313,"1587 Jennifer Well, Meyerberg, TX 20786",23,,,False
P003747,Nicole Armstrong,(634)418-6867,"6416 Brown Ways, Jonesport, IN 62751",58,,,False
P004270,Darrell Hatfield,691-991-2808x16003,"PSC 6492, Box 9035, APO AE 47266",22,,,False
P003168,Meagan Torres,3569269595,"7690 Davis Path Suite 319, Maryton, IA 45244",49,G008,lieutenant,False
P002283,Jamie Boyd,253-254-6819x6623,"63757 April Isle Apt. 807, Johnsside, IN 28579",27,G003,associate,False
P001697,Margaret Lee,287-557-0532,"014 Roman Harbor, New Susanburgh, VT 74476",26,G007,associate,False
P003389,Michael Lee,(683)725-5744,"8354 Bruce Flat, Lake Ryan, OH 72477",45,G009,member,False
P000721,Scott Gordon,700.541.6910,"1675 Wolfe Lodge, East Elizabeth, RI 43754",57,G001,lieutenant,False
P000841,Craig Tucker,+1-759-821-2684,"14294 Andrew Burgs Apt. 753, Port John, UT 10088",64,G001,member,False
P002710,Sarah Morris,(399)675-3929x188,"465 Beverly Common Apt. 580, Amyborough, AR 58679",20,G010,lieutenant,False
P004984,Catherine Smith,001-302-758-2215x27010,"1401 Burns Canyon Suite 261, East Josephshire, GA 71579",19,,,False
P002519,Tracy Lopez,(672)323-1526x057,"100 Julie Inlet Suite 751, West Traci, NM 31313",47,G009,associate,False
P001842,Melissa Patrick,(981)381-6717,"0207 Samuel Parks, Luisview, CT 62593",52,G002,member,False
P003270,Cory Lucas,613-486-1755x65173,"619 Lamb Forges, Aprilstad, GA 04059",62,G010,associate,False
P000256,Brittany Luna,299-966-3658,"09481 James River, New Aimeefort, NY 02947",18,G006,member,False
P001922,Cody Hart,882-881-2479,"303 Tracy Ranch Suite 099, South Michael, IL 64314",37,G002,member,False
P001678,Cynthia Vasquez,934-503-0579x251,"136 Kathleen Causeway Apt. 529, Jensenside, MN 38217",24,G008,lieutenant,False
P004598,Doris Sexton,(919)333-5961,"Unit 3639 Box 8492, DPO AA 19058",20,,,False
P003438,Cheryl Jones,+1-289-448-4707x173,"013 Zamora Summit Suite 659, Michaelfurt, GA 09375",23,G008,member,False
P004255,Deborah Harris,(544)223-2114x324,"Unit 3528 Box 4141, DPO AA 26407",58,,,False
P000034,Andrew Johnson,811.338.2675x8692,"0537 Sampson Walk Suite 158, Bruceview, ID 16512",58,G004,member,False
P004618,Sandra Johnson,748.814.9135x934,"511 Walker Neck, Michaelborough, SD 28908",26,,,False
P004812,Angela Tyler,001-903-328-6224x961,"774 Elijah Mountain Apt. 927, East Carol, CA 84652",45,,,False
P000759,Shannon Hudson,838.854.6623x2360,"9125 Bradley Oval Apt. 204, New Alice, HI 22230",21,G009,lieutenant,False
P001891,Benjamin Williamson,+1-588-248-1312x05930,"Unit 2220 Box 2417, DPO AA 53917",44,G001,associate,False
P003445,Sharon Hansen,+1-501-993-9434,"PSC 3443, Box 9159, APO AE 85404",63,G005,member,False
P001392,Cathy Kline,413-972-4479,"144 Smith Avenue Suite 658, Pennybury, FM 76527",52,G002,associate,False
P002847,Steve Miller,829-500-2107,"PSC 6902, Box 0510, APO AP 83235",29,G007,member,False
P000430,Tricia Sullivan,779.748.7148,"Unit 2457 Box 8715, DPO AP 34955",20,G010,lieutenant,False
P000713,Erik Nelson,440.346.6821,"9525 Andrews Extensions Apt. 644, Port Davidfort, WI 26134",65,G003,member,False
P000443,Evelyn Davis,(896)666-7252x1452,"6335 Matthew Terrace, New Jonathanton, OH 08253",48,G003,associate,False
P004097,Eric Valencia,001-587-790-1714,"8698 Garner Highway, East Melissaport, ID 11995",53,,,False
P001231,Christian Harris,9454347827,"209 Fields Row, New Joseph, OK 73328",31,G001,member,False
P002826,Kimberly Brown,(967)646-4932x5164,"89723 Holmes Port, South Ryanstad, MD 19782",65,G006,member,False
P002553,Tracy Hubbard,420.724.4694x39742,"42145 William Unions, East Gary, IL 94682",44,G003,member,False
P001119,Shawna Garcia,225-357-6881x55903,"4876 Emma Junction Apt. 488, Brendaville, FM 93954",23,G009,member,False
P004052,Lisa Jackson,9616253240,"8456 Coleman Union, Abbottland, VA 64177",60,,,False
P002434,Ryan Smith,426-902-7322x699,"22940 Briana Overpass Suite 110, New Joel, SC 92623",62,G004,member,False
P004461,Mary Webb,671.905.2837,"694 Steven Falls Apt. 655, Shannonview, MI 42190",33,,,False
P001528,Jessica Neal,825-780-4430,"2112 Rodriguez Lodge Apt. 098, Port Donnamouth, MT 56719",18,G008,member,False
P003414,Cynthia Wood,9483476973,"7990 Mitchell Squares Apt. 350, New David, SC 82313",26,G004,lieutenant,False
P000075,Michele Sanders,685.746.7854,"1753 Edwards Cape Apt. 204, Phillipsborough, MA 30650",37,G005,associate,False
P003862,Samuel Woodward,667.420.0073x2723,"09512 Murray Glens, Lake Ivanmouth, UT 35147",22,,,False
P004828,Danielle Turner,325.642.7145x646,"777 Pena Hill Apt. 723, South Jacob, WY 64698",54,,,False
P001309,Natalie Neal,2564358699,"USNS Key, FPO AE 54362",31,G009,boss,False
P000921,Jessica Mccarty,930-916-5562x388,"6993 Jamie Shoals Apt. 622, North Victoriaborough, OH 50595",34,G001,lieutenant,False
P004970,David Moore,568.671.9492,"0991 Taylor Manor, Michaelport, OR 16273",53,,,False
P000258,Tristan Gregory,7954200461,"6103 Karen Radial Apt. 788, Averyview, AR 42225",32,G008,associate,False
P003740,Louis Thomas,798.859.4166x121,"USS Williams, FPO AP 44390",65,,,False
P001705,Crystal Wolfe,(366)276-2960x2964,"64954 Little Vista Suite 465, Murrayville, IA 90661",22,G005,boss,False
P000923,Cynthia Alexander,+1-739-551-6730,"0848 Briggs Pines Suite 562, West Kim, TN 70597",36,G003,associate,False
P000008,Barry Hensley,(719)639-9091x6998,"46247 Hickman Cliffs Apt. 799, North Amandahaven, KS 17862",19,G008,boss,False
P003363,Charles Fitzpatrick,001-558-986-9150x3091,"379 Bradley Drive, Poncechester, MP 29793",18,G003,lieutenant,False
P001067,Isaac Hill,001-298-528-1794x77950,"02626 Brian Crossroad, Alvaradoview, MI 23023",48,G007,member,False
P002400,Shawn Carter,001-406-940-0584x4512,"428 Daniel Manors, Aguirreport, AS 78791",18,G010,member,False
P002233,Katie Ryan,001-283-320-0738x65437,"928 Wong Dale Suite 976, New Kimberlybury, ME 70618",50,G003,member,False
P004014,Wanda Morales,001-206-852-7538x36355,"936 Jennifer Branch Apt. 171, West Alan, MS 93691",43,,,False
P001623,Robert Murray,+1-375-908-0571,"0027 Ayala Rapids Suite 244, South Catherine, IL 53718",24,G003,member,False
P000233,Renee Manning,(732)312-3476x49078,"3425 Baldwin View Suite 090, Lake Samanthabury, KS 72948",61,G003,associate,False
P003959,Mr. Jeffrey Rubio,703.313.9816x7343,"448 Flowers Crossing, Frazierburgh, AZ 66808",47,,,False
P004066,Thomas Foster,351.451.6492x01049,"7683 Espinoza Center Suite 909, East Lauren, GU 40406",52,,,False
P004249,Michael Martinez,581-300-4332x875,"957 Danielle Knoll Suite 819, West Robert, GA 72748",58,,,False
P002206,Jeremy Smith,+1-461-946-3910,"78376 Rachel Creek, Thomasland, FL 52113",20,G006,associate,False
P002597,Jessica Curtis,999.692.3239,"Unit 4512 Box 2760, DPO AA 70524",53,G007,associate,False
P003986,John Burton,559-923-3364x190,"0106 Corey Plain, Virginiafurt, OK 60657",23,,,False
P000309,Danielle Hoover MD,001-218-692-3923x126,"Unit 2609 Box 3106, DPO AA 69310",65,G009,member,False
P002762,Lindsey Woods,(710)789-6641x728,"PSC 8955, Box 3945, APO AE 36784",54,G002,member,False
P000649,Danielle Compton,001-544-534-4149x16999,"9743 Wiley Greens Apt. 882, East Brandon, MA 66103",53,G009,member,False
P001502,Michael Cisneros,001-266-608-1875,"63487 Cook Dam, Martinezshire, FM 32106",63,G002,member,False
P003537,Elizabeth Sanchez,(549)701-7936,"0408 Rick Radial Apt. 823, Port Nancy, NE 36874",21,,,False
P001691,Tasha Rhodes,(929)825-4654,"9145 Lam Ville, East Paulbury, MI 98526",34,G001,member,False
P003871,Danielle Guerra,388-901-7647,"0591 Fitzgerald Wells Suite 355, Ethanbury, HI 57946",50,,,False
P003930,Dave Santana,759.746.7562,"USCGC Houston, FPO AE 88963",24,,,False
P004494,Michael Durham,+1-443-975-3005x567,"1253 Stacey Rest, Hamiltonberg, CT 24940",58,,,False
P004024,Kathy Johnson,9618880471,"44254 Katrina Villages Suite 043, Fergusonburgh, FM 14428",47,,,False
P000664,Kenneth York,721.612.2121,"582 Stephens Plain, Esparzaport, MH 01606",40,G004,lieutenant,False
P000297,Chad Dominguez,223-333-0591x2662,"01859 Booker Road Suite 301, South Tracy, UT 78640",47,G007,lieutenant,False
P004162,Jennifer Miller,(805)626-2069x85124,"0581 Lee Forges, East Stephanie, MT 89138",19,,,False
P004353,Dustin Moore,4964896892,"27915 Butler Views, West Marie, IA 11212",24,,,False
P001368,Karen Olsen,240.811.7617,"12738 Mercedes Shores, South Franciscobury, MD 62121",30,G008,associate,False
P002535,Amanda Romero,509.776.9046,"18859 Michelle Mount Suite 335, Danashire, AS 41802",24,G005,member,False
P003555,Jacqueline Anderson,750-936-3532x4384,"70395 Roach Parkway Apt. 249, East Lisa, NV 75636",33,,,False
P004033,Gregory Williams,(558)897-7404,"703 Christopher Courts Apt. 091, Teresastad, CA 36390",19,,,False
P002707,Charles Cross,218-358-9768x11655,"769 Lisa Mountain, Angelatown, AR 40108",51,G007,lieutenant,False
P001831,Toni Williams,(522)705-3220,"980 Coleman Cliffs, Wilsontown, VI 12580",42,G001,member,False
P003123,Stephen Johnston,+1-247-340-1807x6813,"USS Hall, FPO AA 89419",39,G003,member,False
P001996,Curtis Long,252.416.0834,"PSC 8974, Box 0939, APO AE 35434",42,G006,lieutenant,False
P000021,Daniel Holt,695-678-8568x5574,"1823 Joanna Harbor, Tinaborough, LA 30317",42,G001,lieutenant,False
P003786,Michael Griffin,+1-223-623-2609x17310,"Unit 0254 Box 8297, DPO AP 38686",28,,,False
P003940,David Wilson,(842)358-0552,"397 Tracey Unions, Nathanielton, MO 03492",38,,,False
P004367,Derrick Navarro,282.221.3611,"49990 French Mountains Suite 039, East Thomas, NE 09759",38,,,False
P004987,Joshua Harris,001-302-273-1178x7900,"82514 John Stream, Bradyport, UT 71357",64,,,False
P004023,Chelsea Perez,233-247-2556x0302,"85347 Shannon Inlet, Justinland, VI 22675",27,,,False
P000727,Kathryn Morgan,526-819-0384x227,"3202 Sherry Drive, Garcialand, MP 61421",37,G007,member,False
P000895,Adam Gillespie,522-824-1983x0632,"81444 Kenneth Plaza, Erictown, GA 91350",37,G005,member,False
P002285,Timothy Hill,+1-912-655-2916x539,"15866 Frost Via Apt. 725, Markburgh, VI 69935",34,G005,member,False
P003494,Gary Woods,401-544-1699x30771,"5092 Anthony Parkways, Mayborough, NJ 24747",44,G004,boss,False
P004291,Morgan Bailey,910.501.7872x272,"977 Gibson Overpass, West Annatown, TX 22302",49,,,False
P003468,Christopher Jones,546.825.3844,"041 Karen Locks, East Johnton, SC 60276",26,G008,associate,False
P002353,Jesse Callahan,991-591-7997x057,"271 Stephanie Expressway, West Michael, NC 37503",32,G003,associate,False
P000974,Barry Hoffman,001-671-516-4560x59563,"PSC 1807, Box 3920, APO AP 04744",59,G004,member,False
P003057,Elizabeth Grimes,685-512-0540,"768 Pamela Junctions Suite 132, West Evelynton, NJ 62820",26,G007,member,False
P003463,Charles Golden,426.396.1952x54587,"76792 Reeves Cape, Sheenaland, PW 28188",41,G003,lieutenant,False
P000716,Krista Vargas,+1-301-914-0034x713,"860 Nicole Throughway Suite 259, Lake Williamville, OR 85437",54,G006,associate,False
P000407,Krista Bell,869.545.5158,"4722 Roberts Place Suite 721, Carpenterchester, MT 54279",34,G007,member,False
P000337,Barbara Thomas,321-917-5361x706,"USS Clark, FPO AA 49686",49,G007,associate,False
P004863,Bradley Brooks,868-304-8629,"76633 Bryan Corners, Port Tiffanyport, ME 57423",34,,,False
P003392,Elizabeth Payne,775-986-2187x5406,"45852 Simpson Crossing, North Debra, PW 80660",65,G002,boss,False
P002447,Jennifer Figueroa,313-624-5912x314,"254 Fitzgerald Spur Apt. 434, New Sarah, MI 08486",43,G007,member,False
P000878,Cindy Martin,462-491-0873,"9157 Erin Mews, Wilsontown, MI 18445",50,G008,associate,False
P001847,Danielle Wells,993.847.4126,"73854 Smith Summit Suite 217, East Carl, IL 00898",54,G007,boss,False
P002082,Terry Price,346.547.4965,"52218 Michael Throughway, Sharonside, CA 21990",51,G002,associate,False
P002953,Jordan Ruiz,947.362.9611,"608 Monique Ramp, North Ryan, VA 20745",46,G003,member,False
P001924,Michael Schultz,001-934-901-0752,"5022 Jensen Stravenue Apt. 227, West Joseph, LA 89295",45,G004,member,False
P004010,Cheyenne Boyle,+1-428-842-8642x0095,"69275 Jordan Crescent, Lake Kevin, AL 39065",55,,,False
P003398,Roberto Hodges,269.499.5753,"202 Eugene Forks, Lake Richard, VT 01408",44,G008,member,False
P004248,Barbara Powell,693-350-2414x763,"8280 Baker Rapids, Port Stephanie, TX 56988",35,,,False
P002272,Ryan Jones,(680)926-1422,"513 Horne Cliffs Suite 804, Jessicabury, PW 44624",61,G002,lieutenant,False
P002291,Virginia Henry,001-511-452-7507x361,"3223 Jackson Parkways, Lake Meganshire, AS 60323",24,G001,lieutenant,False
P003330,Kevin Walker,999-940-3809,"453 White Forge, Prattview, SD 61102",59,G010,member,False
P004999,David Horton,513-543-0782x79913,"PSC 6330, Box 6138, APO AP 32602",63,,,True
P002937,Steven Gardner,261.900.5948x2706,"97285 Edwin Unions, New Ericfurt, LA 51232",38,G007,lieutenant,False
P001785,Brian Davis,(683)594-8422x66315,"49131 Nicholson Route, Jamesfurt, NE 65530",60,G005,associate,False
P004065,David Mueller,339-553-3212x91998,"5116 Sean Station, Scottland, NV 25296",52,,,False
P003357,Jorge Barker,468-636-3331x93338,"373 Michelle Plaza, Port Brian, MH 15487",53,G007,member,False
P003225,Elizabeth Morris,+1-985-595-8013x2644,"Unit 9847 Box 0974, DPO AP 92400",44,G005,associate,False
P000611,Chad Abbott,428.428.9540x0178,"12616 Smith Circles Apt. 580, North Autumntown, RI 23831",33,G001,associate,False
P003820,Mary Bradford,(379)488-7790,"USNV Zhang, FPO AP 82567",51,,,False
P004392,Amanda Walker,001-228-297-9227,"72619 Smith Port Apt. 525, Armstrongmouth, AS 93773",42,,,False
P004343,David Kemp,536-998-2878,"378 Catherine Cove Apt. 422, West Andrewview, WY 56735",39,,,False
P003527,Mary Hall,677-206-7561,"452 Chad River Suite 435, Anthonychester, GA 92981",37,,,False
P000291,Tyler Ortega,9139806984,"5553 Ortega Lane Apt. 551, South Monicafurt, VA 18702",56,G001,member,False
P004901,Mary Graham,+1-919-756-9727x09124,"4088 Austin Cape, Lake Monica, DC 96331",62,,,False
P000361,Tyler Davis,4209569815,"785 Montgomery Points, Port Carlos, NE 82482",59,G001,member,False
P001302,Emily Sampson,(239)615-8464x7256,"203 Oliver Lock Apt. 550, South Renee, IA 34234",62,G002,member,False
P003703,Pamela Bryant,9707078281,"304 Cooper Summit, Robinsonbury, CO 24239",42,,,False
P000553,Corey Stone,(429)785-7973x63831,"97079 Powell Crest Suite 706, Youngfurt, NC 19708",61,G003,member,False
P003273,Billy Guerrero,816-324-4216,"0004 Jaclyn Stream Apt. 936, Sheltonfurt, MO 17965",35,G003,member,False
P001401,Maria King,494.638.3754,"734 Brown Gardens Apt. 277, Lake Laura, NH 75927",24,G001,lieutenant,False
P004269,Matthew Hooper,518.627.6243x40458,"Unit 6112 Box 7895, DPO AA 63133",38,,,False
P000047,Vincent Mueller,859.477.4688,"0758 Jennifer Path, West Christopherburgh, KY 59394",31,G007,member,False
P002395,John Campbell,+1-358-691-9959x7465,"3160 Jack Points Suite 897, Danielfort, DC 56933",57,G005,member,False
P004210,Brittany Martin,(832)708-1213x153,"5121 David Squares, Christophermouth, PA 03945",35,,,False
P000111,Vanessa Wells,446-777-4186,"70477 Perez Grove Apt. 211, Lindseychester, WV 77797",24,G001,lieutenant,False
P003176,Michelle Mejia,613.573.8849x583,"727 Ray Forest Suite 509, Margaretbury, FL 51174",42,G006,associate,False
P000970,Mary Snow,001-663-452-0076x150,"569 Murray Club Suite 336, New Bobbyshire, AZ 14827",34,G010,associate,False
P000881,David Campbell,4187422013,"83168 Jennifer Route, Walkertown, IA 70948",30,G001,associate,False
P001618,Stephen Ramirez,830-601-1314,"43778 Tamara Landing, Elizabethberg, WA 17951",54,G008,member,False
P003048,Diane Powers,(767)349-9883,"7376 Smith Expressway, Candicemouth, NM 21472",30,G008,associate,False
P001656,Michelle Kidd,723-878-3904x97574,"PSC 4426, Box 3333, APO AP 73652",65,G006,member,False
P001918,Angela Smith,5779831826,"870 Rhonda Ferry, Brianhaven, CO 82354",61,G008,member,False
P000128,Sheila Jones,953.954.0838x6631,"77517 Curtis Loop Apt. 880, Port Cassandraport, FM 67129",28,G008,associate,False
P002763,Daniel Suarez,001-952-614-6111x0559,"1324 Robert Expressway, South Lonnie, RI 46272",27,G003,associate,False
P001586,Patrick White,+1-846-655-9218x9568,"97453 Amanda Fall, New Kelly, NV 54321",31,G006,boss,False
P002954,Miranda Anderson,001-341-265-6738x68056,"USNS Martinez, FPO AP 43746",29,G004,member,False
P002534,Mr. Steve Taylor Jr.,432.327.6039,"8064 Rebecca Passage Suite 512, Powellbury, PR 15247",54,G004,member,False
P001164,Laura Hall,575-321-1275x9637,"10886 Terri Center, Dennismouth, WY 76714",22,G004,member,False
P004563,Daniel Baker,+1-224-643-8249x937,"78913 Morgan Bypass, East Tylertown, RI 33253",61,,,False
P000438,Cody Reyes III,001-675-657-5225x013,"9131 Jennifer Wells, Phelpsberg, VT 45086",29,G008,boss,False
P002275,Jack Mcgrath,897.204.9988x3120,"543 Rebecca Harbor, Meaganland, DC 78804",53,G005,member,False
P000299,Alicia Hawkins,+1-387-418-9813,"87510 Bailey Shoal, North Anna, PR 99207",43,G009,member,False
P000963,Richard Hall,+1-414-401-5273x117,"7569 Natasha Roads, New Josephbury, IL 43749",28,G003,member,False
P003384,Hannah Price,(931)993-5564x292,"8131 Sanchez Curve, West Georgeport, RI 99754",27,G004,lieutenant,False
P001117,Harry Trujillo,7275320129,"04231 Holly Trace Suite 820, Allisonville, WY 91349",58,G007,lieutenant,False
P004538,Sandra White,(790)826-5358x818,"895 Bryan Lake Suite 984, New Justin, ID 60221",61,,,False
P000931,Kelly Schneider,+1-797-747-7656x59070,"343 Herrera Shoals Suite 156, East Jessica, MP 76819",52,G001,lieutenant,False
P002224,Erin Brown,448.814.4439x446,"95198 Jennifer Forks Apt. 349, Stacymouth, PW 44695",33,G004,member,False
P003187,Sharon Nelson,+1-842-785-1775,"846 Amy Loaf Suite 463, Huntton, MI 22026",64,G007,lieutenant,False
P002443,Nicholas Gaines,001-211-206-4802x32586,"8489 Hughes Village, Joseland, HI 36848",45,G003,associate,False
P003369,Tiffany Cooke,663.313.1085x560,"9417 Gonzales Plain Apt. 316, Stacychester, KY 60765",35,G009,lieutenant,False
P001439,Mark Long,397-228-3419x067,"442 Beth Gateway Apt. 642, East Wesleychester, MI 66813",42,G009,member,False
P002349,John Johnson,578.511.8689,"3457 Dennis Points Suite 038, Karenstad, OH 69946",59,G009,lieutenant,False
P000996,Courtney Williams,709-280-5877x155,"278 Hickman Center Apt. 591, North Jennifer, KY 51641",47,G006,associate,False
P003485,Richard Carroll,+1-919-946-0078x51815,"19050 Meyer Crescent Apt. 692, Lake James, PW 56122",22,G005,associate,False
P000702,Justin Moody,262.537.6008x84474,"190 Carter Vista, North Samuel, AZ 07100",43,G002,boss,False
P000650,Larry Woods,398.289.4132,"Unit 9720 Box 2170, DPO AA 43338",31,G010,associate,False
P002993,Julia Torres,875.686.2857x43311,"05360 Campbell Field Apt. 989, New Adamstad, AR 39721",48,G003,associate,False
P000674,Kayla Foster,2528102627,"82484 Meyer Trail, North Angela, ND 75622",45,G004,member,False
P000823,Krystal Lambert,391.538.6015x7117,"402 Escobar Skyway, East Tarahaven, OH 86379",50,G003,member,False
P002363,Julia Brown,776-259-5440x8888,"19304 Angela Brook Suite 829, Smithport, MT 21048",25,G003,member,False
P003889,Michelle Hudson,001-552-228-7363x792,"6885 Edwin Vista, West Jerome, FL 26862",60,,,False
P004858,William Munoz,677-655-0862x6140,"021 Small Junction Apt. 308, Port Laura, UT 98209",31,,,False
P004554,Jenna Newman,+1-965-424-3423x28815,"41787 Dominguez Spring Suite 095, Joshuashire, NH 48786",59,,,False
P003926,Karen Hayes,779-593-9683x30933,"09175 Jared Overpass Apt. 899, North Debra, HI 65126",55,,,False
P002026,Heather Higgins,839-878-3747,"7724 Patricia Extension, Hicksland, HI 71124",62,G006,member,False
P002991,Katrina Allen,277.504.2519x9529,"9459 Torres Row Apt. 451, Robinsonstad, CT 49449",64,G001,lieutenant,False
P001499,Emma Garrison,5865199707,"94027 Chapman Falls, Rachelland, FM 53393",35,G009,associate,False
P002789,Jeremy Greer,001-559-492-7403,"83906 Cabrera Centers, Christopherfurt, IL 75357",61,G009,lieutenant,False
P000176,Darrell Ortiz,9467333127,"6096 Long Summit, New Danielmouth, GU 06060",20,G006,associate,False
P004296,Kylie Allen,(824)263-4000,"3252 Christina Shore, East Tristan, LA 86786",20,,,False
P004279,Angela Garcia,5637040796,"34187 Smith Heights, West Martha, NJ 15622",61,,,False
P001676,David Hill,+1-970-271-2787x9633,"22082 Natasha Inlet, Aprilbury, VI 42189",26,G006,associate,False
P001844,Julie Vasquez,(344)637-6456,"8336 Oliver Mills, Tonyton, SC 77905",33,G004,member,False
P003777,Charles Lee MD,960.253.6985,"Unit 4302 Box 3854, DPO AA 09164",51,,,False
P001316,David Jones,001-932-631-8667x9066,"11040 William Gateway, Mathisburgh, MO 02839",62,G006,lieutenant,False
P000960,Whitney Richmond,(448)773-9626,"124 Luna Freeway, Ericksonmouth, NJ 23025",35,G010,associate,False
P000955,Karen Gillespie,873.614.2495x62917,"33288 Thomas Brook Suite 102, Collinsland, FL 03280",28,G005,lieutenant,False
P000715,Diana Pham,(830)216-0498,"2186 Vanessa Flats, North Yvonne, ID 14268",22,G005,member,False
P004840,Jeffrey Flores,605-560-2155x787,"41325 Cook Courts Apt. 816, Crystalburgh, VA 11790",29,,,False
P001371,Jeffrey Cline,001-550-960-5411,"Unit 1346 Box 3107, DPO AP 78963",62,G001,member,False
P000947,Crystal Walters,+1-395-933-7684,"7600 Ramirez Inlet Suite 973, Lake Kathrynbury, AZ 30339",38,G007,lieutenant,False
P004225,Lauren Gross,(409)787-6941,"1568 Cheryl Coves, Howardport, IN 70849",52,,,False
P003550,Greg Lawrence,384.206.9422x18134,"88123 Lopez Trail Suite 527, Jonesfurt, SD 43565",63,,,False
P002542,Melinda Owens,+1-437-227-5131x586,"947 Mccann Plaza, Kevinton, NV 77225",64,G002,member,False
P000150,Tracy Hart,001-735-877-9071x41633,"USS Haynes, FPO AA 33040",38,G010,member,False
P003933,Kevin Baird,+1-459-260-2450x3895,"64335 Brown Courts, West Jessicashire, GA 32288",42,,,False
P003682,Mrs. Patricia Sanchez,001-929-890-3948x11129,"05158 Perez Vista Apt. 541, Sarahchester, PW 72442",37,,,False
P004630,Michele Armstrong,4018252607,"771 David Centers Apt. 193, Tinashire, CA 53436",45,,,False
P000325,Timothy Allen,399-609-7005,"6835 Swanson Curve Apt. 568, New Lindseyberg, AK 77463",42,G005,member,False
P002375,Rachel Brown,+1-750-869-2519x115,"278 Crystal Lodge, West Erin, AL 93187",29,G005,member,False
P000596,Stanley Benson,346.325.9160x1124,"860 Kathleen Plain Apt. 179, Olsonfort, OH 17258",65,G006,member,False
P003963,Jason Johnson,744-992-0043,"536 Brittany Extensions, New Ross, OH 71262",61,,,False
P001748,Jack Brown,569.876.9380x5145,"68120 Peterson Avenue, North Richardland, MI 48466",49,G008,associate,False
P004620,Tina Ramsey,(957)654-9218x26553,"213 Steven Village, Susanton, DE 57771",35,,,False
P004476,Janice Norman,529.843.6106x37587,"8261 Daniels Trail, Ruthshire, FM 64296",61,,,False
P003259,James Kim,905.579.6438,"24644 Amanda Trafficway Apt. 231, North Melissa, PW 00746",34,G009,associate,False
P004318,Megan Rodriguez,001-206-730-7228,"31035 Bailey Crescent, East Julia, AK 53607",44,,,False
P001434,Kristin Collins,214.392.6273x5060,"4609 Jones Rapids Apt. 910, New Danielfurt, MI 87795",52,G004,member,False
P000502,Sonya Simmons,001-343-501-2047,"711 Cain Junctions, Melissaview, OK 73713",59,G002,member,False
P003835,Amber Fitzpatrick,(959)862-5614,"249 Robert Villages Suite 753, New James, VA 02283",62,,,False
P001518,Misty Reyes,(584)597-5657,"10951 Gill Plaza Suite 828, Lake Meghanmouth, NJ 24108",43,G008,associate,False
P000117,Deanna Rivas,540-560-2933,"007 Deborah Rapid Apt. 349, Jenniferview, NE 49846",24,G007,associate,False
P001319,Paul Brown,(893)392-8532x0254,"467 Fox Underpass Apt. 898, Lewischester, WA 10780",45,G009,lieutenant,False
P002995,Amber Santiago,360-564-1668,"631 Ashley Mill Apt. 183, Lake Richardhaven, ND 61588",63,G005,associate,False
P004057,Ashley Barrera,464.435.1536,"08274 Stacey Harbors Suite 309, Thomasport, TN 49014",36,,,False
P000088,Maria Cooke,+1-227-742-2579,"USCGC Taylor, FPO AA 74108",26,G008,associate,False
P003664,Thomas Jones,001-946-259-4021x6143,"USS Avery, FPO AA 51066",31,,,False
P003013,Chad Fuentes,+1-940-884-7710x0275,"PSC 7781, Box 1649, APO AE 16950",22,G003,member,False
P002673,Katherine Hernandez,774.284.8936x98022,"7813 Horton Falls, West Kristinmouth, WV 62148",58,G003,member,False
P003141,Brandon Kim,6192154022,"48863 Elizabeth Brooks, Lake Jacobhaven, IL 77362",42,G001,member,False
P002749,Andrew Gonzalez,884-609-4308x94366,"4719 Wilson Terrace, South Caitlynfort, UT 07182",54,G009,member,False
P001037,Jeffrey James,(942)877-8626x85272,"Unit 3208 Box 7783, DPO AA 57862",48,G007,boss,False
P000847,Travis Williams,001-984-884-2648x3336,"896 Cummings Route, Lake Jamietown, PR 44484",25,G007,member,False
P001398,Jason Roberts DVM,001-416-736-9507,"16915 Austin Pines Apt. 798, East Brian, TN 06540",43,G008,member,False
P000171,Angelica Singh,992.240.5147,"88487 Heather Skyway, South Brandyhaven, AZ 33984",39,G001,member,False
P002615,Christine Mcgee,001-566-962-9091,"USS Hood, FPO AP 27893",18,G005,member,False
P002166,Ashley Glass,588-420-6456x2009,"5293 Anderson Route, North Julia, SC 41841",60,G006,member,False
P001950,Samantha Brown,(843)917-2104x63118,"878 Michael Springs, Kevinport, MN 81686",32,G010,associate,False
P001280,Jessica Lee,+1-849-404-7986x57168,"508 Thompson Plains, Solomonmouth, MS 38796",19,G010,associate,False
P003897,Gabriella Simpson,(998)650-0073x5900,"236 Ware Vista, Melissashire, FL 60044",40,,,False
P001050,Nathan Harrington,3346495607,"PSC 7650, Box 7752, APO AA 93232",57,G010,member,False
P003670,Jeffrey Bishop,(383)692-9267x13488,"2342 Sara Summit Apt. 893, Baxterton, AS 01002",36,,,False
P004811,Dr. Ariana Vega,+1-906-622-4007x31939,"187 Thomas Route Suite 748, Hansonmouth, VI 82707",51,,,False
P003238,George Knapp,465.264.3694,"Unit 5425 Box 5234, DPO AP 91465",18,G008,associate,False
P003227,Morgan Gardner,(530)378-1806x5973,"9733 Glass Common, West Susanberg, KS 12079",64,G007,member,False
P001879,Dr. Krista Lewis,+1-920-302-5304x6740,"31156 Terry Forges Suite 628, Morganville, WI 67223",21,G009,member,False
P001270,Kristen Hill,519.485.9671,"4284 Michael Cliff, North Tammyshire, SD 05986",63,G010,member,False
P002293,John Todd,268-926-5970,"27121 Martinez River, Prestontown, PA 53336",39,G003,member,False
P003650,Carrie Cook,803-760-9361x23017,"077 Christopher Corner, Port David, NE 36394",27,,,False
P000822,Alexander Allison,+1-220-528-8661x6801,"48548 Beasley Circle, West James, NE 08546",28,G002,lieutenant,False
P004749,Sara Mason,897-446-3502,"0778 Morrow Centers Suite 024, Gregoryshire, NH 77067",59,,,False
P002629,Patricia Ramsey,218.276.3954,"02678 Richards Cove, South Joann, VI 00736",47,G009,lieutenant,False
P002449,Mrs. Stacey Day MD,(442)323-4177,"USS Ellis, FPO AE 48360",56,G009,member,False
P003607,Eric Kent,(706)243-8093x2743,"03083 Stephanie Trafficway Suite 098, Loriberg, MA 69378",48,,,False
P001000,Sarah Pierce,(887)541-6279,"29555 Gabrielle Brook Apt. 510, New Kevinside, WI 34046",33,G010,member,False
P004736,Tim Martinez,(380)454-0216x759,"4348 Mccarthy Stravenue Apt. 580, Port Amandaside, ND 47884",23,,,False
P004631,Alicia Perry,001-992-898-5175x263,"USS Bender, FPO AA 27451",28,,,False
P004895,Joseph Clark,969.812.6956x14282,"29038 Valdez Courts Suite 406, New Matthew, MD 36707",26,,,False
P004952,Renee Taylor,(529)715-3254,"452 Devin Locks, West Donnaburgh, IA 53905",20,,,False
P000288,Melissa Curtis,(433)270-5024x97243,"669 April Field, Martinchester, KS 91181",37,G008,associate,False
P001893,Christopher Walker,+1-636-646-6937x06756,"8221 Christine Green, Stephaniefort, HI 02966",21,G003,associate,False
P001332,Eric Walls,(805)981-0580x108,"7619 Sean Valleys Suite 636, Paulmouth, IA 29239",23,G002,associate,False
P000906,Cindy Torres,439-546-8963x3181,"617 Shane Forges Apt. 744, Stevenchester, HI 89001",56,G006,lieutenant,False
P001796,Ashley Bowers,769-336-2408,"USCGC Hall, FPO AE 66815",48,G006,lieutenant,False
P003605,Amy Price,(303)404-8210x2368,"7906 Kimberly Stream Apt. 099, West Lisaland, MA 75984",25,,,False
P000525,Joseph Rodgers,287-623-3351,"49731 Mclean Ridge Apt. 149, North Thomas, KY 71420",23,G005,lieutenant,False
P002649,Lindsay Kelly MD,6848831034,"74982 Catherine Mountains, Shawberg, NH 67690",46,G009,member,False
P003375,Donna Crosby,5048968708,"22700 Richard Meadows Suite 953, Jeffreymouth, AR 94496",37,G005,member,False
P002171,Nicole Hale,001-795-604-4492x09545,"USS White, FPO AP 28125",42,G001,lieutenant,False
P001888,Tom Anderson,001-295-854-5259x1372,"309 Hoffman Garden Apt. 468, Martinfort, MA 28301",44,G008,member,False
P004701,James Clark IV,001-487-725-3782,"8730 Lisa Cliffs, Smithchester, PA 20663",38,,,False
P003557,Melanie Mays,951-389-1686x796,"Unit 3256 Box 2928, DPO AP 18005",20,,,False
P003217,Kenneth Miller,689-704-4952x666,"691 Woodard Pass, West Bradleyview, CT 20429",60,G007,associate,False
P002313,Steven Rosario,599.628.6369,"Unit 1152 Box 5641, DPO AP 52837",26,G003,associate,False
P001489,Alexis Oneill,894.738.3014x85781,"PSC 0880, Box 4189, APO AE 98943",31,G009,member,False
P002552,Denise Sherman,940.339.0607,"PSC 7297, Box 0345, APO AE 89126",34,G002,member,False
P003925,Regina Miller,(308)377-6865x48662,"9243 Lawrence Hills, North Brittanyton, NC 27602",62,,,False
P003505,Cheryl Jones,001-718-503-5164x546,"0373 Alexis Landing, North Heatherborough, MH 42204",36,,,False
P001211,Joel Williams,+1-587-285-7109x3385,"63258 Brewer Mountains, Dyerport, MO 48955",51,G001,member,False
P000696,Julie Matthews,001-987-626-4963x2251,"0432 Garcia Place, North Jamesfurt, NC 57074",35,G006,member,False
P004758,Rodney Williams,747-496-6570x3588,"28504 Buckley Avenue Apt. 208, Fryfurt, ME 87048",61,,,False
P004137,Christopher Ray,9908193434,"87394 Gates Cape Suite 483, Port Dawnbury, NE 22396",60,,,False
P004975,Lindsay Owens,608-924-9560x72312,"936 Soto Lodge Apt. 260, Lake Colleen, PA 40227",48,,,False
P002044,Catherine Brooks,897-761-0321,"726 Gregory Well, Donnaville, RI 29910",34,G004,lieutenant,False
P004199,Sarah Tanner,3758040731,"1589 Jasmine Meadows Suite 090, North Ianfort, ID 83782",54,,,False
P001268,Michelle Williams,(488)868-1025x312,"54780 Anna Path Apt. 401, Paulmouth, PA 61691",18,G008,boss,False
P002352,Jason Myers,304.487.0428x048,"6337 Barton Ports Apt. 804, Muellerville, IA 01658",42,G002,member,False
P004612,Amanda Gutierrez,001-263-597-8416x609,"119 Kathy Union Apt. 503, Wesleyshire, DE 34622",45,,,False
P002744,Janet Schmitt,(598)318-3703x947,"549 Williams Keys, West Annettefort, MT 65408",53,G004,associate,False
P002038,Kathy Flowers,832.426.3731,"812 Bradley Mountains Suite 267, West Tammyshire, CO 84174",18,G008,member,False
P003950,Todd Hughes,491.726.5785,"40111 Martinez Haven, Thomasberg, GU 58202",53,,,False
P002475,Olivia Kelly,001-241-890-4549,"292 Brown Ridges Suite 661, Port Allisonmouth, VI 08036",50,G005,associate,False
P000856,Hannah Ross,001-276-740-9968x33440,"65379 Susan Falls Apt. 191, Johntown, NH 03286",41,G006,member,False
P000980,Benjamin Oneill,271.445.0311,"914 Cassandra Gateway Suite 061, West Shawnland, VI 66215",31,G010,member,False
P004491,Cody Ferguson,(677)784-5538x199,"691 Lynn Key Suite 962, West Brian, IA 70229",53,,,False
P000164,Walter Fuentes,787.382.9456,"22031 Lee Bypass, Barretthaven, RI 92423",60,G004,member,False
P002918,Garrett Livingston,(977)918-5516,"484 Jordan Road, East Mikemouth, WA 56123",43,G008,member,False
P003323,James Brown,304.827.8771x127,"8881 Caitlin Port, Port Darinmouth, NY 49473",52,G003,lieutenant,False
P003220,Brenda Walters,413-856-9471,"0733 Erica Burgs Suite 490, South Williamburgh, NE 19476",29,G010,member,False
P001389,Elizabeth Faulkner,852.856.0489x924,"0138 Heather Rapids Suite 118, East Elizabethville, WY 50840",62,G009,member,False
P000538,Darius Khan,9118987561,"23009 Matthew Mall, New Davidhaven, AL 32533",47,G008,member,False
P001833,Tiffany Martinez,805.824.1694x564,"469 Joshua Station Suite 000, Port Heidiborough, WV 58644",46,G003,boss,False
P001399,Arthur Lewis,001-649-602-3743x2692,"69599 David Square, New Melanie, MT 34952",39,G009,associate,False
P002055,Ryan Alvarado,662-819-8974,"68151 Roberts Crescent, South Brandonview, MH 36958",46,G005,member,False
P000660,Charles Vasquez,(343)838-7220x5422,"496 Regina Streets Apt. 833, Kellymouth, FM 02928",41,G010,associate,False
P000577,Theresa Rodriguez,942-903-4030x10956,"157 Watson Manors Apt. 347, East Maryview, NH 57410",41,G007,lieutenant,False
P003154,Jonathan Mccann,+1-904-351-3293x113,"8308 Newton Neck, North Ericchester, NM 95746",40,G004,associate,False
P000949,Michelle Evans,661.711.0797x6475,"89722 Vega Fords Suite 854, Port Jamestown, PA 67016",51,G009,member,False
P004954,Julie Brown,+1-439-878-5511x69512,"24565 Vincent Plains, Lake Brianburgh, WV 18050",43,,,False
P000323,Joseph Rush,465.270.4120x0928,"784 Fletcher Manors Apt. 418, Spenceberg, WA 28270",24,G003,associate,False
P004320,Katie Fowler,7273141647,"8573 Cindy Pine, Mariahside, KY 45466",60,,,False
P000621,Joshua White,3292233451,"060 Sanchez Route, Dixonbury, AL 20354",19,G001,lieutenant,False
P003231,Adam Brewer,708-350-7085x1767,"02779 Allen Road Suite 193, Port Bradleyside, VA 19236",25,G001,associate,False
P003982,Michael Brennan,(604)633-6221,"2007 Holmes Viaduct, Port Mary, IN 22455",46,,,False
P000154,Robert Thompson,428.285.7448x9061,"1754 Ward Point Suite 506, West Michelleborough, OK 75984",22,G004,associate,False
P003234,John Ward,201-748-6127x139,"1771 Shelley Ford, New Paulshire, MI 75655",52,G004,member,False
P003042,Gregory Herring,875.878.6123x587,"119 Allen Expressway, South Kelsey, GA 49470",35,G002,associate,False
P003692,Erin Guerrero,(321)346-3287,"983 Jeffery Centers Apt. 232, Lake Mark, CO 96135",58,,,False
P002288,Charles Sosa,367-493-0721x782,"068 Herring Lock, Gregoryfort, IA 39959",53,G008,associate,False
P002057,Kristy Harris,001-743-659-5133x3169,"46935 Martinez Ridges, Arnoldborough, TN 65615",23,G007,associate,False
P004948,Valerie Miller,001-992-531-4436x72631,"497 Beth Groves Suite 629, Jordanbury, NE 20569",56,,,False
P003742,Mitchell Reynolds,+1-922-866-4009x141,"320 Brenda Cliff Apt. 945, Burnsstad, OR 20540",55,,,False
P002582,Melissa Lopez,219-290-6887,"32663 Bailey Inlet Suite 040, Vargasport, AS 19810",48,G002,associate,False
P001358,Kathleen Pearson,(829)881-0997x5268,"USS Hooper, FPO AE 55387",49,G008,associate,False
P003111,Anthony Diaz,2097851685,"4107 Sean Drive, New Mariaberg, HI 47143",50,G001,member,False
P000531,Steven Holland,6906255618,"299 Mitchell Pike, East Gregoryport, NY 81982",18,G001,member,False
P002712,Miranda Weaver,7707134223,"0571 Madison Shore Suite 208, East Aaronville, MH 07217",20,G002,lieutenant,False
P003901,Jeremy Jackson,001-319-882-1983x962,"8898 Erin Unions Apt. 757, Garrettville, NC 23058",64,,,False
P002118,Molly Hayes,(591)529-8967,"0632 Brett Road, South Christopherstad, MI 63021",32,G008,associate,False
P000799,Sara Barrett,715.455.0570,"938 Page Harbors Suite 045, North Teresa, ME 08875",42,G009,lieutenant,False
P003189,Brandon Estes,001-326-963-5057x059,"6342 James Fords Apt. 562, Singhborough, NJ 12789",23,G009,member,False
P003461,Patricia Lopez,(770)884-5043x73712,"04748 Hancock Freeway, New Patriciaport, UT 54945",61,G001,member,False
P003117,Dustin Todd,293.276.0288x552,"1412 Maria Points Apt. 484, Joanneville, AL 47946",57,G007,member,False
P003811,Ian Mclaughlin,+1-694-323-2361x78961,"6644 Joyce Route Suite 075, East Daniel, MI 05671",24,,,False
P000035,Samantha Davis,390.505.3293,"2904 Vanessa Plains, Laurenville, TN 03880",28,G005,associate,False
P001265,Suzanne Mann,001-415-595-6783,"360 Beth Haven Apt. 270, Reyesside, WI 43385",21,G005,associate,False
P000382,Nicole Rose,867.402.4403x30416,"11860 Julia Plains Apt. 196, Port Catherine, ME 42932",35,G002,member,False
P001289,Mary Cook,3512823772,"4479 Ashley Square Apt. 717, Melissatown, AK 26769",33,G009,member,False
P002838,Angela Hodges,598.617.9115x98724,"674 Randall Overpass, East Joehaven, OH 80656",18,G008,member,False
P003322,Charles Mccarty,+1-628-628-9758x55122,"93467 Bowman Grove Suite 690, Lake Kimberly, TN 32451",42,G002,member,False
P001982,Craig Lewis,(793)286-5568,"80538 Campos Viaduct, South Brooke, CA 28334",28,G002,associate,False
P004524,Matthew Vasquez,884-659-8397x82908,"09367 Heather Forge Apt. 616, West Derekchester, MT 33855",31,,,False
P003730,Michael Moody,942-793-4546x2665,"2094 Smith Causeway, Port Andrew, MI 79435",49,,,False
P004773,Paul Williams,+1-839-370-0763x5702,"69886 Dickson Plaza, Smithshire, AL 97780",56,,,False
P000985,Timothy Smith,674-686-7948x698,"36100 Yates Avenue Apt. 773, Edwardsport, PA 26357",50,G005,associate,False
P000133,David Oliver,001-473-359-8933x47212,"8422 Smith Mountain Apt. 025, Port Sarahport, NM 75562",49,G003,member,False
P003858,Jennifer Barber,903-769-1628,"0629 Valdez Prairie Apt. 329, Watsontown, AS 18166",23,,,False
P000769,Pamela Pittman,308.698.7092x0199,"32661 Matthew Harbor, Annmouth, GA 52843",21,G009,member,False
P001267,Brian Fuller,9569574396,"7393 Philip Stream Apt. 954, Shannonside, NM 98315",60,G007,associate,False
P002175,Janet Hernandez,001-677-241-6165x66576,"5586 Seth Corner, South Ashleychester, NH 75316",61,G005,associate,False
P002160,Diane Lowe,+1-880-813-7249x28840,"537 Skinner Coves, East Alexander, DC 11756",59,G010,associate,False
P004759,Tracy Lee,001-230-761-0753x63531,"342 Mcguire Summit Suite 424, Grayborough, PR 67167",56,,,False
P003185,Amy Hobbs,6882870344,"3834 Lopez Islands Apt. 596, Jasminehaven, TX 25780",48,G005,lieutenant,False
P004250,Robert Hunt,+1-414-725-1532x44247,"9870 Adam Inlet, West Williamton, AS 78157",52,,,False
P004307,Devin Anderson,(318)459-3634x4566,"074 Gross Ridges, Colonberg, SD 53468",59,,,False
P003364,Madison Huynh,689-344-1437x25984,"USNS Anderson, FPO AP 74722",23,G004,lieutenant,False
P003848,Renee Wilcox,(463)281-5228,"6380 Jeremy Trail Suite 658, Dannyfurt, RI 17995",32,,,False
P001375,Charles Spencer,001-723-831-2567x72503,"714 Jake Turnpike, South Denise, NM 25224",54,G005,member,False
P001486,Michael Walters,390-556-6514,"6832 Cruz Square, Lake Cynthiachester, AZ 46929",40,G006,member,False
P000319,Lindsey Thompson,659.326.2494x51475,"252 Griffin Underpass, Briggsville, OK 56528",34,G009,member,False
P004586,Carla Davenport,+1-783-451-8159x94449,"9765 Orr Canyon, Port Joshualand, ID 34079",20,,,False
P000445,Emily Carter,(929)882-1739x295,"815 Michael Garden, Lopezfurt, AZ 47466",24,G005,member,False
P001106,Jack Lindsey,001-797-724-5971,"PSC 7932, Box 7701, APO AE 89799",39,G006,lieutenant,False
P000798,Taylor Dixon,(849)570-3506x75789,"Unit 3557 Box 0773, DPO AP 13812",57,G008,associate,False
P001738,Trevor Bass,491-286-8498x7493,"68687 Deborah Ford, Richardsonfort, ND 48740",65,G008,associate,False
P001522,Jenna Bates,771-407-9352x756,"Unit 0831 Box 3001, DPO AP 51128",54,G002,member,False
P000224,Rebekah Crosby,(820)371-6781x126,"53539 Martinez Villages, Hardyview, WV 94020",22,G004,member,False
P003958,Mary Bolton,999.682.8868x4578,"48137 Christine Square, New Brandon, FM 85501",36,,,False
P003592,Sandra Cuevas,(793)399-8068x21325,"91593 Stephanie Highway Apt. 780, Andrewton, GU 86022",59,,,False
P004623,Jamie Figueroa,+1-466-366-3010x6838,"6938 Evans Wall Suite 014, Lake Michael, SD 98773",45,,,False
P001283,Dr. Kelly Cox,341-340-8579x62295,"610 Simon Trail Suite 002, Macdonaldport, MT 77982",24,G003,lieutenant,False
P001956,Veronica Solomon,5409234203,"3500 Collin Shore Suite 383, Grayshire, KY 84377",48,G006,member,False
P001919,Mario Hernandez,444.654.5447x2787,"717 Johnson Lock Suite 799, Davidtown, TX 49773",26,G009,boss,False
P000317,David Stout,(418)520-9166x0100,"90018 Farrell Corner Apt. 279, Ochoaport, MA 63272",25,G007,member,False
P000753,Melissa Ortega,835-949-0145,"219 Weiss Mill Apt. 054, West Jesse, PW 67692",55,G003,member,False
P004655,Tracy Schmitt,366-880-0365,"6314 Barnett Spurs, Walkerland, MP 86668",20,,,False
P003177,John Baker,(687)294-6857x67863,"909 Williams Vista, Danahaven, IL 24201",29,G007,member,False
P004738,Wendy Cordova,249-915-0282,"16107 Michael Extension, Port Monique, RI 58755",34,,,False
P004179,Brent Knight,(213)706-3142,"Unit 1059 Box 2848, DPO AA 80979",39,,,False
P004944,Amber White,853.240.5121x12725,"USCGC Rubio, FPO AA 65348",44,,,False
P003009,Lydia Arnold,(277)250-2975x998,"195 Michael Plains, Sarahshire, IN 95116",39,G009,member,False
P002212,Michelle Dixon MD,202-897-0895x3897,"37489 Whitaker Point, South Mary, MH 64761",38,G002,associate,False
P004972,Richard Rowland,001-643-477-5094x29429,"19705 Heather Circle Suite 901, Tarabury, MH 42933",35,,,False
P000377,Katie Jackson,+1-808-983-0705x349,"1176 Baker Way Apt. 415, Lake Lauraland, MD 21043",51,G007,associate,False
P003990,Dr. Matthew Thompson,001-732-982-8990,"PSC 4304, Box 9156, APO AE 67724",43,,,False
P000643,Rachel Williams,749-812-1516x41195,"693 Hayes Parks, Lindaton, NJ 00570",38,G003,member,False
P004869,Paula Rogers,+1-476-513-5878x254,"2826 Smith Radial Suite 365, North Nathanbury, SD 15370",18,,,False
P000932,Logan Merritt,263.341.5359x7710,"477 Katie Ridges Suite 314, Andersonstad, MN 61881",37,G002,member,False
P001254,Steven Johnson,+1-973-446-0316x1340,"4575 Tony Heights, Lake Wesley, PW 87878",42,G004,member,False
P002643,Lisa Hunt,001-888-631-1496x3867,"PSC 4412, Box 1917, APO AE 50581",27,G003,member,False
P001057,Gary Morgan,+1-946-954-2683x6843,"34454 Abbott Knoll Suite 600, North Melissa, CO 79271",52,G007,member,False
P001861,Nicole Pearson,+1-877-854-7281x570,"62204 Donna Mission, Zhangview, RI 37890",51,G001,associate,False
P003196,Courtney Fry,8748198888,"7463 Emily Springs, East Kellyshire, KY 51274",39,G006,member,False
P001624,Tyler Mitchell,+1-367-411-8816,"347 Roberts Mall Suite 845, South Paula, UT 32266",61,G004,associate,False
P000045,Diane Cummings,+1-892-751-9254x62914,"685 Michael Falls, West Stacey, NM 25667",20,G005,member,False
P003976,Terri Harrison,(850)963-7895x2527,"65436 Susan Haven, Harrismouth, AK 34843",18,,,False
P002062,Brady Smith,+1-281-647-9605x6233,"8854 Jose Row Suite 458, New Mario, MO 27476",48,G002,member,False
P000711,Brandon Young,(973)847-2435x861,"1272 Chavez Alley, Boonefurt, MI 92092",60,G001,member,False
P000132,Christina Christensen,(744)920-4380,"863 Schwartz Causeway, Hughesmouth, OH 07552",53,G002,associate,False
P003724,Holly Hernandez,590-432-4413,"5778 Jason Oval, South Adam, MO 26436",25,,,False
P003611,Randy Scott,+1-979-930-7483,"Unit 8103 Box 2471, DPO AA 29323",53,,,False
P000456,Chris Lewis,659-659-7752,"26189 Moore Plaza, Gravesview, UT 33189",41,G006,lieutenant,False
P002312,Ryan West,243.549.1710,"0583 Tamara Rue Suite 943, Mitchellstad, AR 56812",23,G002,member,False
P003739,Brian Jones,001-387-692-0086x87264,"436 Sharon Tunnel Apt. 213, Garciastad, PA 94681",56,,,False
P003866,Brittany Lee,757-879-4090,"713 Thomas Lane, New Kevin, DC 91245",20,,,False
P001382,Cassidy Pearson,485.702.8477,"71564 Manuel Vista Apt. 307, South Robertfort, AR 84994",44,G002,associate,False
P003477,Jillian Jenkins,932-990-7658x244,"854 Brown Mountain Apt. 446, Maryshire, PW 39132",22,G007,member,False
P001926,Elizabeth Lynch,001-907-837-2291,"61454 Johnson Stravenue, New Christopher, RI 47957",31,G006,member,False
P001227,Sandra Morgan,435.450.1727x27973,"832 Michael Course, North Margaret, KS 04130",56,G007,member,False
P004778,Gary Pacheco,001-887-886-2633x65656,"Unit 9229 Box 1658, DPO AA 95324",57,,,False
P004096,Cheryl Haynes,3446238593,"5903 Campbell Views, Montesburgh, CA 88126",60,,,False
P001925,Rhonda Noble,+1-903-407-9582x5467,"7839 Susan Island Apt. 638, South Ronaldfurt, WV 63786",40,G005,associate,False
P000748,Anthony Luna,887-556-4672,"4185 Shawna Drive, Alvarezburgh, OK 14918",37,G008,member,False
P000614,Mary Powell,+1-221-874-3574x83526,"67398 Veronica Glen Suite 883, Tammymouth, AS 30365",31,G004,member,False
P001706,Madeline Rodriguez,942.578.9328,"6654 Anderson Wall, Kaylaport, NE 90756",59,G006,lieutenant,False
P000052,Evelyn Martinez,(366)876-5277x584,"451 Mark Hill, Seanchester, GA 90909",34,G002,member,False
P000316,Ruth Walker,939-462-7365x271,"97240 Martin Fall, Mcdanielborough, CA 19312",26,G006,lieutenant,False
P004523,Jeffrey Williams,(534)259-5587x2011,"0764 Peters Crossroad Suite 280, Lake Luisfurt, KS 53253",63,,,False
P000324,Anthony Long,001-589-617-7566x2056,"9503 Martin Coves, East Carlaport, ID 72812",37,G004,member,False
P000579,Ashley Cooper,5712380671,"1045 Vasquez Flats, Thompsonborough, AK 02785",42,G009,member,False
P004646,Erika Moreno,(856)409-9646x549,"721 James Stream, South Andrew, RI 60250",20,,,False
P000602,Pamela George,257-392-7147x2463,"424 Rebecca Village Apt. 972, East Ashley, CT 20286",41,G002,associate,False
P000124,Alexandra Fisher,384-699-2618,"3934 Michael Lodge, Ethanside, NM 27723",18,G004,associate,False
P000648,Heather Hudson,(435)430-5970x2551,"4315 Hendricks River, Cherylstad, LA 54757",59,G008,lieutenant,False
P002827,Justin Ward,203.646.8673,"009 Lewis Keys, Harrisonfort, HI 79693",31,G007,member,False
P004856,Kelly Cummings,611.292.4859x239,"9847 Emily Turnpike, North Stephanieside, CT 59726",39,,,False
P000435,Michael Reynolds Jr.,344-248-5645,"97396 Garcia Tunnel Suite 899, Obrienfurt, AZ 79362",19,G005,member,False
P003106,Kenneth Maldonado,+1-515-695-1774,"702 Robert Forges, Zacharyborough, GA 29715",19,G006,member,False
P002934,Lonnie Sullivan,(619)815-8530x8967,"2362 Cathy Field Suite 165, Jeffreyport, KS 16268",47,G004,boss,False
P001740,April Campbell,957-831-4926x62247,"807 Bruce Divide, Lesliehaven, TX 99839",42,G010,member,False
P000108,Tammy Ponce,791.472.5135,"570 Clark Square, West Jonathanville, VA 00668",54,G008,associate,False
P001547,Tina Raymond,+1-335-272-8909,"47418 Lori Trail Apt. 022, North Leslie, VI 74382",48,G007,member,False
P002902,David Armstrong,472-928-3751,"595 Alison Parks Suite 261, Escobarfort, WA 10133",60,G002,member,False
P002755,Sarah Richmond,+1-663-314-6870,"66955 Chelsea Trafficway Apt. 811, West Marie, KS 86614",56,G005,associate,False
P000565,Andrea Smith,870-883-6821x44488,"73677 Day Drive Apt. 258, West Keith, CA 69422",34,G005,associate,False
P002384,Rebecca Taylor,001-764-910-2205x8359,"835 Nicholas Extensions, Sanchezside, HI 58420",55,G004,member,False
P004568,Angela Alvarez,+1-825-919-9913,"165 Katelyn Place Apt. 859, Lake Juanshire, MP 43977",45,,,False
P004939,Johnny Mason III,+1-980-629-4928x303,"6085 Johnson Loaf Suite 009, North Jenniferborough, AK 24624",18,,,False
P000994,Bruce Burton,+1-636-283-5991x676,"91932 Taylor Place, Lake Linda, AS 60035",30,G004,associate,False
P002650,Michelle Houston,2128269951,"2052 Lori Camp Suite 571, New Victor, VT 27691",20,G010,member,False
P000591,Denise French,(261)877-1824x98980,"41746 Kristin Villages, Cindyfurt, SC 49853",33,G001,lieutenant,False
P003284,Derek White,001-434-462-9075,"887 Justin Spurs Suite 539, West Steven, NJ 07498",24,G004,member,False
P004437,Joshua Guerra,553-393-4661,"5778 Jones Cliff Apt. 398, Andrewville, CA 74868",53,,,False
P002844,Ronald Curtis,(461)449-8710x82968,"094 Hernandez Junctions Suite 632, Dylanhaven, VT 90132",63,G004,member,False
P004660,Gregory Smith,+1-999-252-4183x9442,"47185 Selena Road, Jerryport, CO 78674",49,,,False
P001431,Darlene Gonzalez,978-827-3059,"407 Espinoza Locks, Pennyville, MA 58463",63,G001,member,False
P000245,James Smith,+1-477-469-7499x5641,"30372 Ryan Road, North Kevin, NH 19921",39,G005,member,False
P002342,Laurie Hall,+1-515-489-9609,"09262 Lisa Passage Apt. 401, Dustinmouth, WI 27679",47,G002,member,False
P002922,Ashley Macias,613-434-0781,"27593 Palmer Islands Suite 355, Ryanmouth, SC 91365",46,G002,lieutenant,False
P003413,Troy Arellano,+1-778-969-7280,"USS Waters, FPO AE 13527",54,G003,boss,False
P001485,Virginia Wilson,838-976-7384x3155,"792 White Lodge Apt. 273, West Stacie, NM 99597",65,G005,member,False
P000071,Jenna Anderson DVM,5049786863,"10690 Jamie Courts Apt. 790, Lake Bradley, NV 31216",64,G001,boss,False
P000833,Donald Wallace,8163527613,"53084 Timothy Locks, Lake Chloe, MO 39266",27,G003,member,False
P000012,Sean Rasmussen,258-368-5014x294,"569 Paul Ports Apt. 406, New Saraside, TX 94798",30,G002,boss,False
P001482,Zoe Bennett,685.562.5084x501,"7099 Xavier Crest, East Abigailmouth, WV 14534",23,G002,associate,False
P000964,Victoria Nelson,722-598-3596x6771,"26247 Richard Branch, Lake Jamesshire, AK 75821",55,G004,member,False
P002764,Mitchell Howard,001-660-335-6619x73996,"570 Cole Ranch Suite 912, North Jamesstad, FM 67640",47,G004,lieutenant,False
P003200,Steven Benson,295.599.3869x383,"472 Mendez Glen Apt. 114, Karenhaven, MI 49976",44,G010,associate,False
P002159,Karen Golden,263-722-5054x67884,"4200 Amanda Port Apt. 343, Glennville, LA 23513",26,G009,associate,False
P003849,Judith Melendez,519-991-1908x781,"0973 Mike Cliffs, Brittanytown, PR 61836",26,,,False
P002354,Justin Wright,(321)813-8869,"0941 Riggs Park, Port Johnny, MT 73564",40,G004,member,False
P002310,Michele Brown,757-285-9095x1980,"26625 Brian Court, Melissatown, NY 61860",49,G010,associate,False
P004616,Laura Franklin,+1-833-874-3376x903,"542 Ramirez Glens Apt. 178, Lake Devinshire, IA 72483",38,,,False
P003781,Patricia Hudson,+1-757-312-8217x3534,"5792 Williams Crest Apt. 643, Christinamouth, CT 17769",30,,,False
P002182,Christy Schwartz,001-804-504-4161x66130,"96104 Zachary Avenue Suite 749, Wardview, WY 94979",53,G002,associate,False
P004600,James Wyatt,470.247.9809x836,"04764 Carter Tunnel Apt. 335, Jenniferbury, NH 28778",29,,,False
P002187,Darren Kent,001-834-557-1615,"1013 Jason Falls, North Jeremy, MO 65644",61,G007,member,False
P004615,Christine Finley,+1-485-551-2114x7997,"5422 Michael Pass Suite 831, East Jennifer, IL 44096",25,,,False
P002037,Ashley Schultz,+1-897-251-1756x3440,"162 Mendez River, Mcleanburgh, WI 60130",48,G007,member,False
P004251,Mary Glenn,001-804-935-2135x653,"397 Maria Lodge, Wilsonport, AR 97219",57,,,False
P001570,Michelle Lee,709-515-6830,"225 Joan Trail, Hillmouth, LA 57914",60,G010,boss,False
P004560,Paul Jenkins,(540)516-6564,"PSC 6074, Box 7344, APO AP 06604",38,,,False
P000567,Michael Ortega,(625)977-5458,"052 William Trail, Reyesside, IA 96125",36,G007,associate,False
P001366,Matthew Carpenter,(771)475-3227x997,"8789 Richard Stream, North Thomas, CT 42083",26,G006,associate,False
P001696,Kimberly Powell,989.345.1193x246,"5237 Andrew Branch, Lake Laura, WY 48755",24,G006,lieutenant,False
P001972,Michele Guzman,813-692-8236,"8313 Gwendolyn Station, East Anna, MP 31325",27,G002,member,False
P003895,Stephanie Miller,283-832-7930x7830,"56722 Lewis Place, New William, OH 76314",35,,,False
P004257,Shane Chavez,(739)914-6801,"76911 Diaz Haven Apt. 776, West Larryborough, IN 02076",51,,,False
P001308,Jermaine Gibbs,281-726-8179x3008,"8081 Smith Forge, Jennifertown, MA 04869",38,G008,associate,False
P001445,Todd Perez,+1-434-375-6196x17650,"27864 Barron View, Browntown, MI 16311",55,G005,associate,False
P004800,Rachel Hamilton,414.200.7486,"6105 Donna Squares, South Holly, NE 44739",36,,,False
P002560,Amy Jones,001-625-675-1171,"42875 Ramos Square, Lake Danielton, DE 61462",65,G010,member,False
P002825,Ronald Cantu,001-942-621-8432x3074,"40107 Hudson Village Apt. 257, Lake Donna, OR 60456",19,G005,member,False
P001324,Michael Garza,+1-214-907-7128x061,"6974 Hernandez Vista Apt. 712, Kaylastad, MS 55970",35,G004,boss,False
P004497,Harold Medina,+1-654-520-1166x080,"1201 Veronica Crest Suite 483, North Belinda, AZ 56889",47,,,False
P003179,Steven Smith,(298)609-6559,"685 Nicole Meadows, West Travis, FL 01393",64,G009,member,False
P003796,Peggy Savage,+1-823-515-6119x33484,"044 Nelson Unions, Port Belindatown, NC 09750",41,,,False
P003604,Morgan Cox,847-862-1228,"Unit 5161 Box 6601, DPO AP 79275",62,,,False
P002736,Kelsey Henderson,(523)453-4221,"797 Frank Port Suite 099, Port Kimberly, LA 65283",61,G006,member,False
P004519,Jennifer Decker,(385)344-0977x949,"46349 Murphy Causeway, Fryeville, HI 43691",61,,,False
P003156,William Miranda,001-257-365-1396,"10703 Justin Dale, Holtberg, SC 17282",33,G006,associate,False
P001830,David Daugherty,001-849-670-6959x9019,"6239 Kramer Extensions, North Michellehaven, NJ 01204",29,G010,member,False
P003869,Paul Mullins,531.307.1468,"4483 Paul Station, South Johnburgh, UT 23127",20,,,False
P003517,David Hernandez,343-694-1705x28730,"24320 Carlos Shoals, Robinsonside, AK 18197",59,,,False
P003861,Michelle Smith,813.513.1437x6325,"259 Lori Locks Suite 750, North Stephanie, CO 02022",25,,,False
P000601,Joseph Ward,779-593-7810,"87884 Lara Port, Mcneilhaven, NY 20817",46,G001,member,False
P003064,Cameron Baker,6244998893,"15223 Isaiah Run Suite 152, Mendozafurt, MI 95357",20,G004,member,False
P004581,Lisa Stewart DDS,001-398-410-9297,"455 Mary Parks, East Michael, TX 64130",56,,,False
P002301,Tracy Day,5754764496,"642 Baldwin Circle, Katiefurt, MN 38622",41,G001,member,False
P004713,Marilyn Sanders,001-619-608-5802x6032,"PSC 0521, Box 9476, APO AP 71902",60,,,False
P003018,Laura Benton,814-295-7228x16059,"1697 Arnold Union Apt. 976, Chandlerbury, DE 40427",19,G008,member,False
P002045,Kimberly Spears,4903458167,"42018 Willis Trail, Ernestbury, DE 10751",47,G005,member,False
P002841,Sara Glover,548.639.9741x35312,"978 Scott Causeway, East Joshuafort, DE 08332",24,G001,member,False
P000426,Michael Farmer,4934459626,"USNS Harmon, FPO AP 24305",62,G006,lieutenant,False
P004402,James Taylor,283-463-9517x563,"94717 Amanda Dam Suite 141, Tanyaland, AZ 92511",42,,,False
P001176,James Edwards,+1-223-811-5411x1902,"69300 Pitts Fall, Lake Kyleburgh, SD 56053",40,G006,lieutenant,False
P003787,Brandon Flores,+1-437-441-0301x1359,"9576 Pope Track, Justintown, IN 53361",52,,,False
P000616,Lindsay Preston,411-778-6190,"602 Cynthia Lodge Suite 354, Lake Gregorytown, MH 11339",27,G006,member,False
P004762,Sherry Snyder,(972)725-4972x607,"5645 Cline Meadow, South Matthewville, OH 23506",60,,,False
P003762,Elizabeth Mills,(429)571-2840x5554,"97027 Nelson Creek Apt. 316, Lake Reneestad, ID 94749",38,,,False
P004247,Alex Hill,685.286.8662x41213,"5457 Larry Stream Apt. 836, Denisemouth, DC 21743",47,,,False
P002173,Glenda Bradley,278-764-1638x8281,"1211 James Gardens, North Ryanfurt, MN 48845",35,G003,lieutenant,False
P004037,Todd Johnson,+1-554-783-0305x2326,"36710 Cassandra Key Apt. 418, Alexaland, PR 20829",22,,,False
P000730,Cody Conley,(644)969-3172,"083 Judith Throughway, Jordanburgh, FM 46349",58,G010,lieutenant,False
P000619,Anna Walker,+1-259-792-8553x5952,"67990 Raymond Meadow, North Amymouth, NJ 34942",52,G009,associate,False
P000178,Jerry White,001-337-914-5211,"689 Nicholas Light, Port Georgemouth, OK 86946",34,G008,member,False
P002819,Jeff Jenkins,001-691-849-8250,"71327 Robin Underpass Suite 118, Paultown, MT 74242",25,G009,associate,False
P002536,Martha Valdez DVM,624.633.5069,"54712 Proctor Avenue, Grayport, OH 48335",33,G006,associate,False
P000485,Jason Castro,232.342.6050,"804 Luis Gardens Suite 337, Mendozaville, HI 51338",40,G005,member,False
P003460,Lisa Erickson,972.286.6345x3004,"941 Turner Stravenue, Jordanborough, IN 43347",21,G010,associate,False
P000313,Melissa Anderson,4909367881,"669 Clark Alley Apt. 939, Port Williamhaven, VT 94948",19,G003,boss,False
P001464,Joseph Hensley,001-853-782-8981x223,"76445 Eric Islands Suite 222, New Tamiborough, WY 37283",44,G004,member,False
P001155,Kelly Powell,+1-948-718-2729x136,"USS Gentry, FPO AA 36298",21,G005,member,False
P000417,Anna Atkins,682-531-3348x45871,"2362 Chelsea Estate, Suefort, SD 78518",58,G007,associate,False
P000920,Stacey Pratt MD,(486)406-0480,"4747 Schwartz Rest Suite 090, Monicahaven, VA 77102",53,G010,member,False
P003432,Kelli Stevens,001-606-393-7121x8353,"06381 Martinez Tunnel, Lake Kaylaview, OR 89175",20,G002,associate,False
P004218,Emily Ward,001-230-248-0041x46701,"93518 Thompson Plain Suite 504, New Daniel, OH 67912",22,,,False
P004905,Cole Mills,959.412.0634x9904,"357 Debra Cape Suite 637, West Cathyfort, MO 89775",48,,,False
P000461,Michael Clark,001-616-258-3737x927,"23428 Holly Squares, East Jacobmouth, WV 30348",62,G001,member,False
P004002,Mary Schroeder,001-906-984-2658x171,"3043 Victoria Grove, Port Danielmouth, NE 80066",43,,,False
P000926,Derrick Sullivan,215-564-1967x89630,"16301 Johnston Run, East Sandra, FL 17049",46,G006,associate,False
P002800,Roger Thomas,3812759701,"9490 Miller Landing Suite 888, West William, VI 92488",26,G010,lieutenant,False
P002743,Maria Nunez,+1-349-290-4951x1410,"269 Michael River Suite 713, Leeberg, VI 49787",40,G003,member,False
P004703,Mark Nguyen,001-327-211-5938x7578,"9102 Jason Junctions, Port Jenniferfort, KY 76109",19,,,False
P003790,Robert Meyer,6216770305,"64512 Tran Road Suite 454, East Brandon, IA 37842",61,,,False
P002572,Adriana Benson,001-793-821-9746,"6902 Little Course, Irwinchester, WY 70907",46,G002,member,False
P000929,Hannah Wallace,+1-928-950-2155x3830,"212 White Green Apt. 956, Davidsonview, LA 98593",38,G009,associate,False
P000099,Tyler Johnson,001-263-453-6541x951,"1744 Miller Motorway, West Jamesshire, WY 40335",19,G009,lieutenant,False
P000919,Robert Schultz,+1-957-622-8703x2200,"243 Crosby Drive Suite 145, Lake Lisa, MA 89222",49,G009,associate,False
P004577,Suzanne House,001-555-253-7948x969,"821 Sparks Bridge Apt. 465, North Calebmouth, OH 22659",39,,,False
P003580,Lisa Clark,923.728.7159x55471,"19788 Christopher Prairie Apt. 904, East Victor, MH 50568",19,,,False
P001702,Rick Bentley,(832)382-2519x64295,"17025 Nash Turnpike, Stewartton, GA 93052",23,G002,associate,False
P002096,Nancy Casey MD,(358)384-0661x2450,"24181 Hannah Center, Sandersville, AK 77108",32,G006,lieutenant,False
P000421,Michael Padilla,790-221-6667x080,"587 Andrews Roads, Lake Charlesland, OH 15224",27,G001,associate,False
P003178,Daniel Campos,001-247-314-5534,"647 Tammie Motorway Apt. 707, Mariaview, NY 58553",18,G008,member,False
P002231,Angela Perez,319.509.3661x765,"61712 Peterson Centers Suite 584, New Darryl, TN 63240",19,G001,associate,False
P004994,Joshua Sosa,(798)881-1965x894,"12189 Justin Junction, Hawkinsport, FL 32995",32,,,False
P003954,Terry Gonzalez,+1-839-944-2389,"54709 Velazquez Lights Apt. 886, North Natalieland, MP 03378",38,,,False
P002380,Mrs. Emily Burgess,900.247.5870x1280,"63861 Christopher Pines, North Dale, ID 45475",31,G010,associate,False
P003252,Eric Norton,+1-716-807-1721,"79549 Brian Center Suite 487, North Douglastown, KY 80798",61,G002,member,False
P002333,Cynthia Orr,+1-531-967-2900,"709 Wilson Ridge Suite 130, Evansstad, FL 79064",54,G003,lieutenant,False
P002814,Mr. David Smith,852.433.9199,"PSC 7702, Box 8748, APO AP 92057",46,G004,member,False
P002227,Stephen Grimes,(689)202-5528x89737,"1902 Short Loop, South Sethberg, ID 65825",61,G007,associate,False
P004650,Melissa Maxwell,899-739-7126x7881,"3583 David Squares Suite 487, Townsendton, FL 20806",63,,,False
P000999,Amanda Gould,001-229-924-8287x321,"27365 Gardner Drive, North Thomas, AL 08896",50,G009,associate,False
P000633,Wendy Nelson,(798)261-6342x1254,"594 Lisa Ferry, Carlsonmouth, WY 49156",47,G003,member,False
P001962,Stacey Baker,386.887.3207x181,"82697 William Track Suite 015, Lake Ashley, TX 61095",65,G002,member,False
P001359,Pamela Hawkins,+1-521-240-7373x08714,"200 Bruce Streets, Thompsonton, NJ 01454",30,G009,member,False
P004968,Adam Bird,826-687-9572x690,"148 Roberts Flats Suite 458, Port Gabrielle, WI 67307",54,,,False
P002910,Bonnie Blevins,440.676.6739x04907,"60630 Michael Via Apt. 668, Lake Justin, MS 27999",43,G010,associate,False
P003317,Ronnie Lopez,885.482.1062x612,"602 Powers Estates, Savannahside, WY 65780",40,G007,member,False
P002306,James Davis,954-827-7141x04528,"809 Jean Glen Suite 260, Jadeville, WA 97650",41,G006,member,False
P004278,Lori Smith,484-852-1661x223,"622 Ryan Inlet Apt. 316, Saraburgh, AZ 55505",34,,,False
P004891,Douglas Herring,342.538.6249x918,"02054 Morgan Falls, Jeffreyfurt, IN 08550",61,,,False
P004287,Jack Pacheco,(859)572-8885x9738,"482 Blanchard Circles Apt. 527, Johnsonbury, WI 82094",19,,,False
P000349,Jonathan Graves,843.725.1225x7207,"20957 Tracy Gateway Suite 100, Maryhaven, NY 22429",47,G009,member,False
P004834,Robin Liu,561-619-6953x985,"PSC 7089, Box 7200, APO AA 58181",50,,,False
P002222,Karen Smith,001-791-378-3563x64058,"7717 Scott Mission Suite 766, South Charles, PR 93522",59,G002,associate,False
P003558,John Pearson,5603394925,"20998 Deborah Mountain Apt. 488, Juliechester, NE 03357",38,,,False
P002823,James Ingram,(209)658-2275,"670 Heidi Trail Apt. 998, Pamelaport, RI 87956",62,G003,boss,False
P004525,Charles Browning,484-902-3403x3324,"25795 Jessica Garden Suite 170, Kramerstad, KS 39041",30,,,False
P004899,Michelle Small,(338)762-6985,"7103 Levine Stream Apt. 635, Karamouth, PW 61774",25,,,False
P001097,Cindy Larson,+1-871-915-3334x972,"34344 Diaz Station, Lisachester, SC 09521",20,G007,associate,False
P004582,Alicia King,652-953-2848x7398,"5250 Johnson Islands, Franklinburgh, OH 71443",60,,,False
P004909,Krystal Dennis,(871)766-2999x915,"5614 Wade Ridge Apt. 614, Lake Andreaville, NC 74115",33,,,False
P002595,Katherine Stark,734-220-5024x090,"450 Melissa Mission, West Alexander, HI 85973",47,G005,associate,False
P002506,Jesse Cunningham,323.931.6716x29968,"144 Debra Gateway Apt. 521, Richardberg, IL 88496",18,G006,member,False
P002540,Bryan Miller,9029684967,"202 Morales Mill, Petersonstad, TN 58542",49,G010,lieutenant,False
P004388,Brian Grant,(201)978-8475,"16764 Michael Mountain, Lake Brooketown, MT 54541",60,,,False
P000085,Zachary Webb,961-312-5457x3875,"1401 Melinda Rue Apt. 238, New Ethan, OH 56386",23,G005,associate,False
P003016,Tyler Gillespie,001-526-269-1976x963,"59844 Ellis Radial Suite 847, Lake Melaniefort, MN 98492",39,G006,lieutenant,False
P004981,Kelly Gilbert,+1-470-643-8594x063,"PSC 0625, Box 1958, APO AA 65346",46,,,False
P000409,Sharon Jefferson,(675)332-7352,"PSC 3977, Box 3973, APO AE 60978",53,G009,member,False
P000049,Kaitlyn Guerra,001-377-690-1043x28986,"36971 Mary Parks, Lake Zacharybury, VT 19319",38,G009,associate,False
P000563,Sandy Todd,8454238885,"660 Shields Prairie Suite 787, Kennethburgh, DC 65081",41,G003,associate,False
P002158,Kathleen Stone,5975892079,"36240 Christopher Isle, Lake Tammy, MS 34678",40,G008,member,False
P004900,Kimberly Perez,+1-260-578-9996x34455,"982 Jones Courts Apt. 228, Marilynborough, MA 77183",19,,,False
P004344,Matthew Larsen,(577)265-7024,"USNS Hanson, FPO AE 25177",55,,,False
P001864,Sara Armstrong,001-888-235-9432,"0807 May Bridge, South Kelsey, CT 64820",44,G004,member,False
P001005,Emma Jennings,(577)388-8260,"Unit 4890 Box 3045, DPO AP 67019",24,G005,member,False
P002589,Brittney Holland,409-817-0895x743,"275 Bennett Wells, South Barbaraland, AZ 47162",33,G009,member,False
P000296,Lynn Lewis,260-852-3302x7642,"6618 Campbell Fields Suite 125, Port Sarahport, NH 86305",64,G006,associate,False
P000588,Jesse Edwards,470-728-5162,"648 Aaron Ports, West Amanda, ND 91817",25,G008,member,False
P000285,Corey Walters,(332)812-9833,"33629 Kevin Ports Suite 347, West Raymondburgh, NJ 58353",19,G005,associate,False
P003695,Ricardo Foster,(780)294-8301x339,"1183 Justin Brooks Apt. 464, South Jeffreyhaven, GU 83863",29,,,False
P001615,Jonathan Brady,690-453-8905x950,"8362 Cisneros Overpass, North Anthony, NY 64786",19,G005,associate,False
P000728,Marilyn Henry,+1-317-616-2042x985,"830 Thompson Cove Suite 903, East Anthony, HI 98395",32,G008,associate,False
P000668,April Kelly,001-826-492-9900x768,"32838 Nunez Ford Apt. 761, Cynthiaside, PW 98810",40,G008,member,False
P001271,Harry Evans,001-209-542-9412x5979,"88767 Phelps Camp, Guerrahaven, OK 42467",31,G001,lieutenant,False
P003237,Jennifer Clarke,509-216-5049,"4218 Werner Crossroad, East Tamarafurt, MP 19617",51,G007,member,False
P003269,Victor Abbott,(913)318-4180,"886 Ray Knoll, Chadfort, WI 27564",29,G009,member,False
P000739,Karen Williams,769.233.3299x8651,"846 Brown Pike Suite 858, Port Joanne, GA 42527",54,G009,member,False
P004671,Karen Padilla,+1-429-398-5472x3430,"32095 Barnes Manor Apt. 090, Harveyfurt, NM 09538",29,,,False
P002334,Adam Bell,(405)870-8392,"07837 Mary Lodge, Dylanview, WI 96216",27,G004,member,False
P003492,Kimberly Singh,563.609.3645x88569,"8858 Barnett Square, Port David, OK 20909",31,G002,member,False
P000722,Joshua Davis,901-547-6427x89615,"128 Rebecca Park Suite 123, Kathyfort, NY 13406",62,G002,member,False
P002548,Briana Cantrell,001-265-452-2053x84803,"USS Cooper, FPO AE 51819",48,G008,associate,False
P001882,Tanya Fischer,(625)736-7117x1203,"417 James Wall Apt. 300, East Kelly, HI 17417",37,G002,member,False
P000744,Donald Montoya,937-827-7685,"PSC 0634, Box 9429, APO AE 36866",46,G004,member,False
P002032,Jonathan Long,(369)317-8154x836,"66449 Justin Squares, Jeremybury, LA 84775",51,G002,associate,False
P003826,Antonio Smith,(534)714-3235,"5142 Kimberly Garden Apt. 379, New Sandraview, MS 02133",44,,,False
P002575,Leah Alvarez,+1-340-485-2286,"65768 Katrina River Suite 728, Port Michelle, CT 96681",44,G005,associate,False
P000608,Alex Miller,(757)489-8260x41809,"USCGC Ward, FPO AP 41704",31,G008,lieutenant,False
P003338,John Campbell,303.620.8140,"422 Sandy Radial Suite 053, Mejiaburgh, ME 67625",62,G008,boss,False
P003088,Mrs. Sharon Petersen,557-776-1574,"64930 Tanya Lights, Karaberg, OK 96786",58,G008,associate,False
P000950,Michael Rice,(460)866-9926x138,"97777 Mcdonald Throughway Apt. 996, South Jeffrey, NH 77736",53,G010,member,False
P004317,Leah Gilbert,+1-293-794-4012x792,"23614 Ruiz Islands Suite 571, Johnshire, MA 41788",22,,,False
P002636,Roger Garrison,(968)861-0844,"Unit 7798 Box 9896, DPO AP 21111",64,G006,associate,False
P003728,Vincent King,817-538-6355,"9304 Kimberly Lights Apt. 076, Whiteton, RI 85074",44,,,False
P002383,Kyle Hood,(368)880-8596x652,"487 Curry Way, North Brettville, SD 12665",44,G003,member,False
P000836,Douglas Buck,(496)362-9917,"220 Miller Mountain, North Michael, IA 77878",26,G006,member,False
P004217,Barbara Martinez,001-483-508-2772,"135 Gonzalez Ferry, Stephanieshire, VA 52167",40,,,False
P003772,Robert Parker,(287)402-8116x75022,"76263 Shannon Port Apt. 561, New Marcus, OR 32600",58,,,False
P004154,Troy Schaefer,204-581-9638x830,"759 Ward Mills Suite 348, Coleside, WV 03498",20,,,False
P003669,Travis Robertson,001-433-424-8236x8831,"204 Golden Bypass, Port Kevin, NM 38226",46,,,False
P003247,Nathan Delacruz,(983)611-1039,"4694 Haynes Cliffs Apt. 072, South Danielburgh, NY 32168",24,G007,member,False
P002257,Angel Miller,001-987-763-0737x225,"3917 Curtis Forest, North Douglasmouth, GU 58389",61,G007,boss,False
P001055,David Wang,(906)931-7552,"5840 Daniel Trail, Johnnyland, MN 58095",42,G005,member,False
P001565,Latoya Johnston,950.646.2933,"8338 Romero Prairie, Kristinland, VA 80377",26,G005,member,False
P002524,Jacob Alvarez,001-538-461-8908x54030,"Unit 3555 Box 9953, DPO AP 59364",38,G004,member,False
P002390,Lindsey Park,333-495-8332x65090,"Unit 1848 Box 9364, DPO AA 79242",42,G010,member,False
P004729,Ryan Barnes,676-655-3831x225,"952 Charles Manor Apt. 814, West Barbarabury, CA 53511",38,,,False
P004870,Dr. Antonio Contreras,414-588-3810x956,"74521 Ellis Knoll, North Tanner, NV 97433",43,,,False
P001049,Christine Ramos,(336)267-0417,"891 Pamela Underpass, Robertsmouth, GU 04455",31,G009,member,False
P000724,Karen Sharp,917.654.3802,"572 Williams Port Apt. 546, Zavalamouth, HI 73246",24,G004,member,False
P001146,Karen Hall,352-362-0294x87478,"9934 Martinez Fort, Port David, OR 29471",22,G006,associate,False
P000899,James Nunez,934.763.3488x93343,"9408 Parsons Lake Suite 243, South Sherry, DC 73178",40,G009,boss,False
P003074,Alexander Harper,287.855.9868,"3067 Zachary Island Apt. 278, Davidsonborough, VI 51530",57,G004,lieutenant,False
P004455,Steve Reynolds,2903574607,"1724 Katie Plaza Apt. 925, Carlsontown, MS 02489",37,,,False
P003610,Erica Warren,353.526.2371x275,"416 Leslie Loop Suite 956, West Christophertown, CA 05349",61,,,False
P004595,Melissa Wilson,001-782-263-4363x936,"67918 Morgan Bypass Apt. 158, Jackiehaven, ME 64447",41,,,False
P004361,Geoffrey Campbell,+1-834-216-3350x1883,"3573 Underwood Track, Gordonmouth, VT 22805",21,,,False
P004121,Christopher Perkins,+1-760-422-9405x8321,"545 Park Light Suite 120, South Joelborough, TX 80280",26,,,False
P002660,Kelly Phelps,(262)293-6740x8656,"570 Kenneth Fields, Julieborough, KY 15903",21,G010,lieutenant,False
P001082,Amanda French,215-389-3335x2866,"0029 Floyd Orchard Apt. 801, North Jackport, AS 46876",21,G002,member,False
P002250,Kimberly Thompson,(560)268-6866,"964 Lang Ranch, Edwardschester, OH 13426",23,G010,member,False
P004035,Matthew Carr,9264976366,"4784 Donald Divide, Jimenezville, MN 81950",65,,,False
P004333,Jessica Solis,+1-952-261-3253x183,"70613 Virginia Estates Apt. 400, Jonesport, NY 53534",60,,,False
P003793,Larry Sampson,909-536-8513x4982,"944 Marsh Greens, Lake Brittany, KY 37564",61,,,False
P001424,Cynthia Stanley,(502)850-9270x4004,"USCGC Robertson, FPO AA 05757",47,G004,member,False
P000006,Dana Kennedy,(331)516-5667x01065,"62473 Scott Wall Apt. 080, Port Melindaburgh, MT 64154",45,G006,boss,False
P004454,Nancy Johnson,372.350.4598x7359,"00362 Martinez Brooks Apt. 741, Brianfurt, TX 23852",58,,,False
P003249,Donna Thompson,486-941-4582x31384,"30773 Castaneda Forest, Victormouth, KY 50227",61,G009,member,False
P002528,Laura Guerrero,(615)432-0928x353,"15280 Jessica Mall Suite 861, Seanmouth, WY 77715",39,G008,associate,False
P003635,Craig Dominguez,354-895-0924x314,"625 Anthony Circles, East Taylor, NJ 41028",61,,,False
P002571,Erik Marshall,(298)718-6324x335,"74816 Robert Tunnel, Glenntown, MA 56549",59,G001,member,False
P001108,Chris Foster,665.996.4587x6694,"3474 Holland Stravenue Apt. 405, South Tyler, PA 85364",49,G008,member,False
P003765,Stephanie Valdez,607-429-1960x61449,"7544 Lisa Prairie, West Alexandria, FL 17715",26,,,False
P001138,Lawrence Lee,(953)236-3305x7543,"64377 Danielle Drive Apt. 704, Brownburgh, MA 92744",56,G008,associate,False
P000607,James Stevens,3839868889,"150 Pratt Meadow Apt. 571, Mosleytown, UT 78449",47,G007,associate,False
P002975,Kimberly Phillips,778.526.2594,"14957 Woods Lock Suite 602, Juanland, CT 38336",28,G005,associate,False
P003983,Anna Greer,+1-555-451-9822x16726,"25072 Jones Bypass, Marychester, SD 79015",51,,,False
P002618,Donald Sims,+1-241-352-3598x202,"Unit 6515 Box 1747, DPO AA 99556",33,G008,member,False
P002508,Rachel Gilbert,969.439.4995,"52104 David Viaduct, Sarahhaven, SC 12170",48,G008,associate,False
P004973,Nichole Watkins,+1-447-922-5171x38657,"6754 Sherry Islands Suite 026, New Ronald, MT 03582",59,,,False
P000918,Anthony Molina,001-482-424-2168x268,"6269 Blevins Burgs Apt. 479, Lake Adamstad, OK 30699",19,G008,associate,False
P004419,Christopher Smith,001-868-728-8795x1343,"6917 Dixon Orchard, East Amanda, MT 10275",23,,,False
P000488,Tamara Wyatt,987.769.8999x2751,"4449 Lawrence Islands, New James, ME 25646",62,G008,associate,False
P002990,Krista George,368-358-4165,"931 Sanchez Summit, North Morgan, VT 87361",21,G010,member,False
P001100,Barbara Rasmussen,+1-482-819-3868x27847,"330 Bowen Lake, Hudsonton, MH 53230",20,G010,associate,False
P001214,Bethany Davis,855-279-5372x376,"64302 Williams Club Apt. 722, North Allen, WI 26756",52,G004,member,False
P003651,Blake Parker,(973)690-4131x22461,"1603 Simmons Mall Suite 154, Andersonhaven, ND 44739",63,,,False
P001243,Sherri Anderson,559-740-8593x565,"377 Johnson Mission Suite 557, South Nancy, KS 73918",50,G003,member,False
P001061,Katelyn Davis,+1-800-317-0781x29457,"49484 Holly Walk, Glennbury, MD 94038",48,G001,member,False
P002581,Jason Bass,+1-267-205-7420x5008,"USS Rice, FPO AE 55335",22,G001,lieutenant,False
P004835,Ricky Lee,001-706-484-5027x128,"44058 Brian Mount Suite 692, Henryhaven, WV 93796",19,,,False
P003514,David Elliott,(813)937-0880x40450,"24203 Cruz Creek Suite 820, Lake Sarahchester, SD 43722",55,,,False
P002101,Timothy Snyder,+1-699-879-4975x6756,"6749 Jeffrey Squares Apt. 694, East Gabrielberg, GA 14998",49,G001,lieutenant,False
P004471,Tyler Cole,001-377-510-3751x6996,"8364 Fowler Fall, South Tammymouth, OK 59539",48,,,False
P003214,Natalie James,205-562-5066,"65163 Newman Neck, Lake Rhonda, IL 38873",34,G004,member,False
P000893,Cynthia George,(241)538-4531x563,"685 Debra Meadow Suite 598, Taylorview, PW 96102",38,G003,member,False
P004875,Alicia Perez,301-515-1201x646,"1506 Williams Union Suite 415, Michaelfort, WA 74450",48,,,False
P000656,Emily Roach,6249530123,"42028 Ellis Union, North Shawnburgh, GA 87259",27,G006,member,False
P000015,Robert Dominguez,908.831.7278x895,"77434 Sims Harbor Suite 143, Matthewside, CO 18637",35,G005,member,False
P000754,Diana Hartman,2218781678,"315 Dakota Run Suite 928, West Aaronmouth, WI 06580",65,G004,member,False
P000848,Dawn Lowery,(792)308-5649x01324,"PSC 3500, Box 1154, APO AA 14882",49,G008,associate,False
P001113,Julie Reynolds,307.418.1292x3613,"5998 Choi Cove Apt. 376, Smithhaven, WI 02035",34,G003,member,False
P004345,Brian Morris,585.750.9499,"776 Johnny Neck, Port Reginaldshire, NE 95396",65,,,False
P001599,Miranda Day,(976)821-8224x79224,"0716 Davis Grove Suite 792, Stephenstad, UT 23115",22,G009,member,False
P002968,Bonnie Golden,+1-925-416-2816,"664 Lori Village Apt. 128, Lake Joseph, RI 22168",31,G008,associate,False
P002587,Isaac Cole,+1-242-206-5999x544,"928 Lisa Rue Suite 496, North William, PA 91810",59,G007,lieutenant,False
P002087,Melissa Perez,987-608-7815,"7165 Kennedy Spring, Jordanside, ND 43736",42,G007,member,False
P004297,Tim Owens,(870)676-7742,"PSC 7148, Box 7034, APO AP 71873",30,,,False
P000678,Ricky Green,476-348-4559x3965,"350 Rivas Dam, Masonstad, IL 13821",62,G008,associate,False
P004866,Joseph Bernard,(371)629-5866,"PSC 0679, Box 6158, APO AP 98818",45,,,False
P003161,Jeffrey Richardson,913.764.4592x364,"1255 Miles Ranch Apt. 318, Port Daniel, VT 98620",29,G001,member,False
P003948,Lindsey Kelley,385-533-4412x57791,"640 Jennifer Isle, Copelandton, NE 44605",63,,,False
P003153,Matthew Rice,903-652-6212x040,"00315 Cheyenne Drive Apt. 408, South Jamesmouth, MO 29469",18,G003,associate,False
P003497,Jason Mills,683-478-9526,"Unit 5452 Box 5241, DPO AA 10502",26,,,False
P000780,Michelle Walker,+1-352-602-3209,"69332 Carter Forest, Troyland, PA 77963",43,G010,member,False
P000250,Jack Fuentes,437-360-3754,"3286 Devin Meadow Suite 678, Sherrymouth, FL 01804",57,G010,associate,False
P002320,Edward Parker,+1-450-538-9347x64995,"77422 Blake Circles Suite 484, Port Maurice, LA 47604",20,G010,member,False
P000187,Kristin Garcia,+1-458-354-2493,"702 Thomas Spring Apt. 160, South Philipshire, SC 90957",20,G007,member,False
P001187,Heather Smith,001-783-218-7309,"77312 Zhang Harbor, Lake Larrymouth, AR 21460",20,G007,associate,False
P004081,Alan Armstrong,(745)295-9611x449,"02258 Cruz Manors, Micheletown, VI 25606",60,,,False
P001123,Melissa Harris,570-605-4558,"6216 James Underpass Suite 668, New Loristad, WV 01520",42,G003,boss,False
P004130,April Mills,(716)226-8482x5072,"857 Hailey Shores Suite 177, South Kellyhaven, CO 60441",24,,,False
P000684,Karen Ray,+1-635-621-1896,"4884 Aguilar Mill Apt. 857, Cynthiashire, MI 99359",65,G004,lieutenant,False
P000090,Elizabeth Kidd,445.417.1339x596,"95849 Mario Squares, Keithview, PR 67926",51,G010,lieutenant,False
P002064,Matthew Shaw,+1-574-914-6566,"437 Kathy Motorway, Christopherbury, MN 31879",28,G004,associate,False
P002146,Kelly Ayala,696.880.7687x9024,"59864 Johnson Stream, Lake Kendra, AK 19537",56,G006,member,False
P004146,Charles Vazquez,001-426-428-9438x203,"USNV Lee, FPO AE 44849",22,,,False
P004836,Melanie Gonzalez,726-595-0582,"67798 Hayden Shore, Adamsshire, UT 92563",25,,,False
P000278,Luke Reynolds,(929)816-0324x8413,"Unit 8151 Box 1856, DPO AA 22106",32,G008,lieutenant,False
P001787,Lawrence Smith,+1-664-606-4123x15402,"Unit 8307 Box 5016, DPO AE 19079",34,G007,member,False
P002985,Aaron Terrell,845.899.9274,"7855 Chang Ville, Smithhaven, NJ 72987",22,G005,associate,False
P003631,Walter Hansen,499-217-6066x3554,"3899 Christopher Mall, North Brandyshire, WY 67527",19,,,False
P004730,Christine Hoffman,+1-809-489-9176x1159,"86959 Lopez Square, Allenport, OK 10362",21,,,False
P001423,Autumn Johnson,+1-995-914-6318,"02304 Lisa Fords, Port Jeffrey, NC 69333",39,G003,member,False
P002296,Brandi Shaffer,709-812-8277,"99837 Baldwin Road Suite 326, Wandaburgh, NE 87069",22,G006,member,False
P001035,Francis Macias,(398)258-6635x654,"2128 Reynolds Canyon, Maryview, MS 77745",64,G005,member,False
P002255,Rhonda Turner,204.620.9776x6310,"422 Patrick Summit, East Thomas, KS 63624",58,G005,member,False
P002564,Tammy Campbell,532.412.5954,"PSC 4439, Box 2207, APO AP 85841",58,G004,associate,False
P003420,Vicki Powell,001-658-361-5843x581,"3675 Bradley Loaf, Moorefort, NM 11753",28,G010,associate,False
P003289,Timothy Dodson,858-279-0480,"924 Munoz Square Apt. 923, New Dennismouth, FM 79278",22,G009,boss,False
P003792,Sean Anderson,238-370-3750x77279,"76263 Melendez River, Lake Alec, CT 89058",35,,,False
P004544,Steve Cline,001-724-378-5372x4928,"109 Henry Forks Suite 163, Adamfurt, WV 13662",19,,,False
P002186,Joseph Smith,728.597.2870x24564,"6907 Alexis Spring, Williamsshire, NE 61432",42,G006,boss,False
P004477,Troy Mayo,001-631-223-3843x7749,"210 Denise Ridge Suite 639, East Thomas, HI 70898",55,,,False
P001943,Sherry Powell,886-755-8422x5277,"644 Bonnie Park Suite 501, East Linda, DC 93298",64,G003,member,False
P004233,Christopher Weaver,399.503.1779x1994,"86753 White Brooks Suite 056, South Brandonmouth, OR 14670",47,,,False
P004110,Christopher Hall,+1-514-521-1348,"91289 Donna Views Suite 481, North Brian, AS 25864",55,,,False
P004574,Jason Johnson,790.366.9969x5782,"168 Gonzalez Plains Apt. 808, North John, MH 57377",53,,,False
P000307,Edwin Patterson,(884)217-7225,"34026 Manning Bypass, Lake James, NJ 87695",44,G007,member,False
P000405,Erin Price,+1-905-555-5727,"646 Donna Ports, Lake Tommystad, CO 27705",65,G005,member,False
P004505,Richard Garrett,001-719-310-5132x79484,"0876 Gutierrez Cliff, West Sarahbury, VI 42741",45,,,False
P000791,Evan Williams,956.574.8095,"9802 Smith Stravenue, Josephton, AS 31075",49,G001,member,False
P000781,Stacy Smith,+1-375-551-5452x60756,"00643 Emily Ferry, Haneyberg, PW 17315",63,G001,lieutenant,False
P002403,Rose Hamilton,+1-949-844-7272x455,"1194 Emily Stravenue Apt. 639, Osbornland, ME 36110",20,G003,member,False
P000169,Brittany Nunez,(379)998-1364x6225,"641 Shaw Trail, Port Dennis, OH 26467",27,G009,associate,False
P004576,Nathan Leblanc,001-546-802-3824x522,"USCGC Harvey, FPO AP 84904",21,,,False
P003365,Joshua Valenzuela,902-274-9406x06783,"687 Pineda Mount, East Dustinmouth, IN 75635",55,G005,associate,False
P000535,Nicole Anderson,001-486-731-4417x0646,"USNV Todd, FPO AE 24957",40,G005,member,False
P000436,Ryan Day,891-213-5996,"9806 Caldwell Burg Apt. 920, Coreychester, AS 04220",61,G006,associate,False
P000358,Mary Wallace,(827)374-0258x835,"9572 Glover Shoals, Sandraland, PW 85060",23,G008,associate,False
P003562,Stephanie Yates,001-992-653-1411x247,"2378 Connor Circles Apt. 151, Brianborough, MD 92248",34,,,False
P004933,Wendy Smith,378.285.4105x4516,"78527 Benjamin Radial, West Thomasport, GU 39081",30,,,False
P000861,Carrie Schneider,254.515.8929,"376 Davis Trail Suite 628, New Kristinaland, DC 18471",41,G001,member,False
P004903,Christian Cochran,001-298-232-7601x8662,"348 Gray Lodge Apt. 109, Jamesfort, GA 66462",19,,,False
P004819,Cheryl Parker,+1-555-264-5689x4259,"234 Lee Springs, New Christopherview, ND 66381",50,,,False
P001523,Sean Walker,852-890-0741,"08604 Angela Shore Apt. 167, East David, ME 50568",49,G003,lieutenant,False
P002477,Douglas Booker,(707)565-4788x915,"5142 Pennington Parkway Apt. 742, North Evan, WI 25664",54,G007,associate,False
P002846,Matthew King,+1-436-959-4557x017,"98745 Lewis Ville Suite 414, New Richard, TN 01077",56,G006,member,False
P004189,Michael Foster,530-715-0334x314,"873 Stewart Manors Apt. 210, Adkinsland, NJ 11604",30,,,False
P003525,Veronica Rice,378-915-8968x5942,"0821 Courtney Rest, East Mistyshire, AS 96581",46,,,False
P001477,Dawn Booker,+1-971-803-6534,"4271 Pace Junction, North Michelle, MN 76584",45,G007,member,False
P002657,Brandon Estrada,001-652-495-4005x4530,"316 Bailey Point Suite 036, Bradyshire, ND 12318",53,G007,boss,False
P000534,Travis Jimenez,583.463.8164,"694 Aimee Rue, Rickeyburgh, AK 32314",22,G004,member,False
P002261,Kara Everett,001-546-694-8254x576,"820 Daniel Overpass Suite 835, Lake Joyce, NC 10637",62,G001,member,False
P002633,Andrew Ball,2247193508,"35741 Martinez Plaza, Port Jimmyview, HI 90300",52,G003,lieutenant,False
P003386,Terri Garcia,(646)953-0193x8440,"515 Jennifer Loop Suite 288, Monicastad, IN 06563",28,G006,member,False
P004534,Emily Smith,001-971-667-5394,"9934 John Squares Suite 931, Melaniebury, SD 78072",56,,,False
P004872,Mary Stuart,+1-267-450-2418x5192,"053 Ryan Islands, Abbottport, TN 89092",18,,,False
P001370,Ryan Newman,321-716-8460x3895,"6652 Megan Park, Rogermouth, ID 31122",38,G010,associate,False
P004415,Ashley Paul DDS,(892)467-7291x263,"Unit 5276 Box 7412, DPO AP 28394",59,,,False
P003568,Cynthia Moreno,273.358.4677x576,"782 Rivera Landing Apt. 589, West Brian, WY 83629",20,,,False
P001034,Russell Horne,(771)886-2447,"21380 Stephens Ferry, Ryanton, MH 52286",55,G004,associate,False
P003444,Mrs. Terri Perry,001-340-327-8656x07416,"9841 Richardson Flat Apt. 175, Lake Rhondashire, MA 54061",60,G004,boss,False
P004131,Tanya Smith,4917200120,"7033 Smith Expressway Suite 896, Lake Sheryl, FM 34711",45,,,False
P003396,Charles Adams,001-389-600-0190x93876,"20633 Keller Harbors, North Joeview, VA 47182",33,G006,lieutenant,False
P004741,Joshua Pierce,+1-498-838-5234x3856,"46145 Gina Dam Apt. 457, Adamsfort, NV 38221",43,,,False
P001148,Brenda Novak,(709)948-0369,"94339 Richard Lane Suite 088, Markfurt, OK 36188",53,G008,lieutenant,False
P001934,Peter Moore,001-415-935-3759,"6162 Taylor Terrace Apt. 380, Port Elizabethfort, FM 89912",48,G004,member,False
P003633,William Jensen,+1-440-715-1714x35628,"0835 Robinson Summit Apt. 451, Bakerside, TN 64246",52,,,False
P000869,Debra Gonzalez,783-558-6267x3664,"5870 Sanchez Trail Suite 983, Kevinchester, PA 91007",59,G009,member,False
P003671,Kenneth King,001-626-605-0572x516,"46825 Chan Center, Morrisbury, HI 04574",28,,,False
P003228,John Harper,+1-458-553-0922x6658,"PSC 8144, Box 9328, APO AP 45961",31,G008,member,False
P000003,Anthony Rodriguez,+1-326-691-6697x8480,"46270 Stanton Track Apt. 814, East Nathaniel, GA 71198",52,G003,boss,False
P000168,David Evans,001-369-631-5727,"05566 Molly Forks Apt. 604, West Amberberg, MD 66351",24,G008,member,False
P000745,Rhonda Kennedy,418-287-0179x99324,"374 Ingram Club Suite 234, Rossmouth, WY 26239",46,G005,lieutenant,False
P000195,Rhonda Weber MD,628-614-4294,"292 Wood Extensions, Kimberlybury, NM 24200",19,G005,associate,False
P004841,Amanda Haynes,6716866695,"518 James Ferry, Lake Kelli, SC 65722",29,,,False
P004040,Mary Young,984.786.6388x81503,"3845 Clark Center Suite 666, West Theresa, FL 18963",19,,,False
P004500,Carolyn Kelly,001-886-354-1785,"8669 Catherine Cliffs Apt. 859, North Joshua, IN 68399",62,,,False
P004490,Danielle Mcpherson,+1-540-388-7612x44330,"USNS Cole, FPO AA 09134",19,,,False
P001150,Troy Clark,281-311-5703x4756,"2624 Kerr Haven Suite 202, Port Jerryview, WY 51538",27,G010,member,False
P002961,Judy Barber,+1-270-614-5065,"5552 Dominguez Mews Suite 415, Stephenland, RI 07265",33,G001,associate,False
P001103,Jeffrey Vasquez,359.735.8613x4174,"842 Buchanan Walk, East James, PA 02203",36,G003,associate,False
P002873,Diana Michael,3792235955,"457 Garrett Springs Apt. 921, Stephenberg, GA 68379",26,G003,associate,False
P001247,Yesenia Orozco,338.804.1917,"30854 Miller Run, Johnchester, AR 87659",41,G007,associate,False
P000212,Jenny Brown,(757)378-8178x847,"16241 Fred Creek Apt. 723, West Robertside, DC 62616",34,G002,lieutenant,False
P003545,Jacqueline King,930-516-7250,"83651 Chandler Drive, Port Megan, NC 65914",63,,,False
P002089,Audrey King,(367)557-1695x4023,"68396 Murray Forges Suite 700, South Amyport, MI 09115",57,G009,associate,False
P000252,Angela Medina,(228)284-3188x4852,"46810 Green Parkways Suite 101, Evanstown, NH 44931",58,G002,member,False
P004622,Diane Carey,705.203.5996,"58449 Castro Inlet Suite 811, Romerotown, NM 35468",41,,,False
P003646,Antonio Wilson,221.955.7327,"45822 Jason Canyon Apt. 909, Brianside, AL 90036",21,,,False
P001377,William Bates,001-925-930-9558,"4273 Richards Motorway, East Abigail, SC 13548",53,G007,lieutenant,False
P004496,Mary Kennedy,963-847-1666x250,"307 Rios Mountain, Charlesland, NJ 52736",23,,,False
P000948,Dennis Moody,001-675-974-5104x8480,"81560 Bruce Estates, Williamsshire, MH 47671",46,G008,member,False
P002850,Richard Schneider,2763523357,"0929 Richard Square Suite 152, Forbeston, CT 86443",33,G010,boss,False
P004074,John Villarreal,522.588.0968x075,"25038 Mosley Rue Apt. 760, Port Christina, FM 01978",42,,,False
P001669,Deborah Wilkins,(676)935-1487,"129 Hill Terrace Apt. 853, West Vincent, TN 38943",21,G009,member,False
P003206,Calvin Burnett,(899)726-4769,"18507 Lopez River, Matthewfort, NV 82769",48,G006,lieutenant,False
P004452,Anthony Taylor,+1-712-200-7865,"USNV Ayers, FPO AA 26147",43,,,False
P004567,Joshua White,890-948-7258x7826,"55474 Scott Bridge, Rileyton, MI 74233",63,,,False
P000818,Richard Rios,001-971-403-0737x260,"48967 Angela Dam, Dennisshire, IL 15944",41,G008,member,False
P002526,Michael Walker,001-674-353-6560x267,"3824 Silva Light, East Stephanie, IN 81895",34,G006,lieutenant,False
P003752,Ashley Riddle,813.703.8899,"7910 Stark Fall Apt. 364, Francoton, AZ 75773",41,,,False
P004323,Angela Mendez,(700)347-0496x36841,"504 Hawkins Station, Port Jacqueline, WI 65288",43,,,False
P000599,Jennifer Clark,+1-242-272-0388x62175,"630 Murphy Roads, North Paul, WY 30587",35,G009,member,False
P003844,Jessica Stafford,(803)915-2197x245,"8150 Jasmine Mountain, South Bobbyshire, UT 13527",37,,,False
P003021,John Santos,(597)425-8871,"754 Denise Wells, North Nathanmouth, ME 09486",48,G001,associate,False
P000158,Mr. Brandon Parker,(942)640-0825x47807,"9308 Lopez Points Suite 632, Claytonbury, KS 10883",26,G008,member,False
P001644,Scott Frazier,(519)673-8190,"5102 Fernandez Stream, Alexisborough, IA 22559",54,G004,member,False
P000542,Katrina White,001-617-676-8293,"34808 Deleon Junctions, Johnside, WA 69786",54,G002,member,False
P000494,Caroline Powell,955.264.3436,"170 Armstrong Lake, Smithchester, VA 58870",59,G004,associate,False
P004652,Juan Hernandez,921-542-7881,"58618 Nancy View Suite 679, Port Erinburgh, PA 39784",45,,,False
P004447,Eduardo Murphy,811.370.8132x81571,"342 Davis Trail Suite 126, Allenmouth, NH 56760",58,,,False
P003660,Tanner Becker,327.219.5932,"PSC 4660, Box 2879, APO AE 19628",37,,,False
P002577,Jeffrey Hubbard,751-546-5998x31430,"53058 Miranda Land, Amybury, TN 66454",33,G007,lieutenant,False
P002422,Tom Jones,001-347-820-9673x86675,"7039 Timothy River Apt. 438, New Stephanie, TX 42345",45,G002,associate,False
P000773,Christopher Trujillo,402.552.0945,"9795 Meredith Ports Apt. 600, Williamsmouth, MI 65119",34,G003,member,False
P000743,Sandra Brown,(526)643-8500x95372,"2313 Kristin Crescent Apt. 944, South Kevinborough, VT 13495",58,G003,member,False
P004139,Selena Lee,001-632-384-2221x62910,"13568 Amanda Mountain, Lake Julia, SD 95463",33,,,False
P002801,Cody Francis,001-227-825-8114x16895,"13285 Mark Dam Suite 428, Jenkinsmouth, DE 84958",30,G001,member,False
P000423,Chris Foley,001-558-473-9592,"08902 Blevins Islands, Sarahborough, ID 40206",56,G003,associate,False
P001942,Angela Stewart,(603)697-1010,"0980 Lori Canyon, Terryton, VA 69840",38,G002,member,False
P004638,Amanda Young,+1-606-682-8126x8289,"85464 Carrie Gateway Suite 220, Hardyborough, FM 15134",58,,,False
P001758,Rebecca Hobbs,915.314.4661x99541,"6266 Herrera Lake Suite 553, Robinsonfort, NE 57328",27,G008,member,False
P002878,Theresa Aguirre,001-695-422-2498x679,"859 Kristi Mountains Suite 130, Lake Todd, IN 20420",38,G008,associate,False
P001080,Sandra Price,(492)343-4354x8695,"560 William Circles, New Amyborough, MA 41178",24,G010,member,False
P000472,Adam Burton,+1-544-785-8623x945,"PSC 6147, Box 0798, APO AA 27317",48,G002,member,False
P001152,Angela Alexander,001-651-363-5214x12022,"68095 King Village Apt. 854, East Jefferyborough, NE 51889",61,G002,member,False
P004824,Kristen Lane,+1-416-512-5328x651,"013 Christopher Ports Suite 387, Davidbury, LA 79390",24,,,False
P000766,Stacey Holt,465.719.1708x5173,"3409 Angela Knoll Apt. 558, Lake Jillville, MD 59731",41,G006,lieutenant,False
P002888,Dr. Nicholas Smith,299-927-1108x379,"Unit 8041 Box 8656, DPO AA 26851",29,G008,lieutenant,False
P000625,Katie Perkins,(484)954-0182,"83948 Colleen Villages, East Elaine, FL 08255",21,G005,lieutenant,False
P002530,Jose Lee,951-426-6917x82729,"086 Smith Curve Suite 316, Meganville, VT 24177",44,G010,member,False
P004689,Mrs. Jessica Lucero DDS,(503)856-4166x57126,"8597 Williams Garden Suite 389, Rodneystad, TX 02988",61,,,False
P001757,Philip Johnson,+1-958-700-0589x53815,"54385 Fernandez Points, South Shawnview, RI 95395",27,G007,lieutenant,False
P003033,Natalie Wall,(209)252-5630x800,"74126 Albert River, North Jeffreyberg, NC 06594",40,G003,member,False
P004794,Michelle Shaw,+1-878-358-6521x5971,"997 Brown Grove, North Aaronhaven, WY 32361",49,,,False
P002843,Joshua Wright,806.667.1237,"83645 Miles Plains, South John, PA 47898",42,G003,member,False
P001186,Angela Mullen,300-626-0772,"869 Mata Village Suite 371, Rachelfort, IA 15102",64,G006,member,False
P001967,Kimberly Brown,271-862-9847x54870,"6994 Tracey Turnpike, Richardton, DE 57468",58,G007,member,False
P001780,Michael Sanford,+1-260-662-0981,"1414 Michael Circle, Alexisland, VT 32238",49,G010,lieutenant,False
P000033,Julie Jones,001-836-785-1604x81754,"0985 Deborah Roads, Blankenshipport, SD 54017",42,G003,associate,False
P002446,Joshua Bryant,726.573.2681x361,"6202 Stacy Station, South Kyleshire, FM 42694",64,G006,member,False
P003371,George Blanchard,953-905-3863,"929 Emily Mews, Foxland, FL 53272",29,G001,member,False
P003404,Matthew Nelson,774.229.4880x64068,"984 Rhonda Route Suite 979, Zacharyburgh, TX 32027",32,G004,member,False
P003661,David Carlson,(817)475-6570x231,"831 Melanie Junction, Derekton, VI 71622",46,,,False
P004001,Dustin Barr,001-652-225-4170,"237 Lopez Walks, North Catherine, ID 14327",56,,,False
P004315,Cody Foster,001-827-404-3971,"3101 Julie Pines Apt. 524, North Catherine, NY 55541",56,,,False
P004175,Leah Mack,905.501.8802x325,"555 Kennedy Crest Apt. 927, East Tracey, NY 83148",24,,,False
P001410,Deborah Gross,244-229-4267,"51378 Krause Fall, Hicksmouth, AZ 38946",23,G010,member,False
P004803,Brian Harris,682-980-0738x088,"875 Bishop Square, Brookeland, CO 01182",23,,,False
P000517,Dr. Jason Johnson IV,(312)689-9151,"29391 Brandon Inlet Apt. 898, Rebeccaport, CT 53408",46,G007,associate,False
P003737,John Howell,001-277-675-7305x9621,"67263 Terri Dam Suite 827, North Austin, NC 52108",49,,,False
P003827,Stacie Young,(975)884-5769x41586,"17118 George Rapid, Jonesview, MN 45490",47,,,False
P000450,Christina Holmes,3773113062,"2790 Kayla Stream Suite 090, West Michele, KS 23507",23,G010,boss,False
P004407,Timothy Walker,(621)252-4728x5129,"467 Keith Village, Ginaview, PR 24042",23,,,False
P004305,Darius Jackson,+1-633-315-1406x498,"4405 Banks Mills Suite 822, North Daniel, DC 60792",53,,,False
P004573,Karina Miller,879.868.0002x5222,"864 Kevin Islands Suite 456, North Chadstad, ND 14507",24,,,False
P001638,Lisa Castro,637.914.2137,"392 Gina Stream Suite 954, South Madeline, WA 17011",51,G008,lieutenant,False
P001331,Elizabeth Harding,(384)274-6455x07283,"PSC 1850, Box 8808, APO AA 41931",33,G001,member,False
P003208,Eric Brown,(375)520-7248x631,"813 Alex Coves, Johnsonfurt, FL 50937",36,G008,lieutenant,False
P004277,Ashley Wise,(568)311-3767,"349 Johnson Roads, Coxview, NV 57697",28,,,False
P002254,Connie Farmer,+1-304-242-8236x160,"89382 David Summit Apt. 015, North Robinton, PR 98235",44,G004,associate,False
P003031,Kimberly Foster,+1-532-677-5405x5508,"PSC 4036, Box 2899, APO AA 42903",52,G001,member,False
P002658,John Rivas,+1-533-726-2100,"2915 Garcia Shores Apt. 198, South Holly, IL 92687",34,G008,member,False
P003058,Tiffany Koch,001-243-793-9578x4765,"4453 John Union Suite 782, South Gregory, TX 65341",20,G008,member,False
P003377,Jean Myers,785.475.1714,"9109 Courtney Well, New Maria, LA 06024",30,G007,member,False
P001964,David Chavez,831-289-1004x924,"85499 Santana Locks, North Denise, AR 67608",39,G004,associate,False
P000816,Richard Wood,869.752.4746,"89629 Adkins Drives Suite 367, West Dakota, NJ 11222",26,G006,associate,False
P003263,Sherri Knapp,947-809-4442x740,"1061 Brandon Passage Suite 122, North Olivia, IA 96573",31,G003,associate,False
P000130,Roger Lee,216-809-1779x82708,"292 Dale Shoals Suite 866, West Raymond, MA 39058",47,G010,member,False
P003688,Justin Hughes,986-479-6792,"860 Vincent Keys Suite 622, Lake Seanport, NE 65633",42,,,False
P001725,Gail Reyes,+1-317-527-1548x362,"0334 Smith Mountains, Victoriachester, PR 83692",42,G005,associate,False
P003565,Paula Wang,+1-667-314-5273x261,"63483 Nguyen Drive, Williamschester, FL 98399",31,,,False
P000548,Michael Olsen,200-916-8094x14915,"839 May Road, North Jessica, IN 84059",65,G008,associate,False
P000165,Amber Walker,001-210-637-1705x865,"1381 Jessica Place, Lopezhaven, TN 33106",37,G005,associate,False
P004308,Christopher Mathews,(209)607-1084x5789,"067 Reese Pine Suite 364, Port Barbarashire, DE 33362",20,,,False
P003576,Sandra Montes,826.462.0525,"1539 Thomas Circle Suite 159, South Annchester, DE 90498",28,,,False
P004082,Jim Smith,001-664-552-9678x249,"5280 Griffin Tunnel, Rebeccaville, IA 04356",37,,,False
P000813,Betty Farrell,400-253-9222x056,"13484 Jeffrey Courts, East Darlene, MN 24295",42,G003,associate,False
P004196,Kiara Taylor,772-642-7011x713,"861 Smith Lights Suite 995, West Jonborough, UT 37324",34,,,False
P000024,David Arnold,(606)679-7403,"34936 Amy Rue Apt. 421, East Laurashire, PW 38329",52,G004,associate,False
P001778,Leslie Morales,(886)785-8431x16210,"9473 Gross Spur, Kaitlynland, AK 45054",57,G008,member,False
P001449,Jeffrey Buck,+1-266-376-0150x434,"5576 Murray Manor, Coxmouth, FM 25742",27,G009,member,False
P002947,Anthony Cunningham,741.541.7450x115,"1975 Richard Glen Suite 858, Jessicaborough, RI 61077",28,G007,boss,False
P000663,Joel Cortez,(362)794-2066,"851 Jamie Coves, Lake Amanda, PR 05802",60,G003,member,False
P001800,Shelby Hunt,+1-371-281-9383x47705,"3080 Whitney Expressway Apt. 311, Maryburgh, ME 82954",20,G010,lieutenant,False
P001797,John Werner,001-657-341-0376x2265,"8385 Leah Fort, Trevorland, AS 16048",54,G007,associate,False
P004589,Richard Davis Jr.,001-525-410-5632x5429,"5131 Jennifer Springs Suite 573, New Robert, MP 42469",50,,,False
P002897,Rebecca Hunt,001-648-553-9683x18592,"2577 Andrew Fort, Michaelfurt, CA 88564",42,G007,member,False
P002997,Karla Long,204.422.0244x589,"24024 Michele Orchard Suite 859, New Victoria, VA 90457",34,G007,associate,False
P000747,Shannon Garrett,574-921-6435x99009,"604 Mathis Roads Suite 143, Wagnerhaven, KS 36651",40,G007,member,False
P001755,Connor Kane,896-609-1027,"43211 Lisa Prairie Apt. 266, East Todd, ID 83391",39,G005,associate,False
P001493,Michael King,510.950.3916x78128,"859 Shelly Centers, Port Ivan, NV 85206",63,G003,lieutenant,False
P003756,Jessica Tyler,(924)539-7623,"PSC 1150, Box 2381, APO AP 41123",19,,,False
P001534,Scott Lopez,612.687.6634x04197,"PSC 7652, Box 2469, APO AA 68139",41,G004,member,False
P003184,Shelby Lewis,786-554-7223x0308,"56768 Eric Brook Apt. 472, East Christopher, GA 58001",41,G004,member,False
P001928,Marc Frost,001-905-784-6070x4351,"2610 Nguyen Flats, Port Nicolemouth, TX 78051",57,G008,member,False
P000927,Olivia Conner,649.827.6680,"80403 Renee Plaza, North Marymouth, VI 29228",63,G007,lieutenant,False
P001025,Christopher Watson,(254)397-2392,"759 Adams Mount, Daniellechester, MD 78489",57,G005,lieutenant,False
P000638,Kenneth Conner,001-736-481-7203x13695,"09297 Maurice Stravenue Suite 953, East Gary, SC 91363",46,G008,associate,False
P000029,Vincent Rivera,371-987-0262,"9615 Finley Road Suite 809, East Crystalport, IN 98381",63,G009,member,False
P003138,Michael Cross,559-328-1515x47365,"6520 Luis Groves, Millerhaven, AL 47600",58,G008,associate,False
P004412,Michael Anderson,001-241-217-6232,"075 Tammy Overpass Suite 605, North Melanie, LA 52547",46,,,False
P004086,Joseph Burnett,001-686-719-5714x147,"23022 Miguel Ville, South Susanville, IA 48934",45,,,False
P000630,Rachel Turner,8767634933,"73226 Ryan Village Apt. 142, Javierchester, TN 18516",46,G010,member,False
P004654,Michael Lawrence,(484)909-6423,"203 Jackson Mill, Lake Marcushaven, MA 20178",49,,,False
P002168,Samantha Andrews,4228854040,"8450 Luis Meadows Apt. 258, Apriltown, MT 02224",52,G008,associate,False
P000348,Colleen Brown,8948318143,"473 Kristi Key, Janiceport, VA 00908",46,G008,member,False
P004670,Joseph Baker,001-993-452-5404x0236,"7351 Justin Underpass Apt. 250, Kennethborough, MI 52224",36,,,False
P004018,Dr. Dennis Hall,+1-216-529-4823x8243,"246 Duncan Summit, New Christina, IN 41257",56,,,False
P001765,Julie Larson,(418)908-4388x16848,"099 Stanley Brook, Jenniferfurt, KY 33366",45,G005,associate,False
P000416,Jeffrey Stein,001-773-999-7046x9472,"8354 Garrett Creek Apt. 705, Simpsonburgh, CA 57126",34,G006,member,False
P000037,Theodore Jones Jr.,+1-621-924-9985x698,"18367 Robert Views Suite 661, Ronaldview, MN 20507",62,G007,member,False
P001453,Emily Harrison,001-888-882-4375,"74823 Monique Camp Suite 154, Olsenshire, MI 02592",52,G003,member,False
P001647,Jackie Carter,+1-831-345-3651x338,"4616 Ruben Branch Suite 433, Flemingfort, WV 88082",49,G007,member,False
P000763,Amanda Randolph,(869)419-4896x29805,"5307 Ortiz Pine, Armstrongfort, FL 99813",63,G003,boss,False
P001433,Annette Hays,513-482-7386x883,"25468 Lopez Loop Suite 103, Richardfort, KY 84573",22,G003,associate,False
P003137,Brian Kim,666.705.3894,"054 Jeffrey Ford Suite 153, Stephaniemouth, PA 44944",26,G007,member,False
P000439,Jennifer Morse,549-491-5370,"73333 Wong Forge Apt. 043, Port Cherylmouth, MT 73419",59,G009,member,False
P002803,Leslie Hess,+1-843-211-2409,"6899 Snyder Haven, North Zacharybury, MD 56048",53,G003,member,False
P004465,Brandon Medina,729.303.7494x00821,"52534 Snyder Stravenue Apt. 845, Loritown, MD 66870",26,,,False
P001346,Stephanie Holloway,4364383647,"170 Joe Circles Suite 244, Moralesbury, TN 80123",44,G006,boss,False
P004212,Jessica Rivera,(836)433-2371x856,"51923 Pham Loaf Apt. 238, Andrewchester, GU 37729",54,,,False
P002522,Michael Thomas,657.830.2394x84771,"909 David Summit, Williamshaven, IL 20989",18,G002,member,False
P003667,John Camacho,248.321.2570x265,"87853 Randall Village Apt. 481, Jenkinsport, VT 20578",65,,,False
P001458,Vanessa Morris,324.900.3031x5186,"24947 Baker Courts Suite 958, East Wendy, CA 79024",46,G008,member,False
P002781,Heather Hughes,001-580-678-7211,"0227 Preston Flat, Lake Melissaton, MP 98662",32,G001,associate,False
P002000,Marvin Valencia,777.235.1059x73446,"9479 Brenda Walk Suite 166, Lake Jacqueline, RI 05819",51,G010,member,False
P004780,Crystal Jackson,2904001651,"169 William Spring, Smithmouth, SC 48312",45,,,False
P001897,Jillian Campbell,9419471408,"56992 Brittany Rue Apt. 790, South Angelaport, TX 02308",51,G007,associate,False
P000146,Melissa Stewart,(612)869-4486x959,"872 Hansen Orchard Suite 495, Fitzgeraldville, WA 30617",23,G006,boss,False
P003069,Steven Odom,628.240.1067x645,"01873 Patricia Viaduct, Juliemouth, FM 73560",30,G009,member,False
P002634,Kayla Cox,+1-747-739-9053x79991,"768 Wong Courts, South Davidside, HI 51341",24,G004,boss,False
P001249,Mr. John Allen MD,001-776-645-5459x03481,"02693 Watson Freeway, New Christineberg, ID 91091",32,G009,member,False
P000891,Thomas Lang,217.698.5490,"72954 Black Isle, West Heather, MH 31226",23,G001,associate,False
P002999,Mr. Justin Jones,475-295-2146,"917 Ortiz Manor Suite 007, North Jason, GA 92829",26,G009,member,False
P003997,Luke Mitchell,900-274-7164,"2479 Emily Track, Samanthaville, OK 52666",41,,,False
P002586,Crystal Gill,783.695.5701x60161,"USNV Steele, FPO AA 99053",57,G006,lieutenant,False
P000010,Terry Williams,+1-264-300-5242x7868,"059 Russell Canyon, Michaelton, MH 47399",31,G010,boss,False
P000873,Troy Green,001-760-591-9351x17455,"2728 Robert Flats, South John, CT 18903",22,G003,associate,False
P001085,Willie Lewis,+1-817-875-8856x27480,"2030 Vargas Village, Sherrychester, MD 64776",44,G005,lieutenant,False
P001203,Christina Randall,001-295-386-4178x256,"624 Villa Inlet, Fisherburgh, OR 26181",51,G003,associate,False
P001979,Ryan Preston,688.375.2632x284,"8021 Jason Summit, Smithberg, IA 28620",38,G009,associate,False
P003135,Kevin Murphy,731.243.0596x160,"51838 Williams Skyway, North Anitashire, WV 73421",59,G005,member,False
P001189,Susan English,275.817.5790x32308,"75024 Stacey Burg Apt. 788, Snyderstad, NC 92338",19,G009,member,False
P004639,James Collins,+1-901-965-9843,"23031 Jasmine Fords Apt. 881, North Dianeberg, NY 74208",46,,,False
P002209,Philip Spencer,(939)227-5413,"4054 Morris Fields Apt. 413, Downston, AS 62997",60,G009,member,False
P001024,Dustin Mitchell,468.695.7967,"1109 Brett Mountains, Port Danielside, WA 47964",50,G004,member,False
P001385,Tammy Brown,(952)499-0536x79120,"PSC 0957, Box 8903, APO AA 91638",27,G005,member,False
P000464,Rachel James,+1-826-950-6229x2310,"07624 Perez Oval Suite 662, Costaton, MI 14396",63,G004,associate,False
P003665,Isabel Bond,+1-563-317-6167x414,"526 Maria Inlet, Chelseaton, IN 72671",64,,,False
P003272,Suzanne Wheeler,+1-661-428-6003,"6246 Wells Club, Longchester, IN 00729",22,G002,member,False
P004213,Joseph Ryan,(331)869-7259x333,"5790 Christopher Neck, New Rebecca, MI 18109",51,,,False
P002030,Darrell Santos,529-704-5896,"40500 Carey Turnpike Apt. 066, Smithside, NY 06303",49,G010,associate,False
P004932,Ricky Thompson,+1-455-929-1236,"8273 Wood Valleys Suite 929, Robinville, CA 08775",33,,,False
P000209,Jennifer Williams,280.868.6717x7318,"USNS Howard, FPO AE 85388",50,G009,member,False
P001448,Jillian Ortega,(473)768-5070x518,"31867 Wendy Neck, Bethview, KY 97732",29,G008,member,False
P002105,Frank Solis,(401)781-1703x2803,"1449 Terry Drives, Lake Robertland, ME 71990",20,G005,member,False
P000547,Veronica Christensen,234-468-2394x840,"08696 Brown Centers, Port Tinafurt, NY 26985",21,G007,associate,False
P001504,Teresa Bailey,837.915.1041x36777,"224 Mendoza Mountain, New Robertmouth, MA 59686",61,G004,associate,False
P000308,Mrs. Katherine Simpson,+1-225-568-6211x02258,"9067 Campbell Corner Suite 392, East Juan, DE 35042",23,G008,member,False
P000717,William Owens,255.901.1375x35821,"PSC 8878, Box 0727, APO AP 07872",43,G007,member,False
P003027,Jose Watkins,001-304-946-3585x2110,"77057 Leach Drive, Brooksbury, IL 84509",44,G007,associate,False
P004288,Amanda Vazquez,+1-622-653-5303x54579,"25887 Kayla Mews Suite 408, Williamsport, OK 21864",33,,,False
P004857,Toni Rosales,937.881.4832x565,"USNV Reed, FPO AA 53448",29,,,False
P001838,Jay Lee,5543971279,"2775 Sweeney Stream, South Heatherport, DE 66749",52,G008,member,False
P004979,Kyle Russell,(942)748-2201,"5108 Coleman Junctions Apt. 101, Johnsonport, VA 20771",59,,,False
P000174,Lori Perez,492.564.9578,"48262 Lonnie Point, East Lonnieberg, VA 04365",21,G004,member,False
P004112,Brandon Lawrence,+1-759-393-8516x2861,"251 Karen Landing, Williamside, IA 29854",57,,,False
P002164,Diane Lopez,850.322.1491,"953 Tamara Alley, Cherylhaven, SD 39452",40,G004,lieutenant,False
P002709,John Vargas,720-943-0160x42637,"846 Hicks Junctions, Jenkinstown, MN 02773",26,G009,associate,False
P001001,Betty Wiley,500.736.0722,"34243 Rivera Ford, South Katrinaberg, PR 73934",40,G001,member,False
P002833,Jose Nolan,001-903-300-4512,"PSC 6716, Box 1370, APO AE 66507",51,G003,associate,False
P002189,Tony Rivera,316-688-3921,"8587 James Unions Suite 667, Randolphfurt, NC 17370",65,G009,lieutenant,False
P001741,Brian Stevens,001-539-596-9793,"387 Spencer Fords, Boydhaven, FL 45786",29,G001,member,False
P004629,Jacqueline Ortega,743.882.0727,"2256 Jacob Track, Davidhaven, NH 64145",38,,,False
P000779,David Lopez,(697)232-3964,"3267 Williamson Ramp, West Frederick, NJ 31533",59,G009,member,False
P004767,Kerry Valdez,(573)272-5247,"84515 Kaitlyn Spurs Suite 830, Leefort, MH 34870",49,,,False
P000057,Martin Vargas,001-322-299-5900,"USNV Curtis, FPO AP 55103",26,G007,member,False
P003689,Seth Fernandez,6508583891,"79575 Danielle Plaza Suite 369, South Raymondshire, RI 26486",23,,,False
P002875,Emily Matthews,878.888.5882x81889,"1850 Larry Gateway, Karenside, AR 72294",26,G005,associate,False
P003884,Adam Stewart,694.311.3328x348,"1848 Patricia Crossing, Robertview, MI 28643",56,,,False
P003332,Brandi Shaw,+1-762-936-4956x917,"013 Meza Dale Apt. 063, South Lauren, MO 53623",52,G002,associate,False
P003288,Drew Wells,001-599-245-5309x52761,"3474 Amanda Drives Apt. 599, Ryanport, MI 45935",24,G008,associate,False
P004356,Amber Lawson,386.470.3226x561,"1594 Delgado Pines, Amandamouth, UT 62219",35,,,False
P000559,Ronald Carr,(332)789-4633,"52857 Robin Junctions Suite 292, Shahbury, VI 91543",64,G009,member,False
P002084,John Brown,641-742-3757,"173 Adam Lodge Suite 487, Woodhaven, CO 49202",45,G004,member,False
P002774,Christine Jordan,001-415-792-8224x963,"69917 Richardson Highway Apt. 330, West Ericaland, SD 30358",24,G004,associate,False
P003532,Lisa Davis,+1-277-655-5677x942,"095 Newman Glen, Loriton, MN 57122",34,,,False
P003937,Kelly Coleman,856.818.3844x637,"91121 Shepherd Shoal Suite 775, Lake Brian, NH 86604",32,,,False
P002019,Hunter Sherman,340.741.6274x22121,"8502 Avila Square Apt. 016, North Troybury, FM 63681",42,G009,member,False
P002270,Vanessa Johnson,4814257060,"USNV Durham, FPO AP 92263",52,G010,associate,False
P004737,Michael Humphrey,+1-337-269-0251x899,"385 Faulkner Ways Apt. 258, Mccartychester, ND 44012",43,,,False
P002965,Julia Hammond,(878)262-1808x163,"86860 Holloway Alley Suite 570, Wilsonside, MN 13162",33,G005,member,False
P004094,Austin Smith,554-914-3951x746,"920 Richard Parkways, Port Patrick, VA 97636",61,,,False
P002357,Christina Gill,961.371.6813x83581,"45035 Case Plain Apt. 542, Port Darrenborough, FM 85910",18,G007,associate,False
P000677,Amanda Webb,+1-756-886-5240x62215,"6222 Chelsea Isle, East Sarah, SD 86996",56,G007,member,False
P000384,Maria Cook,+1-911-582-3793x1269,"6452 Marc Port Suite 043, Gardnermouth, SD 31399",62,G004,member,False
P000984,Christopher Blake,353.218.0576x310,"Unit 9654 Box 6125, DPO AE 52427",26,G004,associate,False
P000315,Steven Phillips,3058342408,"USNV Berg, FPO AP 79713",57,G005,associate,False
P003725,Brenda Davenport,+1-352-349-6721,"81542 Riley Knoll, North Marychester, NY 40294",59,,,False
P004656,Vanessa Lewis,(278)571-8731,"286 Kennedy Ridge Apt. 067, New Stephenshire, VI 45427",46,,,False
P000370,Austin White,001-944-772-3229x03102,"44058 Caroline Keys, North Williamville, NY 10652",35,G010,associate,False
P004985,Michael Davis,3385133685,"95628 Erika Manors Suite 260, Taylorland, FM 64222",28,,,False
P001666,Paige Meadows,(956)848-5864,"577 Marc Points Suite 506, Georgeshire, MT 37207",24,G006,lieutenant,False
P001252,Christopher Baker,001-389-619-9495x16599,"446 Saunders Divide Apt. 900, Charlesstad, GA 40236",44,G002,member,False
P003286,Justin Moore,(717)401-3635x30046,"280 Moses Fort Suite 948, South Charles, WI 84893",59,G006,member,False
P004697,Caleb Hendricks,(514)635-7243,"04553 Jessica Views, New Ronaldshire, OK 18668",43,,,False
P001251,Jonathon Kim,964-583-4279,"69572 Jackson Bypass Apt. 358, South Steven, DE 21578",55,G001,member,False
P000938,Megan Perez,(565)982-6082x526,"128 Patterson Prairie Apt. 122, Port Leah, CA 35084",49,G008,member,False
P002133,Lydia Soto,+1-568-589-5899x32191,"2179 Forbes Hills Suite 645, West Larryburgh, KS 03750",46,G003,member,False
P003307,Joan Bishop,251.646.4606x251,"017 Bailey Meadows, Powellchester, LA 70791",58,G007,member,False
P004171,Nancy Ross,+1-533-746-8839x35452,"7597 Moreno Passage Suite 369, Leehaven, FL 89429",38,,,False
P001175,Anne Cobb,(675)591-7003,"PSC 7432, Box 5674, APO AE 90786",52,G005,associate,False
P004101,Linda Walker,001-238-913-8022,"320 Michael Springs Suite 149, Garyberg, MH 70704",48,,,False
P004506,Dr. Christopher Harmon,(345)680-9753,"USNS Odom, FPO AA 17284",56,,,False
P001450,Leah Woods,210-650-6859x0233,"214 Fields Way Suite 165, Port Mary, NH 29301",44,G010,member,False
P004328,Bonnie Flores,(880)440-1938x7946,"USNV Hart, FPO AE 38510",54,,,False
P000750,Clifford Jenkins,794.219.0878x8653,"634 Heather Square, Archertown, WA 41777",36,G010,lieutenant,False
P004106,Lucas Fox,560.684.3170,"202 Fitzgerald Mountains Apt. 737, Lake Erinbury, MH 80073",21,,,False
P004079,Linda Smith,2819197765,"6294 Kimberly Curve Apt. 759, East Jacquelineton, DE 28962",29,,,False
P004873,Brent Harrell,954-691-6234x3217,"5568 Adams Spring Suite 803, Jenniferton, NC 33305",28,,,False
P004700,Christine Lawrence,922-705-7673x27530,"91821 Joseph Corner, North Rhonda, PW 63783",24,,,False
P004009,Renee Williams,001-604-604-0973x1011,"9013 Jamie Field Apt. 534, East Brandonfort, KS 15385",63,,,False
P001517,Monique Clark,001-550-278-7305,"3292 Thomas Isle, Kaylastad, VT 45877",22,G007,member,False
P002619,Dana Campbell,+1-766-264-7984x65033,"152 Pope Lodge, Benjaminfurt, AZ 32798",65,G009,lieutenant,False
P000217,Kevin Miller,247.885.1961,"2879 James Village Suite 487, Port Margaretshire, ME 65263",50,G007,member,False
P004542,Brenda Martinez,433.728.3178x569,"154 Pena Harbors, East Stevenchester, VT 45210",44,,,False
P002325,Amanda Austin,(662)272-5070x1200,"27248 Watkins Fork, South Williemouth, NY 62198",55,G005,associate,False
P004341,Richard Torres,331-610-1968x380,"USNS Kirby, FPO AA 91239",25,,,False
P003466,Mark Nelson,473.457.4001,"001 Brittany Stravenue, New Micheleside, NY 91038",63,G006,member,False
P003191,Thomas Fisher,001-951-328-7834x8195,"97090 Mark Tunnel Suite 297, New Richardtown, CO 61313",48,G001,lieutenant,False
P004114,Kimberly Willis,700.781.4636,"72466 John Stream Apt. 633, West Tiffany, IL 73885",40,,,False
P000637,Brian Bartlett,+1-205-427-8105x5800,"214 Luis Shore, North Ronald, PA 39969",49,G007,member,False
P002104,Jacqueline Clark,(540)329-4220x85950,"5959 Duncan Extensions, Chadmouth, DE 57304",24,G004,member,False
P002813,Danny Cole,995-268-8968x2734,"2599 Richards Port Suite 862, West Marymouth, AK 50089",40,G003,lieutenant,False
P003395,Lisa Robertson,001-555-634-5756,"277 Jonathan Pine, Danielleborough, FM 28945",25,G005,member,False
P004883,Melanie Carroll,657-975-9810,"85289 Sanchez Inlet Suite 416, South Frankport, MN 95970",49,,,False
P000523,Kelly Vaughn,484-960-1913x443,"Unit 0205 Box 8695, DPO AE 63549",54,G003,member,False
P002427,Andrew Campbell,729.223.7925x99686,"16558 Gomez Common, Theresatown, IA 42964",41,G007,member,False
P001954,Ruben Burns,5849257542,"Unit 5349 Box 7248, DPO AA 68684",60,G004,associate,False
P001650,Denise Perez,626.375.4576x909,"095 Gonzalez Springs Apt. 385, Ethanhaven, HI 25382",33,G010,associate,False
P002436,Nancy Robinson,733-800-0429,"93095 May Burg, North Kayla, MI 20580",43,G006,member,False
P004029,Mrs. Dana Rivas,469-426-9620x120,"0559 Aguilar Ford, Stricklandberg, AL 52681",49,,,False
P002178,Stephanie Torres,8364324286,"217 Robert Summit, Tinachester, NH 30865",52,G008,member,False
P003127,Raymond Wilson,295-642-5043x44262,"908 Jonathan Prairie Suite 795, West Jimmy, IA 07565",49,G007,member,False
P001414,Virginia Ryan,822-356-2083,"57016 Jennifer Street, Higginsmouth, AR 30186",40,G004,member,False
P002984,Thomas Hamilton,001-208-256-2455x5381,"5851 Nicole Wall Suite 275, Leahhaven, MP 11030",45,G004,associate,False
P001596,Shawn Hale,+1-701-487-6927x043,"58344 Angel View Suite 385, Josephburgh, AS 37240",27,G006,associate,False
P003758,Alyssa Collins,733-778-0143,"4549 Hernandez Islands Suite 492, Josephside, ID 90184",28,,,False
P000700,Charles White,001-941-420-9447,"26551 Sandra Mountains, Millermouth, PA 39836",49,G010,member,False
P004436,Charles Lee,+1-690-485-7257,"86822 Daniel Drive, Dustinton, DE 84253",64,,,False
P003873,Jose Davis,+1-972-469-9276,"88369 Cruz Fork Suite 144, North Haleyhaven, WY 74252",21,,,False
P002489,Joshua Russo,+1-888-644-4245x04988,"684 Rodriguez Mall, Nicolefort, MH 54965",62,G009,member,False
P001111,Tammy Mcdonald,+1-964-666-0332x7399,"94101 Harold Overpass, Williamsside, DE 89900",25,G001,member,False
P002260,Jenna Hancock,+1-874-385-1176,"685 Gray Hollow Suite 926, Carlyton, HI 72608",65,G010,lieutenant,False
P001156,Laura Ferrell,332-718-0113x08523,"42840 Dylan Stream, Ralphfurt, NJ 11206",50,G006,member,False
P002344,Sean Wright,834.831.9085x734,"897 Christopher Isle Suite 227, New Susanstad, MN 62841",38,G004,associate,False
P001430,Nicholas Baxter,670.441.5578x13731,"Unit 1756 Box 2479, DPO AP 36617",45,G010,member,False
P002167,Jason Cross,+1-516-271-2794x401,"53324 Shaffer Mount Apt. 068, Delacruzhaven, NJ 72734",61,G007,associate,False
P003996,Marcus Edwards,+1-294-220-1631x5991,"816 Stanley Land, New Valerie, NM 63209",22,,,False
P003561,Mario Woods,+1-571-396-8617x6704,"46765 Laura Mountain, Vincentmouth, KS 45580",46,,,False
P002412,Kaitlyn Bryant,908.942.9850,"68104 Mueller Loaf, East Julia, CO 45651",52,G002,member,False
P004746,Melissa Sutton,7354120374,"00394 Kimberly Street, Matthewmouth, MN 45208",42,,,False
P002157,Diane Jones,8992798857,"667 Lynn Port Apt. 783, Littleton, VI 92787",63,G007,member,False
P003708,Melissa Baker,001-883-636-9215x260,"2203 Brooks Route, Jerryhaven, PW 88171",37,,,False
P003194,Catherine Mendez,934-685-4209x860,"939 Hannah Estate, North Derekborough, SC 55096",52,G004,member,False
P003965,Lisa Mcclain,(276)984-0371x4179,"623 Erin Pike Suite 040, Jonesburgh, VI 79611",32,,,False
P003360,Jennifer Brown,001-301-707-9450x98549,"PSC 9561, Box 9572, APO AE 91653",58,G010,lieutenant,False
P000911,Kayla Duran,(787)404-7966x68290,"950 Joshua Expressway Apt. 302, South Roberto, LA 02774",20,G001,associate,False
P004779,Brian Wheeler,(899)372-4821x943,"130 Brittany Locks, Perryfort, DE 69086",29,,,False
P000402,Cassandra Kelly,8755409150,"27645 Barker Gardens, Williamsmouth, MN 05519",55,G002,member,False
P000041,Crystal Hansen,+1-851-660-6071x59696,"2975 Samuel Coves, South Brianna, NC 10809",47,G001,member,False
P003159,Johnny Cook,(458)369-5946x73852,"4580 Miller Throughway Apt. 645, Reeveston, PW 20860",43,G009,associate,False
P000925,Laura Guerra,452.913.5317x5559,"1148 Sutton Estate Suite 751, Port Christinafort, NE 34209",26,G005,member,False
P000600,Joshua Gallegos,993-953-4001x816,"5244 Rangel Lake, Joseton, GU 70196",41,G010,boss,False
P004714,Christopher Calhoun,001-221-617-5749x9036,"24137 Hahn Ramp Suite 396, Castroland, MI 79636",18,,,False
P001367,Ashley Jones,(841)924-8454,"1741 Faith Locks, Kylemouth, SD 07513",56,G007,member,False
P004637,Gregory Jenkins,681.324.8346x10434,"8332 Lucas Corner Suite 986, Monicastad, DE 02933",60,,,False
P003474,Kristen Gonzalez,(216)528-2308,"42192 Jessica Village Suite 466, Brownstad, OH 78629",38,G004,associate,False
P002623,Linda Smith,287.400.2518x82816,"44110 Greg Cliffs, New Dennis, MT 03757",57,G003,member,False
P001350,Steven Cook,841-652-6445x829,"1913 Grant Glens Suite 620, Port Amy, ID 58728",28,G010,member,False
P003799,Anthony Browning,001-608-258-7941,"24887 Phillips Lights, North Jerryshire, NC 72923",55,,,False
P004592,Sheila Nolan,758-863-9454x2986,"USCGC Gray, FPO AA 82309",37,,,False
P003923,Eric Waters,661-942-9383x11592,"9807 Alicia Rue, Kathleenmouth, NC 79850",48,,,False
P002802,Amanda Lee,968.228.7808,"2052 Jessica Mountain Suite 086, Port Christine, NM 60409",59,G002,member,False
P000451,Curtis Schneider,(362)548-1323x5707,"228 Brown Spur Apt. 688, New Jennifermouth, MN 05538",38,G001,member,False
P002177,Todd Wilson,386.876.0534x5035,"9806 William Inlet Suite 487, Smithhaven, TN 49121",36,G007,member,False
P004897,Alexa Powell,+1-557-403-6708x24236,"USNS Pena, FPO AP 57876",18,,,False
P001107,Michael Davis,873.326.0968x568,"973 Mason Neck Suite 336, Josephfort, AR 22549",59,G007,member,False
P004680,Douglas Robertson,(938)755-3819x1176,"7546 Macias Key Suite 864, Tuckermouth, CT 04101",55,,,False
P003510,Isabel Miller,314.231.3328x29117,"5541 Brandi Corner, Garciachester, KY 22419",51,,,False
P004466,Christopher Miller,764.842.4455x9103,"62666 Alicia Valley Apt. 611, Shepherdberg, VT 96945",56,,,False
P000107,Jacqueline Mcmahon,(791)554-5226x7528,"4422 Stacy Ports, Rosalesshire, AZ 24366",26,G007,member,False
P001553,Kim Noble DVM,+1-358-576-9559x126,"3183 Perkins Inlet, East Jillview, MD 76916",61,G003,member,False
P003089,Jessica Holland,434-870-1492x7910,"2890 Sanders Port Apt. 463, Campbellton, KS 36273",62,G009,associate,False
P003857,James Lowery,822-965-0630x441,"PSC 2849, Box 4535, APO AP 18343",26,,,False
P003893,Leslie Perry,313-667-9754x053,"9495 Richard Street Apt. 434, North Amanda, HI 09845",27,,,False
P004157,Thomas Trujillo,001-845-418-6563x5204,"4220 Boyer Trafficway, Williamborough, NJ 42867",45,,,False
P004793,Joy Durham,7024741695,"PSC 4604, Box 4808, APO AA 12568",27,,,False
P004042,Phyllis Martinez,213-787-7950x3051,"977 Melissa Hollow Apt. 299, New John, TX 22853",42,,,False
P002095,Tara Francis,350-982-7598x6858,"7482 James Turnpike Suite 425, West Rickmouth, CO 91798",35,G005,member,False
P002654,Nathan Price,001-218-990-0918,"89514 Christina Square, West Rachel, NC 51945",61,G004,member,False
P004334,Angel Cunningham,237.706.6329x2871,"1047 Robert Isle, West David, AS 99088",55,,,False
P004468,Benjamin Fowler,(380)512-3559x26051,"7015 Castillo Curve, South Edward, AK 96430",44,,,False
P001525,Molly Rios,905.264.7658x575,"7594 Huynh Corner, Port Brandyshire, MP 82527",20,G005,associate,False
P000790,Christopher Salinas,808-398-3094x13490,"797 Mary Junction Apt. 841, West Paul, KY 69527",31,G010,lieutenant,False
P002645,Ashley Wilson,897-901-2442x36025,"291 Garcia Gateway, North Natasha, PA 94826",48,G005,lieutenant,False
P002855,David Mosley,(556)271-2301x674,"06632 Hayes Fort, Stephaniehaven, RI 38202",37,G005,member,False
P002594,Kimberly Willis,+1-231-973-3220x624,"Unit 7435 Box 8569, DPO AE 17208",38,G004,member,False
P001104,Katherine Sullivan,(200)611-1391x548,"4792 Jose Prairie, North Aaronhaven, MO 13247",18,G004,associate,False
P004888,James Ortega,809.443.1866,"449 Lauren Inlet Suite 962, Hillfurt, HI 44294",62,,,False
P000290,Ashley Bradley,323.402.3467,"1415 Brenda Neck, Chambersville, AL 08503",65,G010,member,False
P004406,Jeremy Williams,001-724-327-9192,"828 Michelle Lake Suite 720, Chenside, WA 08439",37,,,False
P002196,Melissa Garcia,+1-251-499-6832x76289,"PSC 7105, Box 9602, APO AE 30105",64,G006,lieutenant,False
P003296,Jessica Wagner,529.356.7584,"436 Tyrone Wells Apt. 417, East Rebecca, OH 32223",43,G006,associate,False
P003949,Kim Mcconnell,+1-485-694-1814x52731,"454 Clinton Meadow, Joseside, CT 90486",36,,,False
P004570,Stephen Edwards,+1-558-439-9856x41913,"8604 Jermaine Stream, West Johnport, NC 01166",56,,,False
P004889,Stephanie Harris,757.362.7865x378,"8860 Jamie Camp Apt. 297, Barbaraland, DC 75207",61,,,False
P003511,Corey Bryant,624-558-8822x7073,"USNS Thompson, FPO AP 99289",59,,,False
P000342,Michelle Shah,+1-819-366-5533x07704,"596 Barbara Haven, Lake Kristashire, AL 61026",35,G002,associate,False
P001869,Kathryn Shaffer,+1-549-519-2659x517,"4814 Christopher Turnpike Suite 400, New Amyville, GU 14594",36,G009,associate,False
P001639,Monica Hodges,(398)832-4072x8195,"PSC 8098, Box 0988, APO AP 08679",43,G009,associate,False
P000669,Jennifer Sanders,436-484-1013,"921 Michael Ferry, Mclaughlinland, NC 63005",50,G009,lieutenant,False
P002662,Juan Esparza,001-614-239-4207,"720 Cruz Dale Apt. 719, Lake Robert, OH 02920",33,G002,associate,False
P003230,Teresa James,001-965-471-4684,"08121 Cole Gardens Suite 126, South Paula, NV 24613",34,G010,lieutenant,False
P001068,Jacqueline Ramos,709.307.4063,"24767 Martinez Junctions Apt. 799, North Jenniferstad, MP 28018",64,G008,member,False
P004530,Kevin Hobbs,(269)361-1679,"926 Murray Radial, New Fernando, FM 34430",42,,,False
P004673,Calvin Johnson,001-429-910-0181x19678,"113 Vincent Roads, Santanaborough, MN 16369",65,,,False
P000305,Nicole Sanchez,001-789-209-7283x2152,"51538 Kelly Orchard Suite 430, Robinsonport, SD 68072",39,G005,member,False
P001729,Gabriela Campos,(271)873-2031,"5184 Hicks Pass Suite 978, Michaelhaven, SC 92846",42,G009,member,False
P002549,Rachel Guzman,001-746-272-3904x418,"83514 Wright Highway, Rossside, KY 70858",24,G009,associate,False
P000527,Antonio Cole,+1-820-213-5462x127,"261 Kathy Forest, East Robertchester, IN 92210",33,G007,member,False
P001137,Tracy Pitts,(657)407-9432x18302,"8551 Douglas Bypass Suite 115, Amyton, WI 41927",47,G007,member,False
P001471,Matthew White,213-362-2380x13702,"14696 Michelle Freeway Suite 077, South Eric, SC 97886",49,G001,member,False
P002424,Gregory Cole,(663)494-0819x2758,"479 Melissa Mountain Apt. 192, Denisemouth, MI 80752",61,G004,member,False
P004385,Timothy Walker,+1-750-875-5761x50625,"900 Murphy Plaza, New Mary, CA 65413",60,,,False
P002262,Carl Baker,001-804-965-3521x70572,"02030 Lee Causeway, Fordtown, VA 04163",40,G002,associate,False
P003509,Johnathan Andrade,+1-929-857-2865x5902,"685 Ann Walk, South Sandrahaven, MO 35472",32,,,False
P004717,Sherry Harding,001-517-813-8164x84248,"795 Benjamin Fords Apt. 714, Brockland, VT 42287",59,,,False
P000882,Mary Miller,001-973-469-0789x476,"2141 Tammy Branch, Wilsonbury, KY 73983",21,G002,member,False
P001228,Craig Reyes,2198905024,"747 Jennifer Mount, Lake Philipside, MI 58163",22,G008,boss,False
P000581,Anthony Adams,(361)645-9011x07977,"388 Lori Port Suite 905, Lake Whitney, CA 42007",32,G001,lieutenant,False
P003213,Billy Castro,856-257-6108x28834,"554 Ritter Lights Apt. 352, Robinchester, CA 42063",57,G003,member,False
P000151,James Goodman,518-527-5539x42373,"33952 David Common, Austinside, AZ 63715",43,G001,member,False
P004183,Joseph Guzman,001-615-394-2377x3296,"5304 Lawrence Terrace Apt. 731, Kathrynside, VT 54461",39,,,False
P000184,Julia Olsen,001-308-449-5880x3955,"6829 Lopez Crescent, Janetmouth, VT 04646",41,G004,boss,False
P003277,Kathryn Palmer MD,241.882.4538,"24339 Randy Island Suite 223, North Lindaburgh, PW 98689",21,G007,member,False
P000406,Kendra Torres,001-257-670-2992x95966,"68269 Collin Forge Apt. 194, Port Erik, WI 96768",31,G006,lieutenant,False
P003053,John Potter,678.497.7612x7651,"09690 Maria Corner, Port Crystalchester, MT 19390",51,G003,associate,False
P003093,Brittney Mathews,955.487.9772,"746 Sanchez Vista, Cynthiastad, MD 28021",23,G003,associate,False
P002092,Tiffany Tate,830.968.2948x17049,"79191 Velez Ways Apt. 798, North Josephmouth, FL 00702",49,G002,associate,False
P003690,Tricia Mejia,001-532-471-4583x9187,"5460 Contreras Mountain, Bakertown, IN 92645",18,,,False
P003585,Cynthia Gonzalez,401-880-1962,"959 Rodriguez Mews, Blakefurt, FM 64387",38,,,False
P004289,Erik Zamora,+1-306-523-8483,"0827 Fletcher Trafficway, Port Jaredville, PA 03649",37,,,False
P002141,Matthew Weber,538.473.0060,"573 Newton Mountain Suite 641, New Brittanyport, MN 18575",29,G001,member,False
P001282,Alexis Duffy,001-864-590-8474x911,"031 Jennifer Spurs, South Robertfurt, NE 23952",29,G002,member,False
P002982,Ashley Allison,385-760-6714,"PSC 3201, Box 0735, APO AA 67893",38,G002,associate,False
P004587,Mason Graham,+1-726-365-6807,"574 Diaz Islands, West Jasonstad, WI 17355",18,,,False
P003205,Debra Martinez,(586)343-6812x8117,"PSC 5215, Box 6278, APO AP 27723",34,G005,associate,False
P004953,Thomas Greer,3808890971,"14251 Gregory Crescent Apt. 011, North Robert, CO 54327",49,,,False
P001823,Vanessa Barber,+1-406-860-9478x306,"899 Thompson Grove Suite 463, East Jessicaview, WY 18823",19,G003,lieutenant,False
P002188,Jonathan Alexander,5816690350,"Unit 0628 Box 9580, DPO AA 18410",53,G008,member,False
P004000,Nicholas Mcgee,+1-626-840-6142x421,"822 Kathy Manors, West Daniellemouth, NE 77593",30,,,False
P001202,Dylan Hernandez,(515)714-3697x4578,"838 Marquez Corners Apt. 556, Sloanchester, FM 32933",27,G002,member,False
P004829,Luke Dunlap,274-608-6713x70910,"853 James Divide Suite 296, South Georgeton, AK 32059",34,,,False
P004480,Michael Russell,5508244693,"457 Parker Manors Apt. 406, Port Timothy, MA 40335",30,,,False
P001232,David Fletcher,227.529.9335x7024,"639 Cannon Heights Suite 427, New Angela, MD 95244",39,G002,associate,False
P003681,Michael Taylor,+1-605-342-4310x701,"097 William Bypass Apt. 620, Port Eric, IL 07116",31,,,False
P000001,Lindsey Roman,001-278-516-1849x5931,"16475 Mitchell Fords, Jacquelineland, PA 83728",61,G001,boss,False
P003798,Jason Freeman,791-974-5546x8159,"58666 Jessica Glen Suite 618, East Laurentown, GU 47033",52,,,False
P004207,Donna Ross,859-405-2445,"80649 Garcia Dam Apt. 544, Mccormickton, MS 31977",24,,,False
P004710,Daniel Anderson,+1-222-758-9002x21829,"PSC 6816, Box 1901, APO AP 60231",58,,,False
P002230,Matthew Frazier,(279)257-5718x69725,"65879 Lawrence Drive Apt. 151, North Nancyside, CO 65182",52,G010,member,False
P001490,Beverly Mitchell,(928)582-6173x4608,"14931 James Dale Apt. 938, West Matthewbury, AL 84673",21,G010,associate,False
P003839,Daniel Long,(462)560-9333x17361,"6187 Karen Expressway Suite 979, Stephanieport, HI 94586",56,,,False
P002074,Kyle Sims,512.910.8110,"77898 Michele Spurs, Arnoldmouth, PW 01924",49,G004,member,False
P003407,Elizabeth Salazar,(391)953-4619,"273 Mcdaniel Fall Apt. 261, North Hunterton, ID 16417",57,G007,lieutenant,False
P000347,Joshua Gomez,626.786.8507,"634 Richard Ranch Suite 897, Rodriguezton, SD 33130",23,G007,associate,False
P000144,Samantha White,+1-284-525-7991x36621,"91279 Natalie Place Apt. 172, Port Erikachester, NC 55640",54,G004,member,False
P004833,Deanna Turner,+1-960-671-4102x038,"USNV Salazar, FPO AE 70738",23,,,False
P004512,Lisa Wise,(730)875-9217x09886,"6662 Michelle Greens Suite 052, Alvaradoburgh, PA 17390",54,,,False
P003219,Jennifer Costa,+1-743-656-9513x947,"7873 Jones Lakes Apt. 733, Lake Joycechester, DC 63138",62,G009,member,False
P003912,Raven Davis,311.612.7710x70957,"111 Byrd Port, Shieldsville, RI 97822",63,,,False
P003212,Nicholas Robinson,6804608317,"8998 Patrick Squares Apt. 484, South Hunter, MN 94717",35,G002,lieutenant,False
P000845,Shawn Delacruz,429-514-6502,"8045 Sharp Mountain Apt. 518, Helenton, NH 03676",44,G005,boss,False
P004059,Richard Kelley,840.521.8737,"USS Adkins, FPO AE 58926",49,,,False
P000528,Deborah Meyer,+1-589-995-7298,"5493 James Hill Suite 871, Port Heatherton, IN 97101",55,G008,member,False
P004030,Peter Ayala,727-361-2863,"405 Ortiz Heights, New Nicolas, HI 68390",32,,,False
P003345,Jennifer Garcia,345.924.3452x43680,"PSC 0838, Box 7970, APO AE 36262",56,G005,lieutenant,False
P004221,Elizabeth Mendoza,726.632.6199x7013,"273 Daniel Throughway Apt. 340, New Matthewstad, WV 22484",50,,,False
P001832,Scott White,759.291.1739x066,"6027 David Brooks Apt. 502, Rachelmouth, AL 52132",46,G002,member,False
P004495,Rachel Blair,274-431-0002x88354,"76133 John Orchard Suite 681, Williamsfort, PW 37020",32,,,False
P000022,Eric Erickson,(240)608-4271,"2047 Lynn Locks Suite 190, East Lisa, ME 11665",40,G002,lieutenant,False
P004509,Julie Solis,+1-932-404-9822x83594,"408 Matthew Ridges, South Jenniferberg, AR 64796",23,,,False
P002848,Nicholas Marsh,425-328-5520,"83388 Amy Junction Suite 786, Jensenborough, VA 07633",47,G008,lieutenant,False
P003165,Monica Arnold,+1-214-265-3461x924,"29895 Klein Valleys, Port Stevenfurt, NJ 90873",60,G005,member,False
P000741,Darlene White,4122234149,"2702 Ross Greens Suite 095, Leeland, NJ 37861",54,G001,member,False
P004142,Brandon Zamora,7387091763,"9674 Kelly Parks Apt. 126, Lake Zacharymouth, WY 05834",37,,,False
P003046,Cassandra Johnson,252.860.6654x3113,"PSC 7740, Box 1942, APO AE 67077",37,G006,member,False
P004989,Susan Hernandez,724.661.7349x09409,"99736 Jessica Loaf, Beckport, ND 78482",48,,,False
P003733,Joseph Miller,+1-316-826-1171x32233,"16327 Michael Spring Apt. 765, South Kimborough, MI 04086",33,,,False
P002670,Joyce Chan,(719)458-4361x27358,"228 Meredith Pass Suite 762, South George, OK 11304",23,G010,member,False
P003005,Monique Bass,(277)539-7834x127,"07110 Mark Squares Apt. 965, Lambertside, NV 31088",19,G005,boss,False
P002208,Christina Chapman,001-888-553-5913x582,"8882 Rivera River Apt. 987, Lake Jayshire, DE 64933",58,G008,member,False
P002396,Melissa Kelly,482.280.8231x43025,"890 Martin Mall, New Timothyburgh, FM 41911",52,G006,member,False
P002126,Sabrina Petty,001-294-493-0784x57844,"77146 Knapp Bypass, New Robert, MP 10339",57,G006,lieutenant,False
P004967,Larry Martin,980-761-8716x97472,"7376 Bishop Square, Lukeport, DE 31052",45,,,False
P003055,Christopher Ramirez,(751)295-1322x266,"70569 George Street, West Markside, WI 72755",24,G005,lieutenant,False
P002172,Brent Chavez,001-794-994-4228x329,"Unit 4279 Box 6304, DPO AP 42545",60,G002,lieutenant,False
P004080,Rhonda Salas,+1-912-584-5373x2637,"54443 Snyder View, Jenniferstad, LA 87578",53,,,False
P002278,Alicia Barnes,(905)365-5340x026,"77539 Green Fords Apt. 611, Garzaville, FM 37071",53,G008,member,False
P003112,James Edwards,548-606-3446x802,"67260 Wesley Place, Port Jimmyville, LA 41874",63,G002,lieutenant,False
P000081,Jennifer Johnson,(581)499-5604x661,"44472 Gary Harbor, Evansland, MN 33491",19,G001,member,False
P002871,Lauren Dean,509-789-8397,"674 James Station, Kaylatown, KS 60137",26,G001,member,False
P001661,Cynthia Sampson,906-873-3382,"Unit 5348 Box 0249, DPO AA 51777",23,G001,associate,False
P000758,Deborah Hayes,001-403-696-7024x365,"64818 Clarke Tunnel Suite 036, Maryhaven, ND 19751",50,G008,member,False
P002202,Tyrone Hernandez,470.401.9062x46521,"4376 Mary Drives, South Robertstad, KS 48615",34,G002,member,False
P002924,Brenda Mcintyre,658.910.7902,"0770 Kimberly Greens Suite 455, North Debraside, SC 18880",36,G004,associate,False
P000261,Erica Clark,+1-950-820-9700x268,"071 Stanton Lane, Paultown, DE 61147",25,G001,member,False
P001333,Robert Ramos,001-396-733-7922x6281,"4387 Keith Island, West Tamaraville, PA 38484",42,G003,member,False
P000408,Allen Walker,+1-998-319-9605x932,"USS Paul, FPO AP 51532",28,G008,member,False
P000513,Paul Scott,+1-344-362-6325x14488,"Unit 1031 Box 4217, DPO AA 16418",36,G003,member,False
P002341,Cheyenne Graham,693.248.3557,"7177 Luis Lodge Suite 896, Joeberg, VT 34814",41,G001,associate,False
P004161,Kyle Green,(691)467-3244,"95966 Rodney Ville Apt. 846, Joneshaven, KS 35390",35,,,False
P003462,Samantha Brown,488.813.5432x181,"79567 Walters Mountain Suite 912, North Jeffreymouth, NY 28786",21,G002,member,False
P004571,Gabrielle Cook,001-715-665-8438x84105,"USS Pierce, FPO AA 95785",34,,,False
P002641,Daniel Rodriguez,001-594-427-1003x66606,"881 Silva Station Suite 606, Stephanieshire, OK 14597",47,G001,associate,False
P001984,Jessica Allen,+1-796-532-1553x397,"86122 Kidd Row Apt. 025, South Mary, MA 71242",23,G004,member,False
P001573,Melinda Clark,9557031588,"67514 Joseph Forks Suite 156, New Michaelview, VA 17748",43,G003,lieutenant,False
P000742,Alicia Hall,401-493-3538,"19360 Robert Brooks Apt. 770, Ricardofurt, DE 90296",57,G002,member,False
P002429,Travis Sanchez,001-310-399-7872,"091 Rivera Manor, North Josephfort, HI 13837",37,G009,member,False
P000388,Diana Baker,628-996-5999,"31922 Thomas Alley, Christianton, DC 67571",48,G008,member,False
P003766,Seth Martinez,(947)319-9212x8185,"03010 James Port, Smithmouth, WV 14317",40,,,False
P003987,Anne Romero,872-908-1722x2315,"81283 Lori Greens, Lesliefurt, AS 74798",25,,,False
P001965,Juan Kim,7426957903,"2823 Carroll Parkway Suite 887, Gouldland, ND 94618",55,G005,member,False
P003471,Matthew Berry,896.472.7704x125,"199 Michael Mountains Apt. 563, Mortonton, NY 20339",55,G001,member,False
P003210,Jennifer Murray,665-235-4346,"81878 Mary Mount Apt. 976, East Cheryl, VA 20002",49,G010,boss,False
P004998,Tina Acevedo,482.309.6402x21637,"78067 Barr Centers Apt. 470, New Travis, PW 95267",56,,,True
P000095,Brian Goodwin,001-565-665-2341,"438 Julie Hill, Port Rachaelbury, NM 51079",60,G005,member,False
P003859,Sandy Smith,+1-774-836-4967x731,"40821 James Islands, West Darrylshire, KY 65674",45,,,False
P003542,Wendy Vasquez,+1-529-968-7729x18844,"PSC 6277, Box 2864, APO AP 03313",28,,,False
P002740,Lisa Bush MD,(311)840-9155,"339 Smith Highway, West Rickey, IA 24662",50,G010,member,False
P002628,Russell White,6817973349,"5242 Michael Loop, Harrishaven, RI 02117",36,G008,lieutenant,False
P004263,Jeremy Pittman,2933692694,"3383 Bryce Cape, West Juliefort, DE 04661",27,,,False
P000500,Angela Carter,487.607.1553x48201,"850 Powell Union, Reedmouth, LA 48731",47,G010,lieutenant,False
P003924,Alexander Morrison,329.471.3066x6798,"PSC 6759, Box 9882, APO AP 21093",41,,,False
P000478,Maria Hayes,+1-420-458-2958,"Unit 3616 Box 1880, DPO AP 14108",44,G008,associate,False
P004831,Pamela Johnson,(304)250-6551x070,"USNS Mills, FPO AE 24010",34,,,False
P000048,Brittany Kim,575.806.0685,"Unit 5305 Box 1522, DPO AE 38102",54,G008,associate,False
P001505,Bailey Anderson,+1-445-840-2894x438,"9413 Hughes Groves Suite 899, Morrisontown, NC 63275",27,G005,member,False
P001824,Amanda Arroyo,249.439.0981x122,"USS Peterson, FPO AE 18652",58,G004,member,False
P002676,Ronnie Elliott,(493)746-6297,"354 Moran Ramp Suite 726, West April, MN 44510",24,G006,member,False
P004456,Sandra Davis,983-773-4132,"009 Sims Road Apt. 874, Tylerton, PR 61930",38,,,False
P004668,Ethan Hodge,+1-932-971-9672x629,"6669 Cook Trafficway, Suttonstad, AL 78316",23,,,False
P001566,David Johnson,+1-445-587-5950x8257,"07086 Angela Rapids, Wesleyport, MO 89796",59,G006,member,False
P002664,Lisa Wagner,600-523-9770,"5163 Gregory Ridge Suite 105, Morrisside, AS 10678",35,G004,boss,False
P003591,Ms. Beth Sullivan DDS,225-763-7997x388,"96568 Stewart Plains Apt. 247, East Michaela, MH 29207",39,,,False
P000368,Gabrielle Clayton,693-905-9660x186,"67320 Marsh Harbor Apt. 384, Ashleyton, RI 36450",65,G008,member,False
P004950,Kyle Mckee,(591)232-7845x230,"64906 Kaitlyn Hill, Petersonton, MS 55829",53,,,False
P002748,Sean Miller,608.285.4818x826,"PSC 9412, Box 5472, APO AA 56241",38,G008,associate,False
P003383,Randy Smith,7835350425,"351 Christine Stream Apt. 593, Owenstad, MO 31571",21,G003,member,False
P001538,John Taylor,971.656.8539x091,"80308 Garrett Roads Apt. 641, Nguyenport, AZ 20758",32,G008,member,False
P002674,Larry Anderson,404-860-5989,"447 Caldwell Valleys, Lake Lisashire, WI 35319",40,G004,lieutenant,False
P004990,Rodney Burns,712-221-8503,"Unit 5285 Box 3582, DPO AE 79641",40,,,False
P004815,Alexander Perry,+1-609-448-6817x58626,"22808 Bob Island, Henryfort, TX 32410",21,,,False
P002818,Glen Johnson,001-242-375-5263x54057,"3249 Rhonda Road, Jacquelinemouth, NH 11844",64,G008,lieutenant,False
P001240,Nicole Chavez,220-901-4144x246,"38615 Jackson Squares Suite 994, Hesterfort, UT 57755",36,G010,member,False
P003540,Michael Russo,767-747-4276,"Unit 4612 Box 4465, DPO AP 01445",36,,,False
P004321,Mary Wolfe,620-258-0806,"096 Jason Camp, North Alecbury, VI 88724",60,,,False
P003275,Katherine Johns,232-808-0468x990,"34598 Williams Squares Suite 175, West Sean, VI 56410",38,G005,associate,False
P000487,Russell Walker,(679)986-2398,"061 Janet Trail Apt. 054, Campbellmouth, ME 70662",38,G007,member,False
P000140,Robin Riley,001-693-408-4887x25639,"5803 Katherine Dam, Mooreshire, OK 86931",50,G010,lieutenant,False
P003639,Jeffrey Le,001-200-657-8838x50274,"04765 Angela Summit Apt. 506, Williamschester, LA 53304",43,,,False
P001655,Nicholas Nelson,001-717-308-2922x092,"002 Williams Tunnel, West Scottmouth, HI 81359",60,G005,boss,False
P004799,Jesse Gomez,+1-301-357-1852,"8752 Nguyen Run, South Robert, MI 51235",23,,,False
P002569,Robert Burke,001-435-861-4008x145,"74470 King Skyway, Gilbertport, PA 81604",38,G009,member,False
P000609,Autumn Tucker,612-374-6921x1882,"64222 Cook Radial Apt. 704, Josephberg, CT 73056",56,G009,member,False
P001777,Angela Dominguez,7028415517,"PSC 7353, Box 3270, APO AE 66652",56,G007,boss,False
P002431,Sheryl Harris,549.223.2124,"03613 Donald Overpass, Grosstown, MH 33958",26,G001,member,False
P004640,Mr. Nicholas Brown,001-864-259-3400x093,"3633 Hernandez Pines Apt. 018, Catherinestad, AK 63438",21,,,False
P003795,Steven Castillo,677-601-8123,"8912 Debbie Mountains Apt. 972, Sandersmouth, MO 62347",62,,,False
P002112,David Porter,(299)824-4235,"93939 Johnson Squares Apt. 638, East Christine, PA 18499",21,G002,member,False
P000481,Andre Flores Jr.,001-276-981-6995x706,"4811 Jennifer Stravenue, South Noahmouth, IA 79617",37,G001,member,False
P003865,Brenda Caldwell,617-543-9711x611,"143 Mcdowell Prairie, Lake William, MD 26269",45,,,False
P004008,Michael Harding,9845364550,"741 Lewis Curve, Phillipsshire, WI 86993",35,,,False
P001941,Nicholas Robinson,626.522.5063,"01464 Webb Tunnel, East Alyssamouth, WA 39185",56,G001,associate,False
P001457,Jessica Gregory,+1-968-414-4166x6117,"06708 Matthew Path Suite 824, West Cindyfort, NM 93783",29,G007,member,False
P000394,Stephanie Lee,001-624-506-4242x95633,"7417 Lane Keys Suite 209, Mooreshire, IL 92538",61,G004,member,False
P000231,Charles Hernandez,+1-846-565-1364x42493,"34778 Henderson Camp, East Joseph, AK 34369",26,G001,member,False
P003457,Karen Thomas,001-974-585-6136x62628,"762 Annette Springs Apt. 112, South Marymouth, OR 94370",31,G007,member,False
P004135,Courtney Casey,585.233.3437x040,"369 Taylor Crossing Suite 889, Romanside, OR 84873",40,,,False
P001750,Christine Williams,+1-215-769-5907,"510 Short Fords Suite 112, Carterhaven, SD 15321",23,G010,member,False
P003150,Ariel Harrison,(468)292-0058,"4418 Justin Loop Suite 071, Chadstad, WV 66330",26,G010,member,False
P004783,Jennifer Perez,954.969.2209x66408,"PSC 3525, Box 1337, APO AE 19673",23,,,False
P002779,Cindy Smith,6726324844,"37488 Brown Junction Suite 800, Taylorburgh, VI 43636",45,G009,member,False
P003783,Jordan Daugherty,(739)595-1283,"7751 Carter Ford Apt. 484, West Alicia, AZ 65603",29,,,False
P002358,Gina Montgomery,(614)544-0057x9979,"27911 Erika Inlet Suite 550, Woodbury, AL 24028",26,G008,member,False
P004504,Eugene Hale,608.472.7461,"4613 Austin Prairie Suite 765, South Robinmouth, TN 47782",57,,,False
P001484,Crystal Valenzuela,701-267-7692x1910,"709 Good Hill, Michaelview, AK 57713",33,G004,associate,False
P003183,Julie Hicks,+1-374-394-4231,"19197 Mullins Mall Apt. 267, West Tamarachester, OR 73958",54,G003,associate,False
P002668,Anthony Huber,666.900.2855x038,"68973 Shelley Gateway, Westberg, IA 91696",48,G008,associate,False
P003012,Robert Sherman,974-525-9144,"67076 Jessica Stream, Lake Morganshire, MI 53938",36,G002,member,False
P003578,Sheryl Martinez MD,+1-856-508-8470x7117,"618 Micheal Junction Suite 728, Paigeburgh, OK 42478",37,,,False
P004243,Mark Casey,001-937-504-6538,"8917 Richard Islands Suite 383, Gwendolynside, IL 73402",49,,,False
P000894,William Carr,(317)373-5166,"736 Johnson Square, North Timothy, IN 93118",38,G004,lieutenant,False
P000860,Kathleen Wilson,+1-230-233-5636x9301,"993 Angela Pike, Lake Adamport, PR 70191",20,G010,associate,False
P000594,Laura Roman,889-942-0466x4896,"4204 Henderson Lakes Suite 758, New Shannonport, WI 42304",65,G004,member,False
P004458,Jeffery Castillo,706-256-7484,"57680 Scott Pine, North Austinbury, MO 73634",23,,,False
P001977,Tammy Carr,276-687-2962,"8101 Brown Stravenue Apt. 825, East Brandon, MI 13173",23,G007,lieutenant,False
P002851,John Smith,729-667-6424,"PSC 6719, Box 2247, APO AP 20293",37,G001,associate,False
P001810,Rebecca Goodwin,605.308.7550x5624,"8950 Jeremiah Ports Apt. 938, Brownview, MP 94256",45,G010,lieutenant,False
P003854,Bridget Thomas,745-636-4512,"4891 Kelly Plaza Suite 302, New Elizabethfurt, ME 34155",37,,,False
P002365,Kara Herman,001-729-295-5755x383,"413 Wendy Mountains Suite 432, Carrolltown, HI 99285",64,G005,associate,False
P004451,Anna Harrington,6579877761,"63115 Villanueva Knolls Apt. 094, Avilaton, AR 38215",18,,,False
P002682,Patricia Howe DDS,001-717-398-9033x03937,"121 Johnson Prairie, Justinmouth, FM 61143",40,G002,member,False
P001875,Sarah Gardner,484.742.4676x004,"7125 Evans Keys Suite 795, New Peterview, OK 81146",57,G005,member,False
P001246,Jaime Wright,(294)661-4262,"06334 Jones Pine Suite 873, Thomasburgh, SD 50622",38,G006,member,False
P004064,Alexis Le,(746)578-8742x24242,"9781 Angela Knoll Apt. 816, Stevensstad, CT 25485",39,,,False
P003683,Kimberly Miller,2105083086,"36162 Jerry Junction Apt. 662, New Sabrina, TN 82424",48,,,False
P002378,Jenny Gutierrez,561.598.6645x33837,"476 Valerie Corners Apt. 777, Lake Michael, IA 76247",64,G008,member,False
P003082,Tracy Hamilton,903-360-2919x30512,"98446 Hogan Hollow, South Michael, ID 37196",21,G002,member,False
P003810,James Jones,+1-595-983-3053x981,"9927 Jessica Hollow Suite 934, Ericborough, MO 97251",28,,,False
P004609,Katie Short,966.530.0782,"111 Michelle Drive, Garciaton, NV 39166",38,,,False
P004734,Deborah Walker,(623)856-4146x52486,"047 Newman Path, Ryanhaven, OH 52826",56,,,False
P004445,John Thomas,725.412.8545,"721 Troy Fords, Port Christinamouth, GU 81831",59,,,False
P003131,Teresa Beasley,753.412.8479x4331,"4450 Nunez Ferry Apt. 787, North Brandon, PW 62316",43,G001,lieutenant,False
P002872,Donald Bryan,838-737-3900x713,"061 Martin Key, Catherinechester, VI 76462",61,G002,member,False
P003298,Kim Martinez,+1-429-922-9432,"2357 Justin Plaza, Port Amyburgh, WY 05357",49,G008,associate,False
P003450,Keith Mitchell,(587)691-4881,"7919 Brittany Extensions, Hawkinsfort, UT 14914",41,G010,member,False
P001157,Yvonne Moore,(253)942-3867,"2939 Bowman Meadow, Kentport, AR 71159",54,G007,member,False
P001160,Jessica Smith,001-504-323-5731x8995,"992 Debra Island Apt. 470, Adamfort, PR 86411",43,G010,associate,False
P003595,Jason Clark,(652)905-3905x04580,"893 Lonnie Ridge, Wardshire, MI 82801",48,,,False
P002163,Aaron Mullins,(441)751-1822x2413,"32321 Ashley Route, Lake Amber, FM 66991",63,G003,member,False
P003583,James Fisher,(313)979-6931,"5563 Hudson Glens, Mccarthyshire, TX 35328",27,,,False
P004016,Bradley Potter,+1-242-288-2761x31750,"05002 Williamson Ford Apt. 132, Port Marie, FM 44786",48,,,False
P001604,Ronald Adams,535-906-9782x099,"20382 Briana View, North Migueltown, WI 87856",56,G004,member,False
P003104,Lisa James,+1-351-799-0765,"USNS Johnson, FPO AE 43573",39,G004,associate,False
P003321,Robin Burnett,604-575-7531,"Unit 1711 Box 0658, DPO AE 69811",55,G001,boss,False
P004425,Scott Greene,(433)246-8427,"0111 Michelle Union Suite 407, Michaelbury, MP 91532",63,,,False
P004013,Sarah Mills,784-667-4498,"8608 Schmidt Viaduct Suite 666, East Blake, MS 41766",59,,,False
P001731,Heather Smith,+1-632-478-6686x8998,"65030 Moon Green, North Josephburgh, AZ 96751",32,G001,member,False
P001383,Melissa Lewis,711.791.6119,"373 Mary Glens, East Tonyland, NH 01604",26,G003,member,False
P004498,Tammy Patrick,389-354-9318,"6862 Michael Forges Suite 525, Jacktown, NE 85907",30,,,False
P004470,Rebecca Williams,544.468.8205x907,"49651 Moreno Fords Suite 271, East Dana, WY 12429",46,,,False
P000089,Kathleen Cohen,(477)921-9034x04384,"819 Joseph Plains Suite 807, South Curtis, MP 86179",53,G009,member,False
P000653,Jason Cantu,001-220-633-4742x4631,"968 Harrington Plains Apt. 085, New Michelle, MS 99232",64,G003,member,False
P002701,Alexander Alvarado,001-805-402-1192x50583,"0245 Banks Underpass, South Nicole, PW 34012",52,G001,lieutenant,False
P001226,Ricky Jones,441.605.0755x08485,"0378 Graham Ridge Suite 008, North Debra, MO 36231",42,G006,lieutenant,False
P001605,Megan Richardson,(247)661-6806x803,"54680 Linda Trafficway, North Lori, MH 36441",60,G005,lieutenant,False
P004927,Donna Hamilton,001-367-530-8203,"4342 Martinez Village, Lake Lori, PR 45872",49,,,False
P001997,Lisa Liu,(647)493-5395x6215,"67188 Sarah Street Suite 013, Jonesland, MT 51281",37,G007,member,False
P000734,Robert Bullock,650-519-3545x03698,"24362 Anderson Valleys, West Anneside, SD 30711",33,G004,associate,False
P000216,Pamela Gonzalez,287-718-6375,"6504 Bell Mission Apt. 376, Robertschester, VA 54790",45,G006,associate,False
P003320,Cole Miller,903-324-8735x7000,"917 Garcia Mill Suite 148, Simonland, LA 86789",30,G010,lieutenant,False
P004021,Julia Kelly,+1-380-501-4476x2238,"0848 Kendra River Suite 894, Sarahton, PA 86123",50,,,False
P000922,Douglas Rivas,671-799-0380x351,"944 Brianna Terrace, West Steveshire, VA 06763",31,G002,associate,False
P003001,Bonnie Rodriguez,001-992-717-7679x771,"06177 Torres Land, Lake Michellefort, WI 05274",58,G001,member,False
P004804,Meagan Thompson,9037717537,"69104 Miranda Highway Suite 249, North Melissa, NV 80512",48,,,False
P004666,Barbara Marshall,(763)222-5494,"Unit 5292 Box 2587, DPO AE 44601",25,,,False
P003597,Becky Moss,(677)481-0846,"310 Tapia Key Suite 423, West Jessica, VI 48935",54,,,False
P003582,Justin Thomas,778-683-7587,"90227 Kenneth Manors Suite 488, Dannyhaven, MI 12002",49,,,False
P000241,Melanie Long,001-615-220-1777,"975 Jason Causeway, Marcuston, WA 09770",50,G001,member,False
P004117,Jamie Myers,(377)448-4350,"Unit 6111 Box 0868, DPO AE 87942",21,,,False
P002885,Erik Allen,001-393-372-6995,"58537 Moody Pines, Zacharyview, NC 23961",58,G005,member,False
P001194,Brittany Wright MD,001-857-889-5915x32425,"7836 Heidi Ford, East Rachelview, CA 32730",20,G004,member,False
P002028,Andrew Coleman,225.886.8481,"1656 Cristina Throughway Suite 512, West Josestad, WY 17380",57,G008,member,False
P004699,Sue Allen,+1-455-645-6979,"119 Virginia Gardens Suite 069, West Timothy, AL 17937",55,,,False
P003524,Michael Avila,354-231-3742x0282,"83213 Christopher Gardens Apt. 910, Coxfort, OH 81415",53,,,False
P001960,Erika Singleton,958-822-3094,"6561 Joshua Plaza Apt. 344, West Patrickshire, MP 50892",39,G010,associate,False
P002351,Katelyn Barnett,758.305.8299,"9515 Jenkins Harbor, Turnerburgh, NH 26572",22,G001,member,False
P002894,Brandon Wells,202-382-3164x3035,"21050 Luke Gateway, East Francestown, PR 40700",48,G004,lieutenant,False
P001121,Jodi Crawford,645.592.5412x3872,"007 Jennifer Well Suite 594, Ashleychester, NH 35254",26,G001,lieutenant,False
P000506,Andrew Carter,(259)210-2451x091,"67149 Gilbert Pine, Port Cheyenneberg, CA 61100",23,G006,member,False
P004408,Jason Brown,+1-452-996-9978x1933,"001 Jensen Walks, North Amyfurt, NC 67811",33,,,False
P002058,Kara Hogan,001-804-839-7188x84271,"5392 Smith Ford Suite 769, Evansstad, UT 35415",39,G008,member,False
P003732,Benjamin Berry,717.592.3393x992,"1920 Robert Point, Dannyton, PW 60653",59,,,False
P001312,Nicole Roberts,764-550-8629,"30724 Cruz Court, South Corey, IL 88253",54,G002,member,False
P004168,Stephen Robinson,668.628.5342,"74861 Ronald Via, Port Jessechester, MO 34624",42,,,False
P000141,Brianna Dennis,(703)873-1453x038,"05184 Lane Port Apt. 665, New Johnbury, NC 53695",29,G001,lieutenant,False
P002880,Matthew Murray,5577113272,"PSC 6257, Box 8321, APO AP 50256",25,G010,associate,False
P004025,Jo Sims DDS,(919)730-5906,"Unit 9256 Box 6734, DPO AP 91672",24,,,False
P003060,Mary Sanchez,603-462-7562x9522,"7452 April Manors, South Michaelhaven, WA 14386",25,G010,associate,False
P004838,Ellen Myers,607.596.0222x701,"4810 Ricardo Inlet Suite 602, Wrightborough, OH 97482",60,,,False
P003588,Jodi Moss,845.803.3571x772,"Unit 1646 Box 2205, DPO AP 55523",65,,,False
P002464,Rebecca Smith,695-488-8557x39397,"85502 Moore Village Suite 991, Katherinebury, MP 42036",63,G004,boss,False
P003512,Cameron Velasquez,+1-908-476-7254x491,"51458 Martinez Mount, Julieview, AK 81273",39,,,False
P001867,Douglas Norris,732-797-8671x542,"477 Bradley Corners, Lake Dawnton, IN 48539",24,G007,member,False
P003843,Daniel Smith,(773)811-3749,"3244 Riley Valleys, Griffinchester, DE 89284",63,,,False
P004446,Terry Flynn,001-209-930-0229,"900 Troy Rapids Apt. 093, Kellybury, NE 25933",29,,,False
P000897,Joshua Mann,270.454.2451,"103 Reyes Ridges, Howardshire, OR 23494",62,G007,member,False
P001216,Emily Ross,(469)748-3609x4386,"PSC 0855, Box 9256, APO AE 75325",63,G006,member,False
P000593,Priscilla Vang,260.551.1716,"65362 Xavier Green Suite 590, Washingtonton, AK 78373",41,G003,member,False
P001295,Renee Hurst,587.871.6991x65872,"04857 Cole Creek, South Mark, NJ 91496",21,G005,member,False
P004657,Michael Jones,8965729142,"38717 Baker Divide Suite 022, Taylortown, NC 37129",40,,,False
P004603,Charles Walker,+1-701-766-7382x25305,"58404 Lopez Gardens Apt. 760, Port Kimberly, PR 57171",50,,,False
P000038,Kara Davis,716-315-2809,"049 Bell Ports Apt. 273, West Meganstad, DE 37013",59,G008,associate,False
P001620,Karl Hunter,7714194750,"27042 Stephanie Land, East Deborah, PW 18628",41,G010,member,False
P004256,John Strong,001-883-300-3157x9103,"3661 Day Villages, North Sarah, VA 45956",21,,,False
P004747,Brittney Moore,+1-477-512-8557x007,"751 Allen Route, Callahanside, IL 78201",43,,,False
P002420,David Peterson,+1-665-372-7287x818,"2380 Phillip Track Suite 094, Joneschester, NH 89404",59,G010,lieutenant,False
P002465,Kenneth Ward,+1-956-591-7207x036,"01527 Davila Mountain Suite 811, Joshuafort, ND 76499",23,G005,lieutenant,False
P002719,David Gray,001-916-570-2149x290,"77250 David Cape, Brandyton, SC 56882",23,G009,member,False
P002129,Jimmy Griffin,(628)555-6931,"073 Steven Wall, New Emmaton, IA 59161",30,G009,member,False
P000518,Amanda Ellison,(715)840-2119x01707,"98315 Jacob Port Apt. 073, East Joann, GU 89950",37,G008,lieutenant,False
P004391,Tiffany Sims,425-907-1293x6673,"9011 Munoz Fall Suite 769, Port Stephanie, OR 60988",53,,,False
P001496,Valerie Lopez,+1-351-836-8990x6574,"366 Emma Mountains Suite 618, Michaelmouth, NJ 59861",61,G006,associate,False
P004072,Mary Ramirez,001-223-943-8563,"0377 Ortiz Trail, Ambertown, SD 30449",46,,,False
P001310,Laura Barnes,(312)446-7642,"836 Brett Viaduct Suite 988, Brendamouth, PA 10311",63,G010,member,False
P001736,Mary Barber,996-319-6519x662,"65868 Martin Trail Apt. 785, Fordmouth, DE 23823",60,G006,lieutenant,False
P001590,Alan Mcclain,390-748-7860,"45129 Carrie Rue, Michaelland, NY 27860",44,G010,associate,False
P000778,James Martinez,235.797.4876,"37718 Sanchez Avenue, New Jacobtown, PA 47671",40,G008,lieutenant,False
P002194,Joseph Aguirre,001-946-918-4165x7141,"56632 Strong Vista, Rodneyton, HI 45081",55,G004,member,False
P002417,Mary Cruz,+1-540-701-8476x6995,"1240 Lambert Light, Jackietown, WI 89048",59,G007,boss,False
P004529,Scott Hudson,001-339-779-1394x4857,"USCGC Nelson, FPO AE 86451",49,,,False
P001274,Jeffrey Johnson,492.630.3606x77871,"265 Christensen Mountain Apt. 364, Woodsview, UT 48144",57,G004,member,False
P003454,Richard Moore,001-524-429-9906x39677,"251 Gary Tunnel, East Krista, VI 58678",20,G004,member,False
P003019,Brittney Clarke,001-756-305-0206,"24190 Lewis Drive, Harrisfurt, IA 73607",30,G009,associate,False
P002364,Richard Porter,+1-643-522-1563,"Unit 7682 Box 5238, DPO AE 45451",44,G004,member,False
P001558,Jacob Peters,228.743.9974x86980,"338 Steven Street Apt. 660, Alejandroview, NH 49033",27,G008,member,False
P001284,Brian Green,+1-953-689-1624x41066,"21650 Rhonda Harbor Apt. 389, West Joseph, KS 02334",33,G004,member,False
P004119,Kristin Bailey,994.468.9960x456,"249 Shaw Ramp, Shirleyburgh, LA 67797",55,,,False
P001507,Anthony Stewart,993-491-4603,"Unit 0356 Box 8991, DPO AP 02939",42,G007,member,False
P002347,Tiffany Ruiz,(707)716-2392x526,"7681 Francisco Walk Apt. 056, Ginastad, IA 06876",34,G007,associate,False
P000476,Tina Walter,001-847-934-0433x700,"5195 Hoover Plains, West Donna, MN 95685",26,G006,member,False
P003050,Stephanie Mcgee,249.531.6755,"93888 Christine Lane, South Christina, NJ 30368",48,G010,member,False
P000771,Tina Brown,+1-723-517-1461,"6626 John Squares Suite 053, East Kaitlynland, WA 70574",39,G001,member,False
P002426,Yesenia Foster,652.742.8169,"5427 Joshua Route Suite 539, Mccoyshire, UT 97915",53,G006,member,False
P003034,Mark Wheeler,+1-244-974-6226x964,"18634 Higgins Island Suite 706, Lake Troyton, MN 41239",27,G004,lieutenant,False
P001394,Angela Martinez,552.364.2599,"85675 Anthony Landing Suite 396, Williamsport, PR 36869",33,G004,lieutenant,False
P000366,Heather Herman,774.358.4384,"974 James Dam Apt. 483, West Jennyberg, AZ 31316",41,G006,member,False
P000457,Mary Thomas,910.426.7672x095,"9551 Jones Dale, Ericaberg, DE 88175",49,G007,member,False
P004303,Ross Walters,001-858-270-5645x662,"86453 Crystal Corner Apt. 628, Baileyfurt, DC 23095",35,,,False
P001192,Teresa Ellis,(964)718-7939,"12493 Ryan Grove Suite 982, Tinamouth, ND 02413",61,G002,member,False
P003279,Nicolas Estes,(623)558-8280x312,"76931 Johnson Mountain, Chelsealand, PA 19719",34,G009,associate,False
P001062,Chase Davies,+1-933-372-8756,"65647 Davis Corner, Zacharyberg, FM 96021",33,G002,lieutenant,False
P000916,Brittney Conway,211-346-1331x5553,"04407 Patel Skyway, North Christinachester, MN 80967",38,G006,member,False
P000956,Christopher Warner,001-401-375-4541x64879,"6275 Kimberly Knolls Apt. 697, Joshuaton, IN 95044",63,G006,lieutenant,False
P001790,Nancy Raymond,+1-821-370-2671,"185 Kyle Mount Suite 616, Port Jasonport, OR 43267",64,G010,associate,False
P002302,Angela Duarte,001-460-802-2265x679,"41781 Mills Street Apt. 896, Suzanneside, MS 14046",45,G002,associate,False
P003216,Christopher Reed,619-467-5776x16480,"00621 Jason Land, Harrisbury, VA 71901",55,G006,member,False
P002631,Jonathan Kirby,(954)201-6242x95553,"4220 Dunn Flats, Lake Abigail, NJ 08710",49,G001,associate,False
P003806,Sherry Walker,+1-240-938-3642x51179,"USCGC Murray, FPO AA 84183",41,,,False
P001564,Sarah Gonzalez,001-913-285-2235x9062,"14412 Morgan Estates Apt. 924, Paultown, NC 87708",45,G004,member,False
P003645,Karen Knight,708-416-3600,"350 Jared Extension, West Meredithchester, GA 88384",50,,,False
P003015,Megan Montgomery,001-431-433-8607x92746,"Unit 2254 Box 4639, DPO AA 86589",18,G005,member,False
P004077,Brittney Hoover,001-602-770-9485,"9116 Jordan Pine, North John, KS 84253",20,,,False
P002939,Anthony Crawford,2787028273,"7693 Keith Tunnel Suite 105, South Andrea, ME 79215",63,G009,associate,False
P001545,Katherine Lopez,9086057019,"5292 Cooper Viaduct Suite 680, Rogertown, AL 14124",25,G005,member,False
P003367,Becky Hoffman,001-592-665-0039x91568,"13513 Delacruz Rest Apt. 746, South Edwinberg, NE 68510",48,G007,member,False
P002638,Nicholas Jones,(321)448-5751x743,"USCGC Anderson, FPO AP 59171",49,G008,lieutenant,False
P003666,Amanda Hanson,346-679-5961x4778,"33052 Timothy Trail, Cynthiaborough, VA 20627",46,,,False
P002461,Kenneth Montes,001-269-653-5246x936,"9904 Casey Garden, Jessicaside, OK 67300",40,G001,associate,False
P003260,George Brown,001-894-686-9350x4953,"70320 Robert Roads Apt. 362, Walkerside, IA 66373",19,G010,lieutenant,False
P004031,Daisy Flores,(955)453-5539x697,"641 William Field, Marymouth, AS 90691",58,,,False
P000917,Mary Edwards,366.434.5418x299,"2064 Sarah Street Apt. 061, Hendrixfurt, UT 81222",33,G007,member,False
P001364,Joshua Moore,601-771-7199,"51995 Angela Rapid Apt. 056, Yatesbury, SC 47439",45,G004,member,False
P003486,Todd Lambert,001-236-431-7868,"052 Jimmy Ports, West Charles, WA 21553",47,G006,lieutenant,False
P000371,Gabriel Watson,+1-661-264-2059x55657,"2901 Lindsey Pass, Shelbyfurt, MP 76874",32,G001,member,False
P002016,Christine Jones,(592)788-1042,"9655 Hanna Cape Suite 548, Carolineton, MS 75701",60,G006,associate,False
P003570,Joel Garcia,(399)632-8999,"247 Brittany Avenue, Davidchester, NC 98047",38,,,False
P003877,Jonathan Clarke,778-550-6315x8628,"19164 Graham Stravenue, Longhaven, HI 79373",20,,,False
P003903,Stacey Mcmillan,(517)629-6717x8454,"2433 Nelson Path Suite 423, Port Haileyside, NM 74797",33,,,False
P000557,Janice Hernandez,+1-296-787-2258x937,"2350 Ware Shore, Karlafurt, MS 95880",37,G007,member,False
P003390,Sarah Greene,001-261-613-0144x441,"USCGC Schmidt, FPO AE 56374",57,G010,member,False
P000505,Felicia Wood,437-776-9366x3439,"611 Christopher Street Apt. 286, Mosleyberg, AR 00774",62,G005,member,False
P002747,Andre Williams,001-494-436-5960x75454,"69434 Anderson Springs Suite 932, Port Markshire, UT 76333",45,G007,associate,False
P003306,Joseph Davis,(295)465-6566x63308,"USNV Lewis, FPO AE 13864",37,G006,member,False
P002728,Toni Fleming,(636)353-7558,"4249 Joseph Path, Melissafurt, DE 66980",24,G008,associate,False
P001056,Brian Collins,661.816.8611,"PSC 3611, Box 8926, APO AP 98587",29,G006,member,False
P002946,Debra Villarreal,+1-471-431-4396x92619,"PSC 7930, Box 7504, APO AA 44218",42,G006,member,False
P000903,Stephen Vega,243.659.6985,"566 Todd Inlet, East Malloryview, MH 23824",50,G003,member,False
P001149,Thomas Day,541-701-0427x974,"01818 Carr Road, East Susanshire, IA 48959",30,G009,associate,False
P003139,Sara Johnston,332-225-5600,"7836 Hensley Mountain Suite 826, East Dustin, OK 86677",27,G009,associate,False
P004268,Ashley Perez,6673255481,"98158 Gregory Prairie, West Davidport, MN 49873",44,,,False
P001338,Alicia Foster,(982)719-6087,"737 Wright Radial, Bryantshire, SD 68064",35,G008,member,False
P000657,Eileen Ibarra,7766487177,"0658 Amanda Mill, Port Erica, SC 19943",48,G007,member,False
P000120,Kevin Ford,370-899-9173,"22356 Thomas Wall Apt. 175, West Cynthia, AL 59752",35,G010,member,False
P004311,Sara Castillo,220-930-2334,"741 Donald Alley Suite 778, Pughmouth, MO 88085",19,,,False
P001782,Destiny Richardson,496.285.2768,"24661 Stephenson Tunnel, New Lindatown, GA 01550",40,G002,lieutenant,False
P000433,Chad Hurley,2148843991,"36266 John Keys Apt. 342, Martinezshire, TX 20403",32,G003,boss,False
P004723,Brenda Ibarra,001-237-240-2804x8242,"7539 Alexander Island Apt. 521, Ashleyview, SC 98957",54,,,False
P002867,Christopher Perez,824.588.6359x221,"361 Harris View Suite 995, South Melissa, NY 71275",27,G007,member,False
P002703,Kathryn Hardy,+1-928-917-2724x334,"8443 Cooley Valley, Lake Angela, FL 44603",49,G003,member,False
P003086,Daniel Hill,5165633139,"1798 Green Place, West Amy, NM 40894",43,G006,lieutenant,False
P004459,Mitchell James,(629)397-6157x43562,"52104 Huang Locks, Sheaview, MA 71835",25,,,False
P000867,Samantha Walters,6624007302,"PSC 6249, Box 7537, APO AP 83739",26,G007,associate,False
P000997,Julie Wilson,(666)303-2358,"95599 Mcdonald Forks, Cordovashire, ID 79359",37,G007,member,False
P000987,David Stanley,796-555-2391x7033,"PSC 0499, Box 9266, APO AA 28608",25,G007,member,False
P002215,Heidi Garrison,216-243-3982x88367,"88682 Cross Overpass Apt. 988, Morrowborough, AR 90528",52,G005,lieutenant,False
P003507,Tonya Kelley,(519)280-0937,"1327 Sandy Square, East Stephanie, MA 89729",22,,,False
P004306,Megan Salazar,727-861-0669x7481,"74382 Franklin Islands, New Jessicamouth, FL 24808",29,,,False
P004879,Stephanie Berry,(344)884-3457,"493 Brown Ridges, Mckinneyborough, ME 40716",60,,,False
P004326,Richard Wolf,(361)826-5165x53202,"5564 Wells Mill, East Willie, WA 87796",33,,,False
P004216,Daniel Walker,425-611-4550x33985,"4001 Rocha Plains Suite 871, Scottshire, MP 11007",31,,,False
P001913,Laura Flynn,7489881987,"927 Christy Divide, Port Jackie, OK 71214",28,G003,member,False
P004482,Emily Kelley,(368)970-5865x471,"71304 Davis Highway Apt. 089, Martinezburgh, OH 60545",44,,,False
P002757,Michael Fox,371-993-2257,"506 Rodriguez Motorway, Pereztown, IL 52291",37,G007,associate,False
P001235,Taylor Miller,975-649-4495,"884 Melissa Trafficway, Nicholashaven, DE 48615",25,G005,associate,False
P004463,Matthew Chen,593.369.5242x411,"529 Paul Unions, Joycechester, NJ 57780",63,,,False
P003264,Melinda Reynolds,384.429.1846,"245 Judy Heights, Lake Lorichester, GU 48797",58,G004,associate,False
P002040,John Valdez,(985)992-2220x0659,"4201 Jason Heights, North Jennifer, VA 72518",54,G010,associate,False
P000524,Brian Torres,001-564-549-3699x95167,"7385 Perez Points Apt. 119, East Robert, AZ 27365",29,G004,member,False
P004543,Scott Campbell,001-696-557-8168x205,"58801 Elizabeth Shoal, New Robert, AL 02145",27,,,False
P003964,Gary Adams,001-348-641-3529x664,"18156 Huff Islands Apt. 441, Johnmouth, PW 17114",46,,,False
P004053,Mitchell Gonzales,+1-587-506-7070,"74768 Conner Hill Apt. 102, New Patrickborough, AS 69454",51,,,False
P003215,Lawrence Dunlap,4478669459,"09095 Jason Forges Suite 314, Josephchester, PW 11696",25,G005,boss,False
P002343,Amber Hopkins,+1-873-932-4715x258,"031 Carroll Tunnel, Port Abigail, ND 67356",20,G003,associate,False
P003379,Samantha Brennan,979.820.6380,"90064 Emily Trail Suite 282, New Laurie, IN 77324",57,G009,associate,False
P000587,Jessica Gomez,5787327488,"79624 Nicole Manor Suite 966, Lake Joseph, RI 56771",37,G007,associate,False
P002917,Steven Kirby,(421)847-1195,"30677 Christine Street Suite 447, Michaelchester, NC 88519",33,G007,associate,False
P000800,John Williams,001-812-335-0368x715,"9780 Jesse Hollow Suite 568, Josefort, OK 38963",29,G010,lieutenant,False
P003908,Jessica Williams,636.236.1407x252,"1699 Davis Junctions, West Jerome, UT 73204",55,,,False
P004867,Mark Gonzalez,001-480-988-5147,"298 Ryan Park, Nguyenmouth, VT 80172",52,,,False
P003553,Joseph Moore,+1-481-407-3367x33391,"6271 Lori Alley, Port Teresafort, CT 90638",27,,,False
P003008,Rebecca Chen,368-551-4237x04855,"436 Jones View, East Michaelhaven, VI 93882",44,G008,associate,False
P003907,Briana Brown,9902883759,"53717 Edwards Cove Apt. 963, Pollardfort, DC 35420",24,,,False
P002866,Jonathan Moore,342.759.4373x5918,"Unit 8084 Box 9947, DPO AA 82906",44,G006,member,False
P002697,Krista Walker,001-711-498-9683x540,"0605 Parker Fords Apt. 900, Staceyshire, CA 44292",29,G007,member,False
P001951,Joshua Walker,525-647-0997,"0540 Villanueva Loop, Karenfort, DE 85666",58,G001,member,False
P003816,Patrick Shah,(366)341-6342x3097,"USNV Howard, FPO AP 36078",30,,,False
P004298,Deborah Thomas,240-631-3453,"PSC 7337, Box 7674, APO AP 59946",28,,,False
P000334,Suzanne Gutierrez,+1-860-253-8444x4630,"8955 Susan Meadows, New Teresa, ID 81276",60,G004,member,False
P003253,Paul Reyes,+1-341-817-7449x40136,"9911 Madison Stravenue Apt. 128, Lake Scott, FL 46276",29,G003,member,False
P002510,Sara Macdonald,203-501-6404,"Unit 7621 Box 1880, DPO AA 80860",54,G010,member,False
P004551,Mr. Philip Martin,939.531.2089,"8051 Anderson Junctions Suite 051, Valeriefurt, SD 10756",41,,,False
P001640,Mario Hall,001-427-824-4522x7594,"722 Curtis Island, Johnmouth, AR 13127",47,G010,lieutenant,False
P001985,Darren Johnson,9227874089,"Unit 7842 Box 3518, DPO AP 05486",45,G005,lieutenant,False
P002486,Ronald Wood,562.374.8187,"97642 Rios Terrace Suite 851, South Cameron, UT 87717",32,G006,member,False
P000957,John Kerr,848-233-0958x72383,"5792 Dennis Oval, West Judithside, MA 66058",51,G007,member,False
P001820,Michael Mcconnell,+1-257-487-3516x832,"113 Vincent Circle Apt. 149, North Jenniferside, KS 58545",23,G010,boss,False
P003768,Ashley Holden,483.574.6438x0367,"154 Calhoun Unions Apt. 601, Justinhaven, WY 21047",21,,,False
P001334,Terry Smith,926.909.7962x9145,"0985 Catherine Course Suite 473, Grahamborough, RI 58332",58,G004,associate,False
P003531,Sean Davis,281.428.8614,"5749 Stevens Summit Apt. 880, West Kevin, KY 02949",28,,,False
P004041,Deborah Houston,662.408.1920x5785,"2501 Kevin Place, Russellborough, GA 18549",29,,,False
P000188,Lisa Edwards,981.679.2171,"3329 Durham Lock Apt. 557, Johnsonfort, DE 46565",31,G008,associate,False
P001476,Barbara Bird,001-326-877-5046,"843 Reed Plain, Muellerburgh, AL 19137",46,G006,associate,False
P002596,Richard Thompson,001-426-417-5154x188,"USCGC Johnson, FPO AE 09389",52,G006,associate,False
P000069,Angela Griffin,001-451-791-0883x982,"39718 Stokes Motorway Apt. 867, New Stevenport, VA 03354",36,G009,member,False
P001320,Sheila Nguyen,001-745-292-1185x723,"3779 Taylor Spring Apt. 896, Kellyshire, RI 65180",22,G010,member,False
P002614,Arthur Wright,(888)957-0158,"2630 Emily Lodge Suite 980, East Dawn, NV 94862",56,G004,associate,False
P003353,Tamara White,001-456-556-3597,"368 Cindy Run, Tonishire, GU 98807",55,G003,associate,False
P000770,Matthew Rodriguez,+1-960-947-2205x3970,"USNV Dawson, FPO AA 63448",59,G010,associate,False
P002705,Deborah Farrell,264-995-6656x602,"5130 Rodriguez Terrace, South Jessica, LA 93119",38,G005,member,False
P001693,Gabriela Martin MD,001-220-859-6425x4978,"96034 Gaines Forges Apt. 160, West Normanmouth, IA 74707",43,G003,boss,False
P002110,Abigail Burnett,8905729485,"3139 Goodman Spurs Suite 338, Cookfort, AK 15959",59,G010,member,False
P001947,Kelly Page,(787)761-9075x05611,"74981 Pope Rest, Blackwellland, MN 73220",20,G007,member,False
P002699,Michelle Moore,001-404-324-5797x27313,"293 Stephen Forest, Katiemouth, MP 23058",57,G009,associate,False
P002811,Timothy Calderon,7267356887,"06291 Greene Meadows, Huangside, ID 19115",59,G001,member,False
P002533,Alexandria Krueger,(409)482-2162x593,"074 Alyssa Greens Apt. 623, West Deborah, DC 67330",29,G003,member,False
P001852,David Davis,741.746.5545x1233,"9156 Lee Spurs Apt. 633, Espinozahaven, MO 44118",30,G002,associate,False
P004093,Michelle Allen,479.962.8771,"23216 Ryan Overpass, Powellshire, TX 07410",54,,,False
P001019,Emily Oliver,278-387-2820x63228,"Unit 2698 Box 0446, DPO AP 55431",43,G009,member,False
P003797,Tina Reyes,339-221-1921x3309,"6803 Thomas Keys Suite 113, Lake Kristenport, WA 08209",24,,,False
P003078,James Weaver,+1-911-298-3103x052,"184 Mack Station Suite 380, Mosleystad, MI 36310",63,G008,lieutenant,False
P002865,Jennifer Fleming,+1-569-644-6551x7372,"238 Matthew Junctions, Ryanborough, NJ 93053",58,G005,member,False
P004559,Anthony Little,001-401-793-3381x8058,"15083 Little Vista, East Pamela, NJ 82173",26,,,False
P002174,Steven Simmons,300.743.3590,"75569 Atkinson Greens Suite 735, Lake William, VA 89557",28,G004,associate,False
P004884,James Smith,+1-737-419-8375,"436 Garcia Prairie Apt. 073, Harringtonberg, MN 44639",37,,,False
P002466,Heather Andrews,+1-744-909-0025,"3130 Eric Valleys Apt. 373, Kevinstad, SC 31012",64,G006,member,False
P000106,Keith Thomas,578.542.7010,"59325 Samantha Vista Suite 002, Port Daniel, NC 48327",49,G006,member,False
P000569,Juan Thomas,(655)639-8358,"773 Lindsey Highway Apt. 095, Michelleshire, AS 65790",47,G009,associate,False
P003712,Hayley Gibbs,(485)902-4715,"PSC 6366, Box 8709, APO AP 77110",53,,,False
P001646,Brian Owen,+1-692-720-6829,"84571 Berry Spur, Port Annehaven, CO 56497",47,G006,member,False
P002861,Tamara Riley,+1-717-792-2939x890,"7770 Watson Valley, Port Sandramouth, CO 70672",39,G001,member,False
P001872,John Chung,(266)740-3075,"640 Brian Mission, North Barbaramouth, RI 49763",49,G002,member,False
P000013,Nancy Gonzalez,(415)595-1484x65648,"299 Sullivan Village Apt. 443, Floydmouth, NH 58406",62,G003,associate,False
P000411,Holly Douglas,(937)534-1517,"7574 Wheeler Trace Apt. 284, East Nicoleshire, MN 94060",62,G001,member,False
P003303,Ralph Mendoza,471.718.8242x051,"06194 Sergio Ways, South Karen, CT 38048",48,G003,associate,False
P001353,Michael Lopez,+1-537-481-3267x273,"7674 Macias Isle, New Cynthiaport, WV 50937",27,G003,member,False
P001459,Angela Taylor,(633)449-2277x7085,"95543 Scott Turnpike, North John, SC 01049",40,G009,member,False
P000235,Alexander Williams,+1-527-420-6345x9112,"7724 Grace Views Suite 431, Richardsonfurt, FM 49957",37,G005,member,False
P002502,Mr. Robert Bennett,498.748.1172,"4815 Hayden Meadows Apt. 639, Lake Alicehaven, MA 46498",40,G002,associate,False
P001551,Angela Smith,267-774-3604,"43694 King Rapids Apt. 476, Lake William, CO 51745",26,G001,associate,False
P001633,Patrick Nguyen,827-393-3997x0214,"7610 Tammy Walks, Stanleystad, KS 39003",33,G003,member,False
P002725,Lorraine Garcia,001-632-803-6096x0337,"9072 Sara Rapids, Lake Justin, LA 56819",20,G005,member,False
P001480,Christina Barrett,741.676.2280,"PSC 7540, Box 1637, APO AP 05242",20,G010,associate,False
P003991,Gary Wood,4449104524,"USNV Grant, FPO AP 22434",62,,,False
P003346,Kimberly Cook,(717)657-5146,"8231 Ayala Mission Suite 110, East Michael, LA 39400",32,G006,associate,False
P001292,Joseph Stevens,(648)413-5376,"303 Allen Lakes, Lake Helen, PR 52553",59,G002,member,False
P001406,Karen Schultz,3104149262,"PSC 2400, Box 6138, APO AA 44362",61,G006,member,False
P002793,Miss Joanne Chapman DDS,482.276.9817x164,"3751 Aguirre Mountains Suite 842, Davidside, CO 57222",36,G003,member,False
P001519,Sandra Allen,683.801.8986x598,"4562 Shelton Lane, Smithborough, PW 21019",45,G009,member,False
P001379,Carolyn Taylor,001-622-532-0873x8570,"70858 Benjamin Ford, Williamsonville, IN 15129",63,G009,member,False
P004787,David Rice,(414)681-7926x59043,"38491 Sabrina Tunnel Apt. 049, Tracyburgh, IL 57370",47,,,False
P002476,Jessica Salazar,001-789-800-6180x20315,"PSC 7521, Box 6359, APO AE 82530",52,G006,associate,False
P003846,Benjamin Cohen,001-520-847-1324x3936,"270 Williams Green Apt. 561, North Joshua, NM 12514",65,,,False
P003101,Fernando Archer,239.851.5746,"083 Jackson Mews Suite 307, Lake Madison, OR 99210",57,G001,lieutenant,False
P001939,Kristen Edwards,(255)768-6222,"71056 Lewis Street Apt. 936, South Veronicafurt, KS 89568",27,G009,member,False
P001991,Grant Morris,(245)380-2331,"805 Jon Shoals Apt. 737, Rebeccaton, OR 75632",51,G001,associate,False
P001089,Donna Howard,+1-776-525-3847x6691,"7286 Taylor Hill Suite 859, East Tammyfurt, DC 80291",28,G009,associate,False
P003119,Colton Brown,644.921.4950x479,"4150 Williamson Isle Suite 326, Holderstad, WI 23154",42,G009,associate,False
P002131,Taylor Boyd,218-782-1076,"8704 Miguel Square Suite 769, Mendozabury, DC 49422",20,G001,associate,False
P004533,Janice Jackson,+1-583-392-5824x148,"29531 Bradley Harbors, Lawrenceshire, NM 29041",31,,,False
P004149,John Mason,001-283-763-0005x9186,"696 Stacy Common Apt. 725, West Thomasport, IN 42634",39,,,False
P003391,Ryan Foster,001-244-389-0659x3793,"57169 Perez Corners, Oliviafurt, OH 57541",47,G001,associate,False
P003698,Teresa Davis,883-987-8332,"77306 Jillian Locks Apt. 792, Smithport, NV 61642",63,,,False
P004170,Kathleen Payne,607.257.9270x3084,"Unit 7608 Box 5092, DPO AP 51496",42,,,False
P000865,Donna Mejia,465-778-9391,"88711 Fox Canyon Apt. 500, West Joseph, VT 84203",24,G005,member,False
P003453,Tracy Ali,001-342-335-0333x6564,"09270 Dixon Roads, Schmidtland, AZ 90081",62,G003,lieutenant,False
P004483,Alexandra Terry,+1-985-983-5139x74151,"9972 Zachary Dam, New Mariabury, AS 64719",41,,,False
P003233,Terri Haas,001-423-442-1543x8007,"798 Justin Points Suite 649, East Ronald, AR 33479",37,G003,member,False
P002386,John Livingston,(454)901-9731x1120,"3174 Christine Vista, New Ashley, TN 59512",50,G006,member,False
P002726,Lisa Fowler,202-631-9379,"07919 Willis Forge Suite 920, South Monica, TN 07625",37,G006,associate,False
P000030,William Hodges,001-817-424-0050x455,"222 Chelsea Light Apt. 792, South Dana, NH 33967",60,G010,lieutenant,False
P004319,Seth Robertson,403-438-9828,"3343 James Extension Apt. 629, South Dawn, KY 41801",41,,,False
P001090,Tina Miller,001-866-828-6603x49824,"65627 Underwood Hill, East Bryanstad, GU 65675",48,G010,member,False
P000251,Kelly Jones,856-626-0602x90846,"0489 Isabella Mission Apt. 899, Terryfurt, WI 26360",22,G001,associate,False
P000039,Renee Bruce,001-499-480-9402x44550,"20183 Barnes Junctions Apt. 545, North Ericton, TX 11194",58,G009,lieutenant,False
P000413,James Grimes,528.472.7601x5343,"357 Hudson Route, Port Juliehaven, MH 30434",36,G003,boss,False
P003116,Patrick Jenkins,5887403875,"2354 Griffin Ville Suite 383, Jimenezberg, WA 74857",55,G006,member,False
P004208,Elizabeth Novak,001-439-398-1829x0905,"Unit 3143 Box 6503, DPO AA 01690",55,,,False
P001988,Melissa Black,243-237-3140x2903,"91114 Travis Landing, Medinachester, GA 09919",20,G008,member,False
P001958,Matthew Fox,(316)766-3342x8091,"8249 Bryant Throughway, Ericaview, TN 75719",53,G008,associate,False
P000962,Maria Davidson,(647)296-0009,"573 Perry Heights Apt. 662, West Jose, FL 04833",23,G002,member,False
P002399,Melissa May,+1-931-232-1816,"6100 Anderson Circle, Casehaven, TX 46595",56,G009,lieutenant,False
P000122,Aaron Gross,454.321.6894,"7898 Hamilton Spur Apt. 575, East Stacy, PW 53374",53,G002,member,False
P001402,Benjamin Moore,4556326799,"837 Ralph Point Suite 793, Michelleland, AS 22975",50,G002,member,False
P004127,Jeffrey Howard,581-416-6921x87321,"3552 James Run, Hubbardburgh, MD 42317",58,,,False
P001134,Stephanie Good,368-697-4537,"Unit 3204 Box 3192, DPO AA 37463",36,G004,lieutenant,False
P000511,Jason Sims,576-979-9359,"94640 Billy View, Allentown, NE 06761",20,G001,associate,False
P003760,Linda Stephenson,331-728-0151,"60384 Conner Mountains Suite 741, West Patrick, MI 80691",21,,,False
P000352,Mary Torres,214-807-0349x1074,"42548 Stephanie Station, Douglasborough, NE 77207",38,G002,member,False
P004796,Edward Jacobs,+1-275-421-4721,"7251 Curtis Valleys, North Sherry, IA 68229",58,,,False
P000327,Teresa Williams,001-463-639-9129x710,"1752 Martin Harbors, Michaelland, HI 93647",55,G007,lieutenant,False
P000681,Monique Castaneda,517-215-9497x3449,"803 David Forge Suite 113, Port Dawn, PW 79258",40,G001,associate,False
P002607,William Crawford,001-536-946-5761x05272,"54778 David Extensions Suite 074, Knightborough, MA 67898",27,G007,member,False
P003473,Tammy Moore,+1-757-738-2407x93652,"206 John Circle Suite 791, West Derekmouth, MD 64237",65,G003,member,False
P004844,Mark Edwards,001-806-289-6591x65175,"98621 Tyler Shores Apt. 346, North Stevebury, CO 71076",23,,,False
P004868,Elizabeth Perry,780-701-6879x674,"1152 Houston Forest Suite 242, Davidview, MH 01677",19,,,False
P001806,Lisa Fuller,+1-548-608-6186x8304,"USNS Watkins, FPO AP 65510",23,G006,associate,False
P004885,Laura Moore,+1-797-835-1871x1166,"Unit 7040 Box 3068, DPO AP 03799",57,,,False
P001063,Amy Warren,308.394.1079x116,"4611 Bruce Ports Suite 542, Morganfort, IL 96402",37,G003,member,False
P004400,Samantha Bryant,001-600-762-8219x7729,"9898 Marcus Valley, New Donald, PW 32729",33,,,False
P003110,Donald Wilson,(382)473-1542,"65702 Adams Lakes Apt. 098, West Zacharyside, FM 49298",56,G010,associate,False
P003315,Gregory Moreno,001-326-596-3177x718,"21268 Nicole Estates Apt. 196, Shieldston, AZ 45700",37,G005,member,False
P000749,Jose Cook,001-278-560-4356x605,"6983 Anthony Orchard Suite 306, Haynesville, OH 18279",20,G009,member,False
P003072,Bradley Johnson,339-690-1635x875,"53009 Skinner Roads, Bernardview, ME 81689",35,G002,member,False
P000242,Lindsey Davis,323-661-0326x642,"492 Wade Village Suite 837, Mcclurefort, KY 74302",65,G002,member,False
P000824,Brandon Anderson,+1-874-952-7193,"6463 John Turnpike Apt. 074, Lake Valerieville, WY 76207",45,G004,lieutenant,False
P004847,Lawrence Cochran,(863)292-4952,"43102 Andrew Forest, East Melindafort, ID 40707",37,,,False
P000871,Tammy Estrada,+1-403-280-1625x85150,"28143 Perez Circles Apt. 794, Port Jeffrey, NM 81823",62,G001,member,False
P003467,Beverly Williams,(650)885-6918x759,"22168 Amanda Spring, South Gregoryfort, IA 94870",63,G007,lieutenant,False
P004732,Dr. Heather Mendoza,+1-224-490-6365x90930,"062 Jeffrey Shore, Lake Tiffany, TX 29835",22,,,False
P001846,Monica Spence,908.966.5748x659,"776 Lewis Shores Apt. 075, Lake Lisahaven, DC 25685",63,G006,member,False
P000452,Brian Hall,(909)806-9130x9810,"3794 Baird Roads Suite 727, Jeffreyport, SC 96311",43,G002,lieutenant,False
P004930,Bonnie Bryant,001-588-400-8590,"69553 Sean Via, Cathyfurt, MS 77243",46,,,False
P004653,Christopher Perez,001-650-563-5026x457,"0520 April Estates, Michaelmouth, WI 32994",25,,,False
P001993,Barbara Baker,+1-857-871-8074x9223,"141 William Ville Apt. 745, Hillchester, MI 76720",64,G003,boss,False
P000812,Cody Shaw,950-252-2411x42066,"5992 Cody Wall, Colemanbury, IL 97518",47,G002,associate,False
P000551,Larry Smith,736-838-5277,"1844 Watkins Stream, Port Beth, AR 18962",40,G001,member,False
P002884,Tiffany Floyd,(656)671-9201x248,"544 Melissa Lane, New Brittanyfort, UT 71981",37,G004,associate,False
P004188,Frank Haas,708-268-3938x3983,"0033 Anthony Drive Suite 394, Stephensmouth, VT 58823",45,,,False
P004331,Michael Horn,254.689.5286x22035,"9222 Valdez Underpass, South Shaneberg, AK 78627",25,,,False
P003637,Donald Kennedy,001-897-912-7767x2710,"76836 Paul Parkways Suite 622, South Danielleshire, IL 94877",23,,,False
P003911,Corey Clark,+1-522-789-4129x8765,"847 Kelli Shore Apt. 177, Martinezburgh, TN 63928",31,,,False
P001766,David Alvarado,(504)251-9908x1873,"632 White Ford Suite 369, Brianborough, FL 85565",49,G006,associate,False
P003003,Alexandra Torres,480.719.2763x78628,"41452 Jonathan Avenue Apt. 406, Port Alexa, ND 55086",32,G003,associate,False
P003694,Megan Thompson,708-743-2344x97275,"0916 Timothy Tunnel, Susanchester, AK 80235",44,,,False
P002681,Travis Bernard,263-218-9275,"53900 Calhoun Station, Oconnellfort, VT 93254",19,G001,associate,False
P001708,Robert Odom,001-289-365-7549x20398,"619 Rachel Spring Suite 701, Nancyville, CO 47180",39,G008,lieutenant,False
P002151,Henry Gilbert,001-207-774-6743x34097,"33343 Tina Mountains, Lake Tommy, LA 82079",62,G001,member,False
P001712,Nichole Gutierrez,628-995-4058x4743,"972 Cook Rest, Gainesside, OR 71699",19,G002,member,False
P003536,Roy Knight,(830)675-0491,"0899 Howard Freeway, Reedside, PW 81191",36,,,False
P003170,Jimmy Good MD,871-404-3410,"9231 Kaiser Summit Suite 114, Simonhaven, NY 17400",59,G010,lieutenant,False
P003663,Robert Gaines,267.658.0552,"797 Michael Manor, North Charlestown, PW 66379",23,,,False
P000397,Derrick Ray,001-402-482-4983,"42576 Steven Shoals, East Nicole, ME 40809",33,G007,lieutenant,False
P000007,Dr. Steven Martin,5646746872,"805 Brendan Neck, North Susan, CO 24857",20,G007,boss,False
P004293,Daniel Adams,001-758-717-5974,"90887 Wong Flat, West Davidview, PA 07279",45,,,False
P003344,Brittney Stephens,001-388-615-9061x92922,"476 Jones Wall Apt. 141, New Colleenfort, ND 29665",24,G004,associate,False
P003900,Marcus Clark,(627)679-7588x706,"02375 Anthony Mission, Wolfmouth, MS 02256",50,,,False
P000027,Kari Johnson,+1-393-424-8086x1317,"467 Sanchez Plaza Apt. 639, Port Chad, WI 54888",57,G007,associate,False
P003479,Samantha Dixon,(441)779-4652,"523 Hayley Forges, West Christopherbury, HI 65298",51,G009,member,False
P002864,Kathryn Taylor,(494)855-4697,"4839 Garcia Mission, Patriciaburgh, IL 07107",61,G004,member,False
P004103,Michael Gutierrez,001-826-681-3246x974,"838 Elliott Underpass Apt. 025, South Samuel, VT 59922",53,,,False
P004220,Elizabeth Barajas,370-348-5435,"791 Anderson Island Apt. 042, Amystad, FL 13166",37,,,False
P004332,Christopher Williamson,001-565-918-8237x9379,"PSC 1078, Box 3806, APO AE 27589",51,,,False
P003929,Jordan Roberts,+1-969-997-9368x728,"07189 Smith Meadows Suite 647, Wallshire, MT 12513",61,,,False
P001102,Teresa Mccormick,681-416-5955x859,"9313 Lee Spurs, Rogersfort, HI 64577",29,G002,associate,False
P004493,Alexandra Trevino,+1-203-394-6057x2940,"3865 Smith Overpass Suite 097, Spenceborough, WI 23338",57,,,False
P003336,Vincent Byrd,6202053316,"658 Kelly Mission Suite 519, Lake Coryview, OK 78885",19,G006,member,False
P001411,Arthur Swanson,+1-381-642-0768x17006,"723 Myers Street Apt. 054, Port Stephenland, MD 05450",64,G001,lieutenant,False
P003267,Mark Garcia,001-338-650-9818,"5337 Jessica Radial Suite 433, West Jared, KY 09795",60,G007,lieutenant,False
P003182,Tiffany Cooper,849.226.2777x3023,"0875 Daugherty Parks Apt. 992, Port Reneeland, TX 64075",20,G002,member,False
P002346,Monica Snow,(430)291-2707x366,"Unit 6272 Box 4470, DPO AP 76717",35,G006,member,False
P002606,Amy Mcguire,(225)595-3454x7972,"561 Griffith Rapid Apt. 750, West Angelaville, WV 88785",41,G006,member,False
P004349,Tina Clements,888-375-6013x6401,"0217 Mcclain Way, Jonesshire, IL 06684",33,,,False
P000365,Brandon Smith,(789)700-3010x27240,"2967 Diane Club, Shawnaborough, NM 92940",37,G005,member,False
P002981,David Henderson,9383090131,"80363 Jeffrey Greens Suite 921, East Janicehaven, TX 65101",23,G001,associate,False
P003083,Eric Cruz,225.529.5691,"154 Chavez Station Suite 818, Traceytown, DE 21946",48,G003,lieutenant,False
P004683,Ariana Singh,902-529-3984,"56838 Anthony Springs Suite 678, Sophiaport, VT 90330",54,,,False
P003007,Kimberly Williams,852.933.5549x920,"93344 Emily Land, Port Markburgh, NM 55732",31,G007,associate,False
P001262,Daniel Schultz Jr.,001-713-224-5275x6719,"56878 Stephen Cliff, Lake Michele, MO 43723",64,G002,lieutenant,False
P003495,Judith Newman,+1-215-359-0053x7613,"2080 Nelson Estates Suite 167, Lake Catherine, OK 16230",61,,,False
P001568,Amy Christensen,(256)624-1266x768,"USNV Carroll, FPO AA 63923",64,G008,member,False
P004176,Tiffany Jackson,001-541-363-4345x7746,"02554 Baker Light, Sheilaborough, TN 21300",62,,,False
P002184,Rebecca Wallace,324.856.6363x05128,"963 Teresa Gardens Apt. 385, Piercebury, MO 75357",62,G004,associate,False
P003572,Lori Peterson,+1-415-996-6849,"2254 Johnson Trace Suite 983, Terrimouth, NH 70319",27,,,False
P001238,Derrick Perry,(469)361-0696x37491,"065 Roger Vista Suite 715, North Danielburgh, MD 00792",31,G008,member,False
P002834,Shannon Martinez,7733552784,"53883 Blake Springs, Sheppardmouth, ND 85778",28,G004,boss,False
P003957,Casey Stevenson,426-478-8955x38334,"41788 Alex Stream, West Barbara, KY 28245",42,,,False
P001749,Tammy Reilly,792.424.4556,"48944 Jake Unions, Dianamouth, MO 74426",29,G009,member,False
P003399,Brian Randolph,(389)727-9308,"USNV Johnson, FPO AP 56199",61,G009,lieutenant,False
P000680,Hannah Marquez,216-218-5759x17105,"7744 Hall Lakes, West Kelsey, ME 57957",37,G010,member,False
P001733,Jennifer Thomas,001-697-567-6213x54561,"Unit 1538 Box 3489, DPO AP 93984",48,G003,lieutenant,False
P000774,Mary Scott,392-305-4894x453,"896 Soto Pines, West Olivia, PR 37593",60,G004,associate,False
P004092,Joe Mitchell,982.459.3632x80525,"PSC 3851, Box 3289, APO AP 41296",25,,,False
P004748,James Powers,449-294-9717x7104,"33435 Brown Key Suite 160, Jacksontown, UT 04235",36,,,False
P002401,Michael Warren,325.595.7485,"9933 Richardson Plaza Apt. 388, New Tracyfurt, OR 33633",61,G001,associate,False
P002893,Matthew Hall,863-517-8902x3673,"178 Harmon Brook Apt. 745, New Jennifer, IA 17787",40,G003,member,False
P001629,Taylor Johnson,6202896760,"USCGC Thomas, FPO AE 13161",27,G009,member,False
P001575,James Holland,(350)447-2553x10737,"50845 Kevin Brooks Suite 096, West Katie, IN 31275",33,G005,associate,False
P004019,Tracy Burnett,001-288-970-1407x3878,"174 Neal Club, Aprilshire, RI 56876",43,,,False
P002640,Christopher Torres,+1-361-250-8551,"06154 Davis Island, Medinaton, IA 82650",49,G010,member,False
P004262,James Boyd MD,+1-279-617-1064x513,"66625 Joel Ramp Apt. 037, Jefferystad, PW 18116",33,,,False
P003158,Sheena Fischer,001-986-766-9617x027,"07248 Leslie Terrace, Mendozatown, CT 03929",38,G008,member,False
P000479,Dawn Pierce,(835)571-5586,"137 Mary Terrace Apt. 081, Thomasland, UT 40681",50,G009,member,False
P000051,Evelyn Williams,+1-252-677-2217,"54868 King Terrace, West Michael, WI 06766",59,G001,member,False
P000662,Robert Moore,(492)206-1658x129,"94115 Robinson Drive, Leslieshire, MO 30987",53,G002,lieutenant,False
P003447,Patrick Ferguson,+1-631-209-0692x9512,"900 Brandi Gardens, West Tanya, CA 14058",19,G007,associate,False
P002715,Jasmine Walton,001-891-816-1646x6632,"829 Gordon Row, Reyesberg, LA 49059",55,G005,member,False
P002369,Dana Arnold,713.964.9036,"93190 Benjamin Corner Suite 540, Katherineview, LA 68136",19,G009,associate,False
P002467,Michael Strickland,2165478506,"865 Jones Curve, Port Jessicafurt, MD 34601",55,G007,associate,False
P001014,Logan Mercado,001-235-255-5702,"1364 Giles Turnpike Suite 947, Rodriguezburgh, CT 72723",25,G004,member,False
P004769,Cassandra Collins,903.346.3192,"570 Munoz Ports, Orozcoborough, VA 18591",42,,,False
P000604,Lynn Powers,+1-776-810-8143,"38453 Brittany Throughway Apt. 746, East Leslie, MT 77663",59,G004,member,False
P002790,Caleb Young,5395949201,"2289 Miles Court, Port Keith, DC 48969",43,G010,associate,False
P004185,Alexandra Pearson,349-340-9492x2616,"9239 Jaime Greens Apt. 541, New Dianeburgh, NC 25147",57,,,False
P004174,Paige Scott,001-293-418-9683,"465 Browning Unions, Haynesport, NH 15852",49,,,False
P001071,Stephanie Garrett,3479371985,"USCGC Fernandez, FPO AP 82792",43,G001,member,False
P000606,Brandon Davis,640.978.5169,"8366 Kelly Divide, Fergusonshire, OK 82005",25,G006,member,False
P002644,Charles Rodriguez,+1-294-526-0320,"91542 Franklin Squares, New John, OR 92023",43,G004,lieutenant,False
P002727,Sarah Ray,001-678-505-5014,"67051 Gina Centers, Edwardsmouth, ID 46946",31,G007,lieutenant,False
P004725,John Aguilar,681.650.6767x8571,"265 Knox Haven, East Brandon, VA 21055",31,,,False
P000116,Corey Whitaker,9308705345,"035 Wheeler Fall, Matthewsstad, MI 21933",43,G006,lieutenant,False
P002771,Tracey Mills,(698)798-9208x582,"16307 Jared Ranch, Shawnstad, CA 17844",38,G001,lieutenant,False
P002895,Mario Kim,+1-355-293-6654x552,"544 Young Plains Suite 183, New Martin, AS 05072",56,G005,lieutenant,False
P003771,Mr. Bradley Ellison,577-579-5124x17984,"04192 Juan Lake, Lake Feliciafurt, KS 35725",44,,,False
P001481,Joshua Spencer,+1-317-239-3396,"656 Derrick Circle, Mitchellview, VA 54082",40,G001,member,False
P003331,Kevin Briggs,767.894.3395,"14490 Steven Dam, Zacharyborough, VA 76516",47,G001,member,False
P004940,Jonathan Morris,+1-850-678-6329,"USNS Ryan, FPO AE 86958",24,,,False
P001957,Jennifer Morgan,(694)791-9978x5134,"296 Crawford Overpass, Bonnieberg, ND 27893",34,G007,lieutenant,False
P004709,Martha Tucker,001-383-880-1888x483,"25683 Hill Walks, Rebeccaburgh, TX 63868",47,,,False
P001011,Amanda Mcbride,835-798-3985x907,"8375 Wade Union Apt. 678, Wendyborough, ME 89261",42,G001,member,False
P003014,Elizabeth Sweeney,889.566.5367,"872 Sherman Knoll, Reidville, WY 73479",50,G004,member,False
P003638,Kaitlyn Green,620-899-7236x5878,"913 Johnson Roads Apt. 241, New Sheriberg, CO 10733",50,,,False
P001579,Christopher Hoffman,+1-436-861-6201x72951,"86961 Melissa Brooks Suite 039, Lake Ashleyfort, MO 63862",18,G009,associate,False
P002667,Michael Quinn,(874)453-7956,"692 Kurt Mission, Angelaborough, AZ 31589",55,G007,associate,False
P004607,Cory Gonzalez,549.852.2349,"586 Harrison Expressway, Georgeport, WA 23353",26,,,False
P003770,Kimberly Murray,001-538-334-1381,"5681 Jennifer Islands Suite 018, West Jasonhaven, FL 77721",41,,,False
P001509,Catherine Russell,586.216.3386x381,"USNS Garner, FPO AA 17517",23,G009,associate,False
P002821,Cheryl Perkins,(358)822-8300x94634,"USNV Stewart, FPO AP 87440",27,G001,associate,False
P004760,Jack Ward,(429)787-7842,"452 Jackson Loaf, New Aaronport, MS 44785",26,,,False
P002002,Anne Stevens,(882)307-9077,"PSC 2561, Box 6640, APO AE 72887",61,G002,member,False
P003934,Natalie Allen,329.707.0581x0064,"332 Henry Mountains, Sanchezville, LA 23951",45,,,False
P002088,Jeffery Thompson,285.328.5794,"1506 Davis Plains Apt. 167, Gonzalezhaven, AR 73835",53,G008,lieutenant,False
P004295,Dr. Stephanie Spencer,515-716-4520,"798 Yu Springs, East Charleston, PA 05965",59,,,False
P003977,Stephanie Young,001-934-823-3551,"503 Blake Corner, Michaelmouth, ME 85650",61,,,False
P003079,Paula Cook,+1-255-986-4452x6465,"34191 Hernandez Points, Joshuabury, MN 64580",54,G009,associate,False
P004599,Adam Evans,2782432067,"2970 Alexander Trace, Angiemouth, MD 25992",55,,,False
P004368,John Wilson,9837214310,"7487 Rivera Pike Suite 825, East Deborah, NV 17230",52,,,False
P001788,Alex Lopez III,541-805-2696,"USNS Marshall, FPO AE 96230",62,G008,member,False
P003126,Stuart Pollard,251-892-7541,"834 Hernandez Islands Apt. 419, North Danielfurt, NY 73653",63,G006,lieutenant,False
P000796,Melissa Cameron,001-637-781-5915x7908,"68384 Jenkins Pine Apt. 207, Millerbury, OR 52818",51,G006,associate,False
P000666,Michelle Graham,(621)432-0410,"47891 Thomas Ridges, Hernandezchester, OR 80377",64,G006,associate,False
P002317,Allen Gonzalez,(319)614-4238,"32741 Scott Glen Apt. 255, Port Derek, CA 82251",50,G007,associate,False
P004386,Jay Scott,295-677-0244,"967 Michelle Gateway, Sparksview, CT 08389",21,,,False
P004791,Mr. Michael Patterson DDS,+1-548-408-3149x70915,"82889 Thomas Squares, North Bryanmouth, MA 26561",61,,,False
P000160,Eric Lloyd,(470)551-2046x187,"PSC 4601, Box 3673, APO AP 04893",41,G010,associate,False
P001675,Dean Green,685.363.3759,"870 Ann Corners Apt. 133, Bishopburgh, IL 26982",22,G005,member,False
P000292,Bryce Schmidt,001-735-279-7863x050,"Unit 5739 Box 7691, DPO AA 56588",49,G002,associate,False
P004260,Renee Cole,(252)503-4755x1723,"76187 Christine River, Philipview, MS 87858",47,,,False
P003875,Debra Franklin,677.374.7142x2724,"2308 Michelle Gateway, Wilkinsonport, MT 92469",25,,,False
P001261,James Cortez,+1-647-728-1326x598,"790 Elizabeth Rapid, Vanessatown, MP 29981",40,G001,lieutenant,False
P002006,Christopher Johnson,764.723.8223,"412 Bonilla Shoal, Lopezville, FL 97600",43,G006,lieutenant,False
P001574,Kara Jennings,353-386-1151,"PSC 6271, Box 4359, APO AE 35005",21,G004,member,False
P001529,Susan Anderson,826-673-7110x70686,"47359 Patterson Port Suite 374, West Gerald, NH 58730",45,G009,associate,False
P003041,Jacob Meza,864.600.6964x6901,"370 Kayla Rue, Chadstad, CA 96772",38,G001,associate,False
P004859,David Garcia,+1-371-705-1086x033,"010 Morgan Green, Elizabethville, NH 13203",29,,,False
P001704,Jonathan Jimenez,432-202-0613,"6744 Gregory Summit Suite 807, New Bryan, PW 39728",22,G004,associate,False
P001658,Nancy Garrett,334.430.7182,"063 Suzanne Cliff Suite 781, Lake Lindatown, ND 08463",33,G008,member,False
P002013,Daniel Brown,001-275-341-3263,"89229 Bradley Drive Apt. 133, Johnsonmouth, WY 92267",58,G003,member,False
P001533,Alex Russell,442.793.2683x4870,"908 Bailey Pine, South Donald, NJ 27466",41,G003,lieutenant,False
P002972,James Manning,688.929.3144x879,"USNS Anthony, FPO AA 97372",56,G002,member,False
P002992,Kayla Mcbride,645.492.0213,"3383 William Falls Suite 353, Davidmouth, IA 58212",51,G002,associate,False
P002051,Stanley Wheeler,907.431.3972,"30423 Lambert Parkways Apt. 900, Limouth, RI 56455",65,G001,member,False
P003530,Amber Perez,+1-315-754-2602x676,"331 Joseph Unions, Stephenfurt, MD 81757",37,,,False
P000053,Jeremy Acosta,(996)240-1658x202,"556 Cassie Springs, Rushstad, NV 10578",65,G003,lieutenant,False
P004728,Mario George,558.215.2176x00926,"6402 Brianna Fall, Port Bonnieview, PA 93150",36,,,False
P003821,Jesse Mckinney,836.733.0199,"7468 Johnson Courts Suite 261, Laurahaven, DE 41539",52,,,False
P000634,Jennifer Richard,(313)607-4235,"0489 John Estate, Velasquezport, WI 42016",19,G004,member,False
P000802,Michael Torres,(733)624-1651,"0734 Norton Vista Suite 462, West Juliashire, MI 71905",28,G002,associate,False
P004978,Jennifer Martinez,+1-603-812-8000x85300,"776 Karen Summit, South Brittanyport, ID 68891",57,,,False
P002929,Matthew Miller,+1-425-958-0817x86977,"51103 Haas Knolls Apt. 995, West Walter, AR 03929",64,G009,member,False
P004438,Kaitlin Soto,468-200-6421,"055 Patrick Cliff Suite 561, South Brent, MN 99443",65,,,False
P001365,Jason Perez,+1-451-476-3524x130,"1066 Newton Brooks Apt. 492, West Nicole, NV 58670",59,G005,associate,False
P000295,Emily Lawrence,566.355.2899,"2437 Hernandez Haven Apt. 095, Wayneville, KY 93106",61,G005,member,False
P001970,William Arnold,001-913-492-2230x42103,"PSC 4879, Box 3701, APO AE 30876",61,G010,member,False
P002483,Alexis Davis,(595)758-4457,"71491 Daniel Greens Suite 527, Brianview, MI 57098",48,G003,associate,False
P004467,Ana Tran,(431)213-0112x6032,"372 Michael Mall Suite 759, East Jennifer, CT 80880",61,,,False
P001537,Ellen Freeman,001-654-961-4119x101,"298 Shelia Island, Juantown, TX 13483",64,G007,member,False
P001161,John Smith,+1-584-794-9996,"621 Amy Branch Suite 951, Andreastad, KY 98575",18,G001,member,False
P004962,Cheryl Morgan,+1-397-794-6816x212,"7482 Rose Park, Berrymouth, MA 43731",32,,,False
P001253,Veronica Koch,001-986-978-5547x0189,"14670 Rodney Divide Suite 028, North Laurenport, TN 10556",30,G003,member,False
P001900,Jason Wright,001-332-651-0110x2883,"1011 Brandon Common, Burnettmouth, KS 92286",33,G010,associate,False
P001559,Jesse Edwards,966-455-8990x65869,"2043 Bryan Garden, New Danielton, GU 56807",57,G009,associate,False
P001054,Jon Castro,287.236.9323,"4758 Gutierrez Union, Zacharyfort, VT 35333",60,G004,member,False
P000720,Melvin Smith,251.369.1395x215,"61070 James Cape Suite 243, New Amandabury, OK 18451",38,G010,boss,False
P002977,Jacob Mitchell,(383)992-4720,"525 Brittany Inlet Apt. 596, Port Jermaine, NV 38919",62,G007,member,False
P003970,Rachel Leonard,9565256120,"174 Sara Loop, Scottmouth, MT 14409",30,,,False
P000626,Donald Freeman,432-281-1659x930,"42322 Jimenez Vista, Lake Nancy, IA 49381",44,G006,lieutenant,False
P002201,Elizabeth Mitchell,001-702-308-4273,"57864 Dawson Views, New Sierra, CO 22485",45,G001,member,False
P002438,Dave Barton,(652)373-9767,"2037 Rowe Ridges, Bryanport, IA 09666",61,G008,member,False
P001230,Tiffany Hill DVM,001-867-267-7619x524,"217 Torres Club, Bergmouth, WV 05759",53,G010,associate,False
P003735,Wayne Gardner,001-300-471-9210x7149,"042 Patricia Stravenue Apt. 069, Julieport, NM 31318",25,,,False
P000341,Maria Sanford,(760)712-5625x313,"05053 Bradley Islands Apt. 816, Carolynhaven, IL 13990",51,G001,lieutenant,False
P004475,Heather Abbott,001-920-745-2227x794,"2664 Mark Crescent Suite 541, Port Ashley, UT 35742",29,,,False
P004848,Melanie Carpenter,001-345-857-5178x7950,"44017 Heather Shoal Suite 212, East Michellebury, MD 46790",38,,,False
P003673,Jo Jones,(400)553-3005x5630,"099 Monique Vista Apt. 105, Mcdanielmouth, ND 73860",45,,,False
P003971,Tamara Hester,(327)515-4841,"33295 Gail Point, New Coreymouth, MD 14100",22,,,False
P004313,John King,(514)730-6694,"5180 Ashley Landing, Mcphersonberg, NC 25303",23,,,False
P003755,Caleb Olson,001-878-663-8691x00579,"411 Stephenson Union Apt. 376, Colemanshire, VT 92953",54,,,False
P003251,Michael Taylor,(279)810-0331x675,"98679 Miller Flats Apt. 658, Levifort, GU 90140",30,G001,member,False
P003358,Gregory Williams,852.701.8603x2144,"065 Gary Estates Apt. 438, West Christopherland, KY 48180",33,G008,lieutenant,False
P000639,Jessica Lyons,589.792.0457,"6185 Terrence Course, New Theresaton, NY 25068",23,G009,lieutenant,False
P004688,Brian Jimenez,(842)533-8054,"8465 Amanda Crossroad Suite 586, Sarahaven, PR 22133",49,,,False
P001776,Christopher Lewis,(740)293-0999x86891,"9699 Elizabeth Coves Apt. 948, Nelsonville, HI 31235",54,G006,member,False
P004202,Steven Smith,(868)710-3149x4968,"PSC 7004, Box 2258, APO AE 50628",57,,,False
P002497,Kara Hudson,+1-942-276-9017,"533 Brown Crossing, South Jeremy, WI 97247",30,G007,member,False
P002070,Jennifer Johnson,914-742-5096x933,"55088 Miranda Flats, Abigailmouth, KY 46010",40,G010,member,False
P001732,Jason Anthony,835.229.4957,"108 Buchanan Roads Apt. 970, Kendraborough, NC 56096",35,G002,boss,False
P001808,John Chambers,+1-809-559-0279x904,"918 Kayla Manor, Alyssaside, ID 50359",63,G008,associate,False
P003916,Jason Guzman,434-444-4703x37305,"48135 Diane Island, Sandovalside, WV 24081",52,,,False
P003833,Austin Ayala,713-539-3983x43784,"4834 Andersen Rapid, Davisport, VA 00563",40,,,False
P001548,Gregory Wright,001-868-728-7657x55525,"USNV Johnson, FPO AA 50900",42,G008,lieutenant,False
P004301,Justin Valdez,+1-276-252-6456,"4651 Dean Vista, Andrewburgh, WA 27822",19,,,False
P004675,Luis Watson,(829)264-1713x417,"3133 Gregory Harbor, North Katherine, MI 16904",35,,,False
P000328,Deanna Kennedy,472-919-7054x669,"1687 Rich Springs Apt. 903, East Melissaport, MS 21237",58,G008,member,False
P001971,Raymond Bass,001-437-475-9012,"33704 Ware Grove, Lake Andreamouth, AR 95409",37,G001,member,False
P004120,Bryan Jones,818-202-3661x54007,"124 Ortega Radial, Watsonside, IL 65134",20,,,False
P003533,Michael Miranda,+1-971-371-8231x300,"277 Chan Extension Apt. 685, Brianberg, NM 62289",32,,,False
P001114,Austin Williams PhD,(651)906-4070x7838,"303 Holmes Trafficway Suite 736, Donnatown, VI 38650",18,G004,associate,False
P000825,Mrs. Margaret Wilson MD,8134153506,"455 Yesenia Extensions Suite 410, Lake Michael, NM 94959",32,G005,lieutenant,False
P002604,Jesus Lawson,693.981.2401,"8461 Mendez Burg Apt. 452, Douglasville, NH 87472",48,G004,associate,False
P001837,David Herrera,+1-650-413-8138x5418,"4570 Theodore Valleys, Wrightfort, TN 05483",23,G007,member,False
P002362,Donald Mathis,8318681573,"968 Darrell Burg, East Ashleehaven, SD 16493",41,G002,lieutenant,False
P001169,Isaiah Matthews,858-668-1734x18807,"15758 Harvey Port, Port Traceymouth, IA 87228",26,G009,lieutenant,False
P004907,Donna Rodriguez,866-424-3441x2032,"040 David River Suite 820, East Amanda, VT 09962",27,,,False
P001020,Kevin Taylor,776-409-6064x724,"8747 Kelley Plain, Alexistown, AS 91842",20,G010,member,False
P002482,Christopher Dawson,444.641.5657x4375,"USS Lewis, FPO AP 15764",55,G002,member,False
P000723,David Bennett,+1-609-872-3602x4465,"05171 Steven Circle Suite 156, Karenfort, ND 84546",23,G003,associate,False
P001737,Kevin Ponce,001-991-876-7070x022,"5278 Rush Alley Apt. 398, Masonton, MT 38097",52,G007,member,False
P001004,Christopher Sanchez,(928)605-8837,"047 Thompson Junctions Apt. 950, North Darrellmouth, WI 21362",36,G004,member,False
P000810,Brandon Lee,001-585-380-0187x314,"3678 Jackson Cove, South Laurenland, OH 60283",30,G010,associate,False
P002956,Christine Anderson,+1-712-549-5432x99032,"3805 Rebecca Parkways Suite 277, Port Kelly, MP 38201",18,G006,associate,False
P000673,Rebecca Boone,867-334-7853,"Unit 4980 Box 4450, DPO AP 22346",35,G003,member,False
P001276,Amy Gutierrez,+1-509-683-8319,"75860 Sandra Hills, Nicholasbury, PR 27576",18,G006,member,False
P001914,Shannon Davis,5622046786,"9194 Castillo Mountain, Haleside, WA 53841",31,G004,associate,False
P002970,Kevin Proctor,7322384819,"9693 Adams Radial, East Samantha, FM 79094",40,G010,lieutenant,False
P001746,Steven Cantu,001-224-650-5149,"359 Brooks Fork Suite 536, Christinefurt, CT 94324",54,G006,member,False
P000321,Paula Shepherd,913.450.3058,"PSC 0552, Box 4728, APO AA 32285",65,G001,member,False
P002079,Kimberly Franklin,+1-900-800-2420x127,"2595 Stephens Hill Suite 112, Walterburgh, CO 63948",65,G009,member,False
P004763,Maria White,7358004452,"8704 Carol Prairie Suite 531, East Timothy, MT 84194",24,,,False
P003716,Crystal Wade,(390)390-1489x75484,"5633 Chapman View Apt. 235, Gilbertville, VA 99536",19,,,False
P003258,Kelli James,(973)921-0873,"443 Koch Meadow, Zacharyfort, NY 75406",32,G008,member,False
P003405,Edward Mooney,246-927-7208,"355 Valerie Common Apt. 666, East Angelaville, VI 50256",55,G005,lieutenant,False
P004173,Vincent Davis,+1-703-799-9787,"804 Raymond Streets, North Sabrinaville, SD 37382",24,,,False
P002428,Juan Solis,+1-900-466-0567,"0084 Amber Burg, Cherrybury, NM 69918",48,G008,member,False
P003809,Mark Stewart,001-261-616-8478,"45897 Mcgee Court Suite 453, Stewartborough, PA 34022",39,,,False
P004698,Christopher Robinson,610.677.2596x52292,"51949 Adam Extensions Suite 366, Timothyport, LA 93035",41,,,False
P004441,Edward Wong,245.504.5265x802,"8575 Dean Canyon, Kyletown, VT 32557",62,,,False
P000837,Jared Munoz,206.632.5031x3928,"22061 Daniel Garden Apt. 359, South Cassandra, CO 79629",48,G007,associate,False
P000580,Catherine Schmidt,557.566.9470x31805,"4666 Christian Prairie, New Johnberg, UT 62760",41,G010,associate,False
P002599,Zachary Rich,+1-626-825-7489x4667,"57519 Hall Crossroad Suite 482, Elizabethside, MN 97757",55,G009,member,False
P000214,Michelle Mitchell,(922)631-0592,"055 Nathan Plains, New Kevin, PW 03767",56,G004,boss,False
P000789,Randy Chapman,740.923.3868x6083,"0363 Nicole Hills, Ericborough, NY 84778",37,G009,boss,False
P000287,Teresa Waller,(567)849-1601x692,"USNV Hicks, FPO AA 83729",18,G007,member,False
P002014,Matthew Robertson,9725943062,"29519 Craig Drive Suite 586, Weberbury, DE 50231",52,G004,member,False
P003563,Jonathan Hawkins,001-968-278-6895x3555,"USNV Zuniga, FPO AE 26208",41,,,False
P000265,Alexander Robles,943-317-3505x83199,"00651 Bryan Unions, Brownchester, CA 13847",64,G005,member,False
P000025,John Torres,(248)387-7190x6594,"490 Thomas Run, Moonburgh, OR 57633",42,G005,lieutenant,False
P002580,Joshua Estes,+1-534-904-8693x841,"33014 Daniel Drive Suite 060, Roseland, NJ 81654",43,G010,member,False
P004507,William Hernandez,(410)996-8367x881,"16532 Wilson Forge Apt. 566, Reedtown, AL 66299",34,,,False
P003999,Tammy Barr,+1-956-986-0177x850,"6739 Hernandez Meadows, New Garytown, UT 07193",39,,,False
P001318,Kelly Wiley,(811)548-4603,"878 Thompson Tunnel Apt. 475, West Elizabeth, WY 78365",40,G008,associate,False
P002136,Jessica Kaiser,(773)749-5860x1500,"465 Samuel Parks, North Douglas, CA 94807",18,G006,associate,False
P001563,Travis Browning,001-656-772-6173x6292,"773 Hayley Fields Apt. 146, New Ernest, HI 21553",42,G003,member,False
P003575,Adrian Gibbs,(531)531-1356x77711,"Unit 2042 Box 8703, DPO AP 51095",52,,,False
P002491,Paul Lawrence,610.445.6882x6342,"870 Martin Keys, Port Jasonburgh, NJ 23557",43,G001,member,False
P000912,Ryan Becker,+1-886-822-1405x131,"7338 Jon Street Suite 247, Michelleberg, AL 25139",61,G002,member,False
P002948,Jamie Atkins,001-308-597-4854x2084,"USNV Rodriguez, FPO AP 02162",54,G008,associate,False
P002852,Nicholas Young,(458)980-7612,"66121 Krystal Forge Suite 928, West Haleyhaven, AR 20845",43,G002,member,False
P002816,Dominique Khan,639-951-6172x4053,"33361 Lynn Highway, Russellport, ND 97108",32,G006,boss,False
P003283,Brandon White,+1-621-533-4237,"223 Timothy Brook Suite 629, Jacobshire, NJ 83515",29,G003,member,False
P001018,Janet Chandler,+1-833-439-1929,"07122 Williams Centers Apt. 283, Wallaceview, HI 60011",30,G008,associate,False
P002724,Daniel Davila,001-731-259-1051,"28108 Angela Parkways Suite 089, Brandonton, IN 69628",57,G004,lieutenant,False
P000222,Gregory Davis,001-249-555-2893x8911,"80138 Richardson Radial Apt. 712, Tinachester, IL 67904",65,G002,member,False
P002210,Samuel Hardy,899-914-1071x7878,"600 Bass Island, Matthewport, DC 65543",54,G010,member,False
P000844,Jacob Martinez,762-350-6929x6568,"2767 Carla Fort, Jacquelinemouth, OR 28748",25,G004,member,False
P003921,Jaime Hamilton,872.572.2926x498,"067 Deborah Prairie Apt. 119, East Jennifermouth, LA 25524",50,,,False
P004682,James Murray,001-327-397-6081x712,"6648 Stone Meadow, Patrickview, ID 23519",51,,,False
P004694,Patricia Wood MD,001-408-888-9137x93257,"15836 Cynthia Glen, Robinsonhaven, AL 53638",61,,,False
P003002,Dale Luna,373.539.1158x43013,"2274 Mark Hollow Apt. 439, Andrewtown, ME 89008",29,G002,member,False
P003470,Jenna Greene,777.815.6510x01803,"52409 Jasmine Freeway, Deanmouth, MO 11137",59,G010,member,False
P000939,Carol Delacruz,(911)697-8925x9465,"5325 Ramirez Club Apt. 818, Christopherfurt, PW 59502",53,G009,boss,False
P004163,Jonathan Davis,390-812-0874,"81219 Veronica Circles Suite 939, Griffintown, GA 04790",62,,,False
P003075,Ryan Pierce,817.374.5584x89116,"742 Linda Prairie Apt. 431, Morgantown, TX 75305",24,G005,member,False
P001182,Roger Brady,001-794-439-8844x278,"1794 Swanson Junction, Cassandrastad, VT 82182",52,G002,member,False
P003329,Carolyn Dillon,+1-945-381-9527,"51767 John Knolls, Chrisstad, ID 23739",25,G009,boss,False
P002655,Michael Davis,001-975-945-0756x86804,"USS Norman, FPO AE 11856",38,G005,associate,False
P001700,Jane Delacruz,+1-206-210-8537,"02221 Jacqueline Points, Port Tiffany, RI 05984",43,G010,lieutenant,False
P004226,Sandra Roberts,485-488-6863x3037,"32237 Vanessa Hollow, Port Amy, WI 58876",38,,,False
P002134,Ellen Cannon,+1-241-563-1664x1700,"7421 Kaitlyn Canyon, Larafurt, AK 49640",55,G004,member,False
P004513,Tracy Lewis,217-796-5456,"037 Craig Harbor Apt. 073, Ronaldfurt, NC 87954",25,,,False
P004572,Patricia Sloan,859-499-0270x245,"263 Howell Corners Suite 513, Katherinemouth, CO 67312",22,,,False
P003224,Charles Snyder,+1-330-469-2905x543,"829 Lewis Plains Apt. 024, Lake Geneton, IL 44163",27,G004,associate,False
P004892,Mario Flynn,766-755-6842x07781,"36819 John Creek Apt. 519, Danielleborough, IL 95506",43,,,False
P001301,Sierra Johnston DDS,001-471-276-3506x427,"817 Murray Dale, Port Nicole, AZ 19353",20,G001,associate,False
P004126,Joshua Davis Jr.,408-381-4858,"377 Macdonald Ford, North Michaelton, FL 78974",19,,,False
P000550,Deborah Waller,537.731.2552,"PSC 6178, Box 1703, APO AE 89372",32,G010,associate,False
P004886,Brittany Gross,+1-720-257-6007,"USNV Martin, FPO AP 54786",57,,,False
P004931,Adam Rodriguez,001-622-963-6229x66738,"37872 Evans Unions, New Jamesfurt, DE 13301",55,,,False
P004751,Nicole Richards,001-683-835-1401x3050,"4293 David Crossing, North Robertborough, NH 67985",27,,,False
P001818,Jennifer Thomas,763-346-5186,"14138 Courtney Parkway, Hansonside, WA 96430",49,G008,member,False
P002450,Ernest Howell,2906127172,"PSC 2709, Box 4315, APO AE 15853",29,G010,lieutenant,False
P002971,Laura Wright,001-959-355-2366x26437,"Unit 7899 Box 3703, DPO AP 63051",20,G001,boss,False
P000976,Donna Morris,+1-805-949-0809x98397,"46163 James Underpass Suite 383, North Anthonyland, LA 29782",61,G006,member,False
P004674,Kelly Jackson,3564453628,"Unit 2631 Box 1549, DPO AA 29948",50,,,False
P002630,Katherine Dawson,330.338.2000x0390,"92821 James Plains, Huntmouth, DE 38549",35,G010,member,False
P000838,Anthony Smith,001-395-761-6225x647,"79923 Justin Tunnel Suite 323, South Debramouth, NH 70555",18,G008,member,False
P001540,Patricia Dixon,8309053782,"30710 Rachel Manors, East Jamie, VT 77875",18,G010,associate,False
P004846,Michelle Benson,001-642-713-9172x31939,"2148 Karen Turnpike, East Joshua, IA 63955",63,,,False
P000828,Richard Hunt,001-410-206-6890x41728,"81152 Jerome Plaza, East Gregory, FL 37713",50,G008,lieutenant,False
P001215,Peter Collins,+1-639-222-9501x49628,"953 Samantha Mountain Apt. 476, Mcdanieltown, AR 57950",32,G005,member,False
P002043,Peter Joyce,+1-524-674-0794,"756 Abbott Corners, Lopezbury, GA 31411",64,G003,lieutenant,False
P003855,Jasmine Miller,9467472020,"149 Robinson Tunnel Apt. 916, Edwardtown, WA 79062",26,,,False
P000564,Katrina Bird,+1-348-359-6559x42824,"0200 Eric Inlet Suite 393, East Davidville, AS 43227",35,G004,member,False
P004310,Donna Soto,907-204-0517,"82785 Amanda Throughway, Maxwellmouth, ND 23097",49,,,False
P000326,Karen Melton,4424271133,"Unit 8898 Box 5725, DPO AA 47728",63,G006,member,False
P002539,Ashley Torres,880-581-0635x51972,"5658 Kelly Mall Apt. 584, Bridgetberg, FL 06785",18,G009,lieutenant,False
P004469,Shannon Arellano,(708)398-6159,"718 Connie Hollow Apt. 588, Port Sarahfort, MD 83657",38,,,False
P003102,Heidi Barajas,957-723-1488,"684 Jacob Port Apt. 888, Rogersshire, VT 80744",41,G002,member,False
P001756,Ashley Robinson,509.983.1452,"46332 Baker Drives, Robertfurt, MH 72913",38,G006,associate,False
P003023,William Flowers,(268)929-2730x73937,"7584 Danielle Station Suite 499, South Michael, WY 74568",48,G003,member,False
P000969,Tyler Huynh,397-815-7557,"82463 Mary Meadows, Lake Robertland, TN 88268",59,G009,lieutenant,False
P001266,Jennifer Thornton,380.472.0203x3881,"7637 Sheryl Flats Suite 344, South Michael, NJ 00626",22,G006,member,False
P004540,Alexandra Wilson,001-689-380-1285x303,"Unit 3709 Box 1236, DPO AP 28751",44,,,False
P003674,Charles Edwards,(491)287-7342,"32951 Chase Station Suite 677, Ashleyfort, NH 00665",64,,,False
P003109,Donna Perkins,3339263125,"671 Barbara Plaza, Melissaton, NC 43215",36,G009,associate,False
P002525,Randy Mcgrath,001-956-500-6420x92259,"0710 Mccarthy Brooks Apt. 130, East Francis, TN 21410",34,G005,member,False
P004397,Allen Key,(225)386-5068,"1110 Melanie Mission, Alexandrafurt, DC 54572",61,,,False
P003743,Jennifer Crawford,696-339-7684x574,"73071 Castro Stream Suite 356, East Alexander, NY 93150",48,,,False
P000055,Rita Ponce DVM,+1-451-588-4422x58313,"8957 Cheryl Corners, West Raymondfort, NC 54344",45,G005,associate,False
P002887,Joe Oconnell,001-233-780-6652x567,"43535 Morgan Dam Suite 715, Lake Joshua, MD 44468",30,G007,lieutenant,False
P004056,Beth Lamb,974-484-1238x042,"Unit 0509 Box 1422, DPO AE 56063",30,,,False
P002063,Sarah Clark,800.430.4716,"3012 Brittany Bridge, North Christophershire, MI 18091",59,G003,associate,False
P000953,Kristi Mitchell,453.211.9804x2554,"4255 Timothy Wall Suite 887, Johnsonburgh, AZ 30475",21,G003,member,False
P003039,Tiffany Mitchell,(509)404-2584,"78077 Eric Glen, West Kathleenbury, ID 24529",25,G009,lieutenant,False
P002624,Laura Taylor,593.570.9972x63329,"23285 David Grove, North Paulberg, DC 35964",61,G004,associate,False
P004645,Justin Park,456-951-6073x26121,"4239 Maria Springs Suite 123, Lake Seanmouth, ID 10565",29,,,False
P001567,John Mccoy,(829)414-8356x508,"0252 Pratt Roads, Patriciaville, WY 14993",53,G007,lieutenant,False
P001839,Robert Smith,(966)711-8289x210,"58309 Morris Flat Suite 314, New Crystal, MT 76374",55,G009,member,False
P002397,James Sandoval,001-397-585-0616,"78888 Ryan Ferry, Hendersonfurt, RI 67086",25,G007,member,False
P003736,Theresa Brown,964-681-8898,"7238 Holden Terrace Apt. 329, North Michelefurt, RI 78380",35,,,False
P002493,Megan Mccormick,(489)552-9748x02335,"596 Laurie Forest Suite 607, Brandyland, MO 98487",29,G003,lieutenant,False
P000073,Joseph Horton,(824)862-8733x42708,"3435 Sandra Vista, Christopherborough, AR 35688",29,G003,associate,False
P001373,Robert Park,904-609-3701x18596,"90550 Webb Ports Apt. 818, Sergioberg, MS 52696",38,G003,associate,False
P000277,Emily Harris,001-774-930-2716x938,"147 Graves Station, Peterburgh, MT 33155",23,G007,associate,False
P001975,Philip Adams,(353)974-2494,"7023 William Route Apt. 109, West Scottland, PA 12784",47,G005,associate,False
P002730,Andrea Flores,3719689232,"7530 Sophia Tunnel Suite 055, Mclaughlinville, KY 32610",30,G010,member,False
P004132,Sherri Lopez,(538)318-3973x3636,"1306 Bennett Lake Apt. 465, Port Bradshire, RI 84232",40,,,False
P001303,Marcus Ewing,812.720.6676,"3242 Heather Loop, Jeffreybury, UT 22346",48,G003,associate,False
P004347,Timothy Long,897.208.1850,"151 Snyder Roads, West Lisa, KS 93922",65,,,False
P004411,Nichole Liu,838-822-9682x532,"8444 Heather Forge, Juliemouth, ME 02712",28,,,False
P003120,Victoria Ruiz,969-844-4249,"Unit 5784 Box 6113, DPO AP 34578",31,G010,lieutenant,False
P002603,Jeffrey Williams,+1-404-980-8127,"01115 Livingston Ville Suite 311, Lake Rebeccahaven, KY 71891",37,G003,member,False
P000719,Michelle Diaz,(478)400-2443x236,"Unit 1690 Box 6968, DPO AA 60255",43,G009,member,False
P001361,Michael Lowe,+1-847-654-3188,"8007 Jill Groves Suite 366, South Megan, MN 84193",43,G001,member,False
P000545,Wanda Kennedy,(517)760-7234x8389,"382 Mary Haven Apt. 561, Lake Ashley, NE 45241",18,G005,member,False
P002842,Sara Williams,983.933.1129,"2769 Middleton Spur Apt. 428, East Tracy, MO 29201",59,G002,boss,False
P003160,Christian Silva,+1-666-980-5119x47259,"26853 Justin Squares Apt. 002, Port Thomas, GU 56586",52,G010,member,False
P004818,Mike Matthews,234.418.9190,"PSC 2544, Box 6686, APO AA 77060",20,,,False
P001592,Sabrina Marquez,+1-336-773-3614x2474,"3295 Perry Circles, Williamburgh, UT 35159",52,G002,lieutenant,False
P002853,Victor Hunt,001-558-674-7441x2404,"51158 Thomas Branch, West Crystal, UT 97749",19,G003,associate,False
P002585,Ryan Brown,001-341-955-0145x70040,"Unit 3759 Box 1128, DPO AP 55660",23,G005,associate,False
P001329,Kenneth Ruiz,960-921-3688x415,"918 Thompson Road, Bryanshire, MI 54722",42,G009,member,False
P002458,Emily Curtis,+1-987-920-6965,"871 Melissa Passage Suite 839, Andersonton, MO 92671",33,G008,boss,False
P000389,Jessica Ruiz,381-538-6667x5485,"USNV Dawson, FPO AA 73965",39,G009,member,False
P001032,Jesse Phillips,834-201-9293,"75193 Bennett Gateway Apt. 124, Kristinfort, PA 32273",41,G002,associate,False
P000703,Omar Gallagher,001-936-292-3534x84864,"98654 Lopez Station, East Cameronburgh, ID 97950",21,G003,associate,False
P004036,Pamela Velazquez,(501)736-5488,"630 Kim Plaza Suite 135, West Markburgh, AL 63721",21,,,False
P003484,Kevin Casey,(741)417-1393x8630,"298 Krystal Crest Apt. 281, Fitzgeraldside, GA 87401",62,G004,associate,False
P003778,Austin Weiss,247-292-2160,"37730 Jones Groves, East Michaelbury, AS 98995",58,,,False
P003242,Mary Adams,+1-468-447-7562x69142,"9767 Dennis Junction, Port Cole, AR 70292",24,G002,associate,False
P002197,Katrina Hill,001-332-872-2437x581,"971 Jones Grove Suite 771, Harrismouth, RI 26500",36,G007,associate,False
P002919,Gregory Mitchell,7585734222,"Unit 6181 Box 7314, DPO AE 07263",20,G009,associate,False
P000418,Penny Adams,874-852-4555x746,"65274 Lori Flats Apt. 445, West Ronaldfurt, MD 73648",30,G008,member,False
P002047,Cassandra Anderson,5974648618,"914 Gregory Club Apt. 724, Nicholaston, WI 45598",21,G007,member,False
P002453,David Simon,279.491.6185,"0644 Carla Trace Apt. 577, Bridgesland, LA 02116",51,G003,associate,False
P003144,Jeremy Warren,663-688-3486x301,"252 Walker Drive, Josephville, IN 96670",37,G004,associate,False
P001236,Marcus Martinez,(647)992-4642x99872,"99875 Michael Walk Apt. 075, West Miguelland, AS 69842",48,G006,associate,False
P001684,Lindsey Beck,+1-777-533-5210,"Unit 7558 Box 2632, DPO AE 69634",61,G004,lieutenant,False
P000896,Robert Molina,8943765118,"Unit 6409 Box 9414, DPO AA 46579",63,G006,member,False
P003627,Shawn Perry,+1-718-472-3896x96861,"Unit 0642 Box 3218, DPO AE 72694",51,,,False
P000276,Cristian Pruitt,(743)834-8170x5802,"86716 David Ford, Ryanfort, GA 79630",38,G006,member,False
P000180,Mark Wilkins,602.720.5020,"PSC 0162, Box 2499, APO AP 74186",45,G010,member,False
P001512,Eric Herring,857-358-4276,"7933 John Isle, Mcmillanport, MH 20776",49,G002,member,False
P002556,Jacob Ramsey,001-714-307-7142x10543,"349 Graves Ports, Port Eric, CT 08183",59,G006,member,False
P002663,William Valdez,001-267-808-3388,"38287 Gina Mills Apt. 352, West Patriciaville, ID 57243",38,G003,member,False
P001141,Erica Thomas,001-827-219-2602x6118,"360 Brittany Vista, Port Angelamouth, AR 06922",60,G001,associate,False
P004606,Jack Phillips,2654844360,"33100 Karen Valleys Suite 817, Dustinport, OR 56493",47,,,False
P002696,Anthony Cox,+1-897-361-3552x20227,"001 Amanda Plaza Suite 517, Lake Brittany, ND 72254",50,G006,associate,False
P000271,Charles Wright,+1-842-789-7317x9128,"55877 Adams Locks Apt. 333, Royfurt, IL 40608",35,G001,associate,False
P000902,Cindy Mills,001-371-856-7566x505,"USS Cruz, FPO AP 38843",58,G002,lieutenant,False
P004051,Monica Ward,6912741961,"Unit 5038 Box 7247, DPO AA 39112",22,,,False
P000872,Olivia Lopez,001-911-623-5904x2652,"625 Heather Pine Suite 738, New Jennifer, MI 46187",29,G002,member,False
P004453,Jacob Newton,001-866-455-6251x55777,"405 Harrington Squares Apt. 420, Ronaldmouth, DE 15324",30,,,False
P000050,Aaron Gomez,001-262-818-5188,"654 Michael Cliff, Johnville, WI 76772",49,G010,member,False
P001296,Ronnie Tran,(791)427-8988,"608 Garcia Square, Ericaside, WI 44375",62,G006,member,False
P002679,Corey Gaines,+1-660-656-9043x64446,"106 Smith Ridge, West Jasonton, IN 22924",40,G009,associate,False
P001648,Sandra Reyes,527-347-0695,"940 Howell Mission Apt. 967, Port Brian, CO 73195",30,G008,associate,False
P000062,Isabella Nunez,(894)409-7499x30972,"91307 Barnes Loop, South Warren, RI 62315",42,G002,member,False
P000712,Tiffany Chase,919-376-8784x947,"350 Robert Coves, Vincentfort, ME 19581",22,G002,associate,False
P001325,Rhonda Patton,001-903-825-3695x2558,"078 Julie Shore Suite 283, Lisafurt, KY 95662",46,G005,associate,False
P001461,Donald King,(813)495-7965,"35006 Gates Islands Suite 804, New Patricia, AZ 62872",42,G001,lieutenant,False
P004750,Michael Hernandez,202.514.6683,"5648 Stephanie Prairie Suite 350, North Gabrielle, UT 33806",59,,,False
P000876,Robert Morales,(702)982-3134x275,"911 Carter Burg, Courtneyborough, MH 11652",30,G006,boss,False
P000952,Crystal Ramirez,7604694306,"652 Davis Parkways Suite 370, Port Patrickview, KS 70108",26,G002,associate,False
P000495,Ann Scott,545.247.2239,"Unit 5031 Box 2198, DPO AE 33320",49,G005,associate,False
P001753,Judy Dean MD,405.548.7487x0566,"6094 Sims Well, West Alexville, DC 88684",39,G003,member,False
P001619,Tracy Johnson,+1-426-704-9769x79987,"411 Michael Walk Suite 649, Hayesmouth, VT 53307",49,G009,member,False
P002219,Reginald Fleming,(252)310-1074x52050,"58085 Christopher Square Apt. 504, East Margaretmouth, AR 10437",31,G009,member,False
P000849,Richard Schmidt,001-208-603-8890x441,"56685 Gloria Village, Jamesville, KY 68009",19,G009,member,False
P002559,Jessica Smith,470-408-2637x4646,"74762 Anna Villages Apt. 835, North Charles, NY 33890",61,G009,member,False
P000777,Gabriel Ramos,906-345-3157x905,"898 Graham Summit, Melaniefurt, OR 28656",60,G007,lieutenant,False
P002568,Craig Patton,001-433-650-1232x90011,"58221 Michelle Terrace Suite 110, Lake Cassandrashire, MA 06962",39,G008,lieutenant,False
P002303,Louis Sandoval,619-336-8757,"876 Smith Glen, Kylefort, AS 09811",38,G003,lieutenant,False
P001322,Krystal Sanders,408-600-4587,"4966 Padilla Crossroad, Lisaborough, PR 06382",43,G002,associate,False
P003931,Stephanie Odonnell,574.973.2643x53471,"511 Kyle Fork, Heatherville, KS 93597",29,,,False
P003341,Andres Carr,656-772-6811x1041,"9064 Gonzalez Street Apt. 140, New Brettport, FM 74133",24,G001,associate,False
P000442,Michael Bender DVM,874.484.5398,"90591 Christina Pines Suite 233, Port Howard, SD 65378",49,G002,member,False
P004378,Dean Patel,(537)211-3454x4807,"8765 Williams View, Port Michael, MO 32220",41,,,False
P001703,Patrick Santana,782-754-8057,"2426 John Landing, East Darrell, NH 82992",34,G003,member,False
P000181,Jesse Riley,3146556168,"458 Warren Square, New Brian, OK 96147",25,G001,member,False
P000685,Theresa Harmon,001-302-421-7978,"971 Smith Isle, Ruthview, MA 13461",19,G005,member,False
P002966,Jonathan Li,(304)637-8815,"826 Thomas Lake, Howardchester, PA 05192",35,G006,associate,False
P004594,Courtney Martinez,760-897-6630x2503,"410 Kevin Mountains, East Jenna, ND 92889",60,,,False
P002721,Lori Mccullough,+1-617-380-8855x763,"53164 Deborah Square Apt. 739, North Jennifer, MN 94008",53,G001,lieutenant,False
P003402,Natalie Torres,(987)795-7363,"24668 Snyder Square Apt. 361, Perezshire, VT 54045",33,G002,member,False
P004147,Jessica White,694.892.7239x96724,"45899 Collins Branch Apt. 703, Hilltown, DE 92709",37,,,False
P003265,Andrew Harvey,(766)273-1678,"4319 Schwartz Green Apt. 397, New Alan, CT 94263",25,G005,lieutenant,False
P000396,John Rogers,925-942-7820,"673 Cummings Rapid Suite 764, East Kathrynhaven, CT 55680",37,G006,associate,False
P003614,Jonathan Christensen,817-569-4527,"0040 Christopher Hill Suite 817, Mckenziehaven, FM 17468",19,,,False
P004753,Corey Pratt,(526)950-8616x1029,"798 Diana Knoll, Port Denise, MT 46595",37,,,False
P000259,Jason Washington,(330)548-9138x24967,"8238 Ali Point, Williamsmouth, MP 81861",62,G009,lieutenant,False
P004854,Laura Burns,(801)253-5135x5447,"4613 Heather Squares, Gomezmouth, IN 07639",57,,,False
P002786,Jessica Mcdonald,580-382-7337x79979,"5748 Hunt Pike, Amberfort, UT 30401",52,G006,boss,False
P000788,Peter Beasley,(912)747-6400x068,"240 Jones Light Suite 451, East Patricia, VI 40155",41,G008,member,False
P003915,Timothy Rogers,446-625-5635x6558,"09673 Victoria Mission Apt. 388, Frenchland, CT 09761",28,,,False
P001381,Kimberly Davis,770.749.4624,"0053 Morris Parkways Apt. 348, Lake Davidhaven, AK 88024",22,G001,associate,False
P000060,Brian Anderson,656-350-6098x358,"499 David Court Suite 558, Kariborough, PA 67232",28,G010,lieutenant,False
P000115,Shannon Cohen,524.975.4691,"785 Zachary Estate Apt. 486, Port Melissa, FM 75038",59,G005,member,False
P004556,Olivia Freeman,+1-627-857-1628,"5582 Barbara Lakes, North Martinstad, DC 62047",23,,,False
P000066,Timothy Johns,434.254.0193x8026,"Unit 6724 Box 0049, DPO AP 14565",25,G006,member,False
P000375,George Summers,499-491-0157x67647,"09957 Flores Fall, Shirleyville, IN 39475",31,G005,lieutenant,False
P000820,Jason Bartlett,001-549-771-9670x683,"16125 Daniel Trail, New Carolyn, VA 77191",51,G010,associate,False
P000978,Christopher Wright,(434)705-6771,"904 Sandra Vista Apt. 805, South Richardton, VT 71576",21,G008,lieutenant,False
P003974,Catherine Washington,235-611-3190x6244,"81783 White Mills Apt. 447, Lake Suzanne, AK 97511",41,,,False
P001535,Teresa Wilson,001-721-475-1713,"4705 Connie Knoll Suite 458, South Robertport, ND 60745",59,G005,member,False
P004420,Mathew Reed,441-308-9816,"938 Alice Drive, South Joseph, IN 82887",49,,,False
P003805,Ashley Vega,+1-736-542-8551,"3377 Michelle Plaza, New Jamesborough, VA 20533",36,,,False
P004049,Garrett Miles,001-634-486-2977x347,"63606 Ann View Apt. 532, South Michael, WY 90348",57,,,False
P003143,Mark Patterson,+1-384-306-1485x46008,"0320 Freeman Fall Suite 156, Christinabury, DE 85469",61,G003,lieutenant,False
P001546,Matthew Rodriguez,001-336-224-2494x70025,"44609 Lamb Mountains Suite 248, Washingtonmouth, MS 32327",45,G006,associate,False
P003164,Kevin Conner,001-664-972-3661x1761,"9404 Jones Cove, Jacksonmouth, TX 94289",27,G004,associate,False
P000200,Ashley Jones,001-647-407-2006,"087 Graham Vista Apt. 830, Finleyfort, DE 74850",62,G010,lieutenant,False
P000020,Sandra Miller,537.799.6507x527,"9480 Christopher Stravenue Suite 783, Brewerfort, NV 02761",39,G010,associate,False
P002451,Riley Ochoa,+1-571-878-6256x156,"6504 Bennett Loaf Apt. 628, Jeremyfort, GU 41057",46,G001,member,False
P000215,Jonathan Thomas,952.708.8547x492,"28140 Williamson Forges Suite 515, New Danielleshire, NC 29617",64,G005,member,False
P001819,Jordan Edwards,546-860-1705,"552 Paul Club, West Wanda, MH 49529",41,G009,lieutenant,False
P001263,Samuel Dean,+1-491-285-2983,"PSC 1514, Box 9777, APO AA 35660",29,G003,member,False
P002828,Jennifer Barton,561.828.8441x4253,"690 Castillo Views, Schmidtfort, ID 49461",34,G008,member,False
P001600,Ethan Hernandez,600.993.4137x34542,"55822 Angela Views, Christopherland, WY 79624",45,G010,member,False
P000422,Rebecca Mathis,997-493-1647,"95786 Richard Hill, New Mariatown, AL 30022",28,G002,lieutenant,False
P003675,Maxwell Odonnell,356-432-3739,"2690 Blackwell Lane Apt. 106, Lake Marioport, MP 33324",44,,,False
P002704,Laura Parker,+1-748-927-5965,"30087 Brian Drive Apt. 591, Elliottville, NY 24596",27,G004,associate,False
P002935,Betty Perez,+1-562-737-6345x9626,"2277 Salas Walks, South Ronaldchester, PW 06608",63,G005,member,False
P002714,Jeremiah Vasquez,(604)702-7183x0100,"03518 Joshua Island Suite 649, Scottshire, PW 60004",51,G004,member,False
P002626,Ryan Buck,001-569-927-8297x25398,"4012 Daniels Terrace, Port Reginastad, MT 38839",35,G006,associate,False
P004552,Angela Greene,(995)259-7291,"Unit 3539 Box 8151, DPO AP 51649",55,,,False
P004253,Lisa Roberts,392-317-5594x205,"Unit 8416 Box 2063, DPO AP 46635",54,,,False
P002601,Frank Wheeler,001-987-833-5201x889,"97630 Madeline Manors, Pittsstad, IA 48303",54,G001,associate,False
P003427,Stacy Griffin,476-652-8683x843,"14343 John Burg Suite 897, Kennethview, NE 73916",33,G007,member,False
P000196,Shannon Cooper,429-527-6637,"41027 Alvarez Mountains Apt. 667, Dustinchester, AL 38353",39,G006,lieutenant,False
P002854,Carmen Wood,(334)346-3321,"0117 Diane Freeway Suite 319, Lake Elizabethton, NH 83435",40,G004,member,False
P001811,Shawn Johnson,349.684.3828,"47863 Pittman Terrace Apt. 362, Sextonbury, AR 66240",24,G001,lieutenant,False
P000886,Wanda Mclaughlin,864.970.4656,"PSC 3688, Box 3004, APO AP 29322",42,G006,associate,False
P002181,Alexandra Lee,808.251.9838,"249 Butler Ports Apt. 103, New Marieshire, NV 47487",32,G001,associate,False
P002765,Jamie Webb,(416)898-7091,"73823 Thomas Overpass Apt. 302, Jonesstad, CO 28867",26,G005,member,False
P003657,Heather Ortiz,466-648-7343,"892 Smith Brook, Port Alexchester, IL 54205",36,,,False
P000142,Sean Tucker,490.482.7231x8432,"365 Timothy Neck, Clarkburgh, SD 54358",22,G002,lieutenant,False
P002927,Scott Barrett,(866)806-4064x62788,"33137 Schmidt Mount, South Shaunmouth, NV 87630",27,G007,member,False
P000888,Jose Campbell,883-201-8179,"7898 Wall Neck Suite 997, West Evanberg, CT 64769",49,G008,member,False
P000729,Tyler Carroll,+1-201-842-6471,"7031 Bradshaw Mission, West Ginaton, LA 76955",28,G009,member,False
P004240,Rodney Avila,(534)858-9947x978,"6006 Aaron Cliff, West Mistyfurt, MS 28004",51,,,False
P001805,Raymond Blackburn,712-507-0180,"9262 Griffith Junction Apt. 576, West Anthonybury, ID 46011",53,G005,associate,False
P000629,Andrea Hughes,(229)713-1670,"6706 Jackie Drives Apt. 986, Michaelport, OR 38110",50,G009,associate,False
P001120,Nancy Dixon,(944)864-0350,"5935 Romero Club Apt. 822, Gonzalesmouth, ME 59093",24,G010,member,False
P002775,Bobby Schaefer,389-791-1443x42494,"54663 Scott Via, Rogersmouth, TX 55405",37,G005,member,False
P004091,Christine Burton,539.224.7652x5386,"3921 Kristina Ridge, Wrightmouth, OK 15458",49,,,False
P003128,Jay Williams,723-269-2382x20502,"8305 Thomas Place Suite 098, Hendersonville, PA 70582",56,G008,lieutenant,False
P002751,Angel Miller,918-482-2131,"28000 Carol Rest, Sarahaven, SC 91089",65,G001,associate,False
P000318,Anthony Holt,+1-581-200-1841x8620,"54361 Jackson Creek Apt. 145, New Matthewstad, PW 11616",31,G008,member,False
P000690,Matthew Valencia,(839)279-2551x1643,"7270 Amy Manor, Ortizmouth, PW 33186",54,G010,member,False
P004346,Suzanne Johnson,504.626.0735,"542 Baldwin Ramp, South Jonathan, SC 33149",42,,,False
P003037,Kayla Pacheco,642-338-2919x69880,"0015 Sarah Stravenue, Westmouth, ME 98657",28,G007,member,False
P002190,Amy Johnson,737.203.8774x6438,"7044 Norman Glen, New John, SC 67593",57,G010,member,False
P000509,Helen Myers,(410)704-6277x657,"592 Misty Expressway Suite 617, Eddieberg, IA 67712",58,G009,associate,False
P001205,Brian Anderson,001-251-390-4562x44622,"3393 Johnson Drives Suite 326, West John, ND 12473",53,G005,member,False
P004720,Donna Dudley,430.852.2393x5207,"12394 Lee Fall Suite 116, New Angela, AK 46263",38,,,False
P000412,Tony Moore,+1-247-574-2229x4643,"045 Woods Extension, Dawnshire, PR 66180",36,G002,member,False
P002487,Melissa Li,(392)274-2900x3916,"11704 Keith Parks, Hallport, NY 06961",44,G007,associate,False
P000074,Larry Williams,239-583-7354,"USS Burgess, FPO AA 32298",24,G004,member,False
P004876,Sarah Frye,510-817-1012x25241,"456 Stephen Lodge, Brettton, WA 56694",47,,,False
P004913,David Everett,936.935.8784,"089 David Club Suite 080, Lake Jason, NH 50913",30,,,False
P000661,Ryan Porter,+1-795-304-7020x596,"77492 Simmons Shoals Apt. 295, Hallburgh, NV 65775",53,G001,associate,False
P003448,Kevin Williams,472-770-0318x513,"3034 Rogers Islands, Michaeltown, WV 23998",47,G008,associate,False
P001144,Jack Martinez,(917)574-8747,"843 Nathan Rapids Suite 125, Port Barry, CO 80669",23,G004,associate,False
P003361,Rebecca Mathis,001-794-502-6676x54388,"3343 Nicholas Rue, South Ricky, ND 16723",28,G001,member,False
P001929,Ashley White,908-389-9755x85379,"096 Miller Ports Suite 447, Port Henry, NJ 84445",24,G009,member,False
P000575,Chad Carlson,(720)493-5561x0399,"13712 Lee Knolls Suite 856, Kathrynberg, IL 04045",43,G005,member,False
P001793,Kenneth Williamson,(411)913-9977x387,"7823 Smith Plaza Suite 229, Pachecochester, MA 14139",44,G003,associate,False
P003892,David Todd,001-621-769-1388x53208,"0670 Smith Lights Suite 273, Riveraberg, AL 97127",23,,,False
P002923,Lauren Sanchez,486.464.2974,"753 Castaneda Mountain, Jeffreyberg, PR 16120",37,G003,member,False
P000993,Katherine Small,436.455.6192x218,"86417 Brown Roads, Port Anthony, ID 54694",54,G003,associate,False
P002692,Shawna Owens,288-929-9178,"54580 Garcia Pike Suite 001, South Lee, FL 24706",51,G002,lieutenant,False
P002247,Sandra Hill,(954)494-4442x973,"33483 Todd Knoll, Veronicamouth, SC 83417",22,G007,associate,False
P000339,Charles Miller,001-824-847-3158x477,"PSC 4234, Box 6199, APO AA 22213",47,G009,member,False
P000280,Albert Garcia,218-562-1042x7523,"816 Wallace Rapid, North Kelseyborough, IA 49606",22,G010,associate,False
P001890,Christopher Murray,001-624-938-1445x651,"44633 Morris Haven, Laurenland, DC 86410",31,G010,lieutenant,False
P001986,Caitlin Hamilton,(814)592-8841,"USNV Hutchinson, FPO AA 61888",43,G006,member,False
P001902,Nicholas Ortiz,625-842-4702x6915,"72972 Kristen Trail, Lake Darren, NC 85429",63,G002,associate,False
P003067,Dawn Nguyen,5555629755,"621 Doyle Streets, West Nathanborough, OH 67809",37,G007,member,False
P002746,Robert Hayes,001-627-340-6470x88704,"3027 May Parks, Pamelaberg, WA 01881",44,G006,associate,False
P001340,Gary Torres,556-971-1775,"198 Lambert Parkways Suite 075, Kathyside, AS 00791",46,G010,lieutenant,False
P000560,Joseph Harrington,(613)881-8655x078,"USNV Smith, FPO AA 99589",36,G010,lieutenant,False
P003757,Tyler James,(733)240-4401x128,"147 Johnson Rue Suite 928, Nicholasfort, ND 93597",34,,,False
P002905,Johnny Wilson,614.642.1020x90167,"353 Hunt Crossroad, Alexanderhaven, MA 73243",49,G005,associate,False
P004352,Michael Gonzalez,5613814936,"331 Hamilton Freeway Suite 909, Martinstad, OK 24105",27,,,False
P001027,Kenneth Logan,+1-976-681-6085x571,"8496 Joshua Radial, New Brianmouth, NY 53030",65,G007,associate,False
P000044,Robert Monroe,001-718-720-3778x892,"PSC 6659, Box 0515, APO AE 73634",21,G004,member,False
P000155,Kimberly Krause,755-887-7169x4722,"12535 Delgado Station Suite 964, Normanstad, WA 77429",57,G005,boss,False
P001625,Margaret Davidson,915.267.5413x54557,"7045 Novak Burg, North Toddville, WI 34866",32,G005,associate,False
P000797,Catherine Walls,+1-490-251-8812x98861,"66901 Shawn Curve Apt. 729, South Angela, MH 30774",39,G007,boss,False
P003506,Johnny Woods,001-712-749-2085x554,"107 Hill Gateway, Vaughnshire, MP 66698",30,,,False
P004043,Danielle Johnson,945-791-0274,"61696 Martinez River Apt. 696, North John, AK 86955",56,,,False
P004830,Lisa Brown,627-992-7542,"17370 Estrada Key Suite 883, Keithstad, NY 58030",40,,,False
P001408,Erin Rasmussen,+1-860-227-6934x7796,"562 Kennedy Branch Suite 224, Hancockton, MS 77920",19,G008,lieutenant,False
P004244,Allen Chambers,(440)902-9727x79901,"5463 Howard Flats, Jacobmouth, NH 92170",31,,,False
P001892,Leslie Williams,+1-268-938-2826x67400,"496 Michael Village Suite 901, North Jeff, MA 25260",51,G002,associate,False
P003071,Joseph Fox,001-776-638-9560x89736,"USCGC King, FPO AP 08295",46,G001,member,False
P004716,Heather Conley,+1-329-578-2291,"437 Sullivan Summit Apt. 648, Port Michaelborough, MI 76571",20,,,False
P002845,Holly Finley,(612)240-2381,"098 Young Forks Apt. 125, Frankside, AL 77506",38,G005,lieutenant,False
P002617,Andre Shelton,+1-719-201-4734x27220,"1748 Anderson Brook, Herrerachester, NJ 32564",53,G007,member,False
P004232,Michael Knight,214-374-7269x0822,"97785 Wilson Valleys, South Mathew, FL 04776",50,,,False
P000110,William Barry,001-806-629-6201x533,"10698 Hernandez Lake Apt. 614, Gonzaleztown, IL 22892",44,G010,associate,False
P001894,Hannah Flores,421.868.5550,"0583 Brown Estate Apt. 884, New Edward, VA 70241",28,G004,member,False
P000183,Justin Walsh,7342414488,"6990 James Village Suite 770, South Eric, NH 70882",52,G003,associate,False
P002073,Madison Lewis,+1-766-963-4916x605,"904 Rogers Hill, South Yvonne, AS 29603",26,G003,associate,False
P000850,Karen Ellis,(680)930-9016x856,"401 Eric Mountain Apt. 698, South Jacqueline, NE 12744",54,G010,member,False
P004254,Steven Eaton,361.718.9179x42109,"4021 Bennett Squares Suite 986, North Janiceton, KY 00836",64,,,False
P004190,Steven Wood,876.926.4476x87475,"689 Bruce Grove Apt. 374, Harrisside, CT 40963",49,,,False
P004134,John Hernandez,254-458-5924x76842,"2136 Peggy Port Suite 959, West Calvinbury, MT 90129",44,,,False
P001680,Sierra Carpenter,6927918489,"972 Phillips Ville Apt. 047, Kristinport, DC 89484",25,G010,member,False
P001336,James Briggs,+1-418-498-7557x983,"005 Luis Keys, South Jerrymouth, OH 48253",24,G006,member,False
P003193,Vernon Burns,(658)471-1671,"4109 Roth Mission Suite 685, Dustinchester, MS 58455",22,G003,associate,False
P003140,Tammy Herring,+1-389-418-6359,"43124 David Cliffs Suite 099, Lake Julianshire, VT 20524",46,G010,member,False
P002067,William Fischer,622-490-4015x07629,"172 Bobby Hills, West Grant, AK 68371",55,G007,lieutenant,False
P000431,Jacob May,+1-421-737-1184,"182 Wilkins Pass Apt. 230, Lake Julie, NC 79266",65,G001,associate,False
P003095,Anthony Vasquez,516-512-3652x8939,"5744 Decker Estates Suite 742, South Lacey, HI 04524",23,G005,member,False
P004180,Andrew Beltran,(882)229-0469x95399,"Unit 0845 Box 6211, DPO AE 40831",49,,,False
P001511,Mercedes Shields,+1-534-882-8009x205,"568 Montgomery Rapid Apt. 019, East Jacob, WY 41937",41,G001,member,False
P004614,Scott Schroeder,773-360-9652x782,"6536 Scott Club, Lewisborough, MI 77155",34,,,False
P004186,Jasmine Joyce,+1-908-358-5551,"395 Miller Meadows Suite 329, Jacquelinefort, GA 50065",37,,,False
P003121,Brandon Woodward,9294990303,"2505 Galvan Roads Apt. 149, Gayberg, CA 06701",55,G001,associate,False
P001685,Rebecca Wise,(310)388-5899x818,"81783 Taylor Row Apt. 643, Lake Samantha, WA 86472",63,G005,member,False
P002022,Stephanie Keller,9872014618,"3924 Murray Tunnel, North Kevin, UT 51372",61,G002,member,False
P003723,Timothy Rubio,(524)254-8466,"13214 Elizabeth Freeway, Lauriebury, UT 63995",48,,,False
P004115,Eric Delacruz,589.738.4482,"2543 Hodges Cape Apt. 682, Deannaton, MD 79198",36,,,False
P004206,Billy Williams,622.707.5844x42153,"49963 Vanessa Islands Suite 103, Wheelerchester, HI 79236",55,,,False
P002959,Jared Salazar,+1-481-392-8108x71768,"USCGC Morrow, FPO AA 67556",52,G009,associate,False
P002976,Peter Stewart,688-603-7217x887,"056 Angela Lock Apt. 748, Lindseyshire, NY 49734",57,G006,member,False
P002860,Ashley Taylor,001-811-581-4850x61879,"60882 Harrison Ramp Apt. 229, Patelborough, WI 03209",35,G010,associate,False
P004417,Gregory Cox,918-690-6584x181,"39445 Dylan Green Apt. 871, Smithburgh, ND 69133",20,,,False
P003754,Valerie Webster,756-560-0977,"935 Heidi Vista, Kristinside, MS 86764",64,,,False
P002731,Sharon Thomas,467.599.1824x404,"09541 Sarah Unions, Davidmouth, PA 91119",60,G001,lieutenant,False
P001196,Jeremy Haney,591-974-4368x716,"7740 Scott Landing, Pattersonhaven, FL 38573",21,G006,member,False
P002203,Sierra Spears,(770)537-0701x09557,"PSC 8257, Box 8437, APO AE 13978",55,G003,lieutenant,False
P002573,Jonathan Cooke,502-808-7402,"31908 Bryant Walks, West Alexandria, VI 18956",41,G003,associate,False
P003615,Donald Martinez,3615231424,"PSC 0389, Box 7731, APO AE 51036",43,,,False
P001122,Sarah Garcia,(223)495-6712x55935,"4906 Martinez Drives Apt. 727, Wardland, LA 48711",33,G002,member,False
P000647,Edward West MD,516-736-5604x5006,"3096 Cunningham Ridges, South Scott, DE 83730",62,G007,lieutenant,False
P004069,Patrick Williams,001-514-818-9652,"04763 Colleen Island Apt. 407, Parkerfurt, DE 31113",45,,,False
P003628,Nicholas Bright,(580)696-4860x39322,"279 William Stravenue Apt. 470, West Lauraside, MS 06517",32,,,False
P000982,Crystal Edwards,779-804-4708,"67148 Rose Cliff Apt. 314, Kathrynfurt, KY 41749",63,G002,member,False
P000179,Carla Thomas,001-206-944-7421x23094,"097 Jay Shoals Suite 767, New Carolbury, FM 72242",46,G009,lieutenant,False
P003874,Jenny Williamson,5058233844,"8141 Fischer Meadow, Michaelton, WY 58071",48,,,False
P003998,John Mathews,+1-549-558-3390x914,"3570 Erik Mill Apt. 443, Shanechester, NV 33280",30,,,False
P001612,April Donaldson,754.712.3481x09452,"55614 Garcia Drives Suite 010, Lake David, MA 19591",41,G002,member,False
P004825,Amber Medina,645.561.3558x01280,"4694 Melissa Garden, New Rickyborough, AR 21264",47,,,False
P002330,Christine Gonzalez,+1-528-558-6743x604,"5060 Klein Mountain, New Lindahaven, AL 88911",57,G010,member,False
P002862,Michael Zhang,(924)776-6590x5349,"USNV Carter, FPO AE 07699",60,G002,associate,False
P000752,Zachary Velasquez,(971)382-6533,"649 Jackson Radial, Ericborough, VT 91655",50,G002,member,False
P002700,Crystal Taylor,565-915-5673,"2778 Chandler Roads, Sydneyfort, IA 20389",64,G010,member,False
P004761,Charles Kim,(772)459-8296,"USNV Lynn, FPO AE 32760",40,,,False
P001576,Brett Smith,001-299-331-9140,"192 Zachary Mission Suite 159, Cindystad, KS 83852",25,G006,member,False
P001876,Ryan Downs,+1-340-890-5444x96252,"390 Lester Loaf Suite 752, Dawnburgh, AL 32038",62,G006,member,False
P001770,Erica Carlson,+1-777-856-5512x889,"7665 Brown Common, North Garyland, IA 29926",32,G010,associate,False
P003004,Martha Watts,547.759.5186x56140,"60053 Michael Track Suite 486, Jonesland, AL 55264",30,G004,associate,False
P004691,Stephanie Harper,(281)896-2951,"1418 Rivera Flats Apt. 424, East Stacey, MH 72862",39,,,False
P004770,John Patterson,360-205-1314x56775,"751 Daisy Dam, Nicoleside, SD 07192",48,,,False
P000736,Sharon Davidson,001-837-959-1922,"75362 Wyatt Harbor, Floreshaven, SC 52751",56,G006,lieutenant,False
P001021,Denise Stewart,670.461.2988x972,"282 Mcdaniel Cliffs, Scottmouth, AK 00672",63,G001,boss,False
P001701,Ryan Johnson,281-869-3491,"PSC 6987, Box 1014, APO AP 40466",58,G001,member,False
P000718,Julie Dougherty,460-588-1972,"7718 Todd Villages Apt. 076, North Ianport, OH 02457",44,G008,associate,False
P004790,Barbara Fisher,421.491.2558,"5543 Brown Pine Apt. 676, Lake Jodi, MH 12355",59,,,False
P003318,Brenda Chapman,306.595.3020x33154,"503 Bradley Throughway, East Marcshire, PW 14433",58,G008,member,False
P003373,John Boyd,(373)578-8686x7197,"26772 Timothy Locks, Hernandezburgh, IL 22450",63,G003,member,False
P002511,David Melendez,001-311-448-2199,"4185 Chad Mall, Dennisland, MA 02900",49,G001,associate,False
P004242,Jesse Fox,9114978965,"7379 Tammy Rapids, West Bethville, WY 70789",54,,,False
P001219,Samuel Proctor,531.683.8016,"37793 Christopher Spring, East Sarah, AK 10564",44,G009,member,False
P003246,Scott Lee,001-890-726-5926,"3001 Gonzalez Plains, South Tracyberg, AL 11954",39,G006,associate,False
P002915,Shane Vaughn,+1-903-712-8691x3214,"84386 Megan Ferry Apt. 217, Lake Michaelton, NV 44184",47,G005,lieutenant,False
P003452,Meagan Barajas,001-502-648-6966x357,"32168 Keith Trail Apt. 975, East Nancy, OH 37091",58,G002,member,False
P002869,Heather Schneider,(973)492-1121x9618,"10292 Rodriguez Dam, Lake Christine, AL 76550",39,G009,associate,False
P001421,Christy Pham,(676)992-6899,"309 Emily Fall Apt. 906, West Robertchester, AS 06447",65,G001,associate,False
P004904,Sarah Richards,001-489-205-7930x3362,"87754 Jordan Brooks, Rogersville, ID 50442",31,,,False
P003764,James Moore,001-640-925-1345x796,"411 Tamara Course, Luischester, CO 53058",62,,,False
P003609,Matthew Hunter,711-444-0740,"2591 Kimberly Track Apt. 037, Gregoryshire, PA 38521",26,,,False
P002648,Whitney Schneider,812-484-2561,"686 Michael Villages, South Thomas, NJ 52422",63,G008,lieutenant,False
P004647,Robert Valencia,001-926-595-1545x813,"Unit 4856 Box 3856, DPO AE 16755",48,,,False
P000374,Jason Lucero,001-673-927-0216,"60212 Strong Knoll, South Heidi, IA 93822",62,G004,member,False
P003020,Jeffrey Williams,+1-336-325-6654x8190,"211 Fisher Garden Suite 067, Donaldmouth, UT 91655",39,G010,member,False
P000161,Nicolas Davis,+1-537-764-5208x81474,"36502 Richards Locks, North Tanya, OR 91039",46,G001,member,False
P002360,Brenda Brown,5854875219,"6431 David Crescent Apt. 097, Delgadohaven, IL 83120",59,G010,lieutenant,False
P001896,Mark Crawford,520-905-0294x079,"48591 Barton Burg, Michelleburgh, FM 39286",26,G006,member,False
P001885,Catherine Stevens,001-683-292-9025x324,"657 Bauer Island Suite 395, New Ashley, KS 56036",32,G005,lieutenant,False
P004908,Erik Stewart,(891)357-9748x072,"664 Courtney Villages Suite 741, Russellport, TN 67952",59,,,False
P003602,Michael Mercer,627.848.0730,"7534 Marc Loop Apt. 540, West Andrewstad, IA 78727",46,,,False
P002332,Kaitlin Nguyen,389-688-2391x62704,"USS Boyd, FPO AA 55046",28,G002,lieutenant,False
P003729,Gabriela Buckley,+1-537-311-2906,"143 Thomas Street Suite 751, New Natalie, SC 94546",29,,,False
P004444,Donna Peck,840.827.8681x26490,"752 Emily Haven, South Timothy, NH 90798",59,,,False
P002154,Patricia Brady,001-548-628-8276,"3571 Walsh Trace Apt. 547, Port Steven, MA 60905",38,G004,member,False
P004527,James Wyatt,001-851-258-9271x25972,"01752 Randall View, West Sherylstad, FM 45942",36,,,False
P003308,Vanessa Gonzalez,+1-901-723-1995x6626,"606 Armstrong Rue, North Kimberly, NJ 56878",59,G008,associate,False
P002478,Phyllis Paul PhD,4013452323,"041 Chapman Stravenue, Jeffreyport, ID 02456",46,G008,member,False
P001636,Gregory Payne,787-957-6176,"8836 Smith Prairie Apt. 340, Lake Lisa, ID 62354",25,G006,member,False
P003378,Derrick Roberts,581-976-9350,"PSC 0065, Box 8689, APO AE 28138",51,G008,lieutenant,False
P004107,Melissa Johnson,611.822.9185,"5153 Alexander Circles, Lake Christopher, WA 36267",43,,,False
P001826,Troy Gilmore,564-931-0323x3854,"05858 Chris Manors Suite 599, Gardnerberg, KY 27506",25,G006,member,False
P004182,Erin Miller,3344998519,"60879 Waters Alley, Lake Ernest, MI 22089",60,,,False
P004327,Brenda Richardson,(522)899-7012x855,"762 Jerry Orchard, Brentside, PA 70537",25,,,False
P004982,Samuel Henderson,654-641-3008x56045,"PSC 7823, Box 7411, APO AE 44870",62,,,False
P004925,Kristina Robertson,401.939.3503,"50820 Cameron Turnpike Suite 096, Allisonview, VA 45488",62,,,False
P001880,Timothy Allison,864.692.1529,"66393 Jared Curve Apt. 168, South Aaronhaven, FL 11469",35,G010,associate,False
P002806,Shannon Wheeler,869-624-0138x59864,"852 Amy Expressway, Willieport, SC 25345",45,G006,lieutenant,False
P002936,Patricia Knight,(654)459-2544x95176,"USNS White, FPO AE 73012",47,G006,associate,False
P002059,Elizabeth Butler,299.342.5328x36930,"13983 Samantha Camp Apt. 565, Mercadoburgh, TN 27101",43,G009,lieutenant,False
P004601,Thomas Green,646.812.0032x094,"02880 James Glens Suite 491, Robertsburgh, WV 42654",34,,,False
P002407,Amber Lane,(828)927-1288x26310,"PSC 5407, Box 7488, APO AP 99382",65,G007,member,False
P001272,Sara Shannon,001-240-339-9783x87443,"29397 Henry Terrace Suite 382, South Davidport, OH 10966",41,G002,member,False
P004360,Thomas Lopez,763.652.9365x569,"6209 Perez Springs, Riddlemouth, MH 69822",55,,,False
P002356,John Contreras,(374)953-3962x5999,"271 Lopez Dam, Youngburgh, VA 18770",48,G006,member,False
P002473,Jillian Flores,(432)366-1038,"05025 Jones Causeway Suite 294, Port Kristina, MT 38610",22,G003,lieutenant,False
P000651,Samuel Bailey,665-857-9220x3004,"29390 Donald Street Suite 121, Lake Michelle, MA 52075",32,G001,member,False
P004351,Tyler Waters,977.495.8853x09620,"PSC 2708, Box 4205, APO AE 52153",31,,,False
P002723,Brittany Hughes,5038123548,"96718 Susan Tunnel Apt. 953, East Chadmouth, OK 46183",63,G003,associate,False
P002907,Alexa Guzman,001-358-625-1749,"3460 Weaver Shore, North Nicolemouth, DC 29583",45,G007,associate,False
P004203,Kelsey Perez,001-914-839-2178x30558,"38326 Daniel Manor, Patriciafort, IL 25853",65,,,False
P001771,Tasha Sheppard,953.642.1448x3545,"683 Michael Landing, Jasonborough, MA 90842",29,G001,member,False
P001269,Alexis Johnson,001-800-973-8854,"PSC 3474, Box 3693, APO AP 83892",58,G009,member,False
P000843,Edward Jordan,551.527.2455,"656 Madden Green Suite 849, Mooreview, GU 76228",36,G003,lieutenant,False
P003566,Michael Sanchez,865.733.3902,"2139 Paul Estates Apt. 695, Lucasfurt, IN 75035",53,,,False
P004414,Joshua Turner,(947)909-1284x878,"81137 Clark Throughway, Blevinsland, VI 43354",38,,,False
P000846,Matthew Moreno,247-682-3372,"6706 Richard Forges Apt. 863, North Carlosberg, FM 20364",57,G006,member,False
P003546,John Harrington,936.492.2494,"0188 Williams Land Apt. 545, West Michael, MO 23606",52,,,False
P003702,Julie Cummings,001-836-676-9519x491,"159 Jimenez Passage, Lake Johnnystad, WV 73598",29,,,False
P003913,Mrs. Vanessa Nguyen,802-764-3915,"079 Jimenez Skyway Suite 450, South Brandonmouth, SD 84870",30,,,False
P001594,Megan Ho,+1-262-478-3877x7654,"45137 Hopkins Avenue Apt. 826, Laurenchester, MA 24203",37,G004,member,False
P000282,Daniel Robinson,+1-449-650-1364x97189,"USNV Jarvis, FPO AP 51431",44,G002,member,False
P004744,Rebecca Adams,+1-532-587-3063x435,"05686 Paul Hills, Michellestad, AZ 67447",31,,,False
P004322,Gabrielle Warner,442-658-2325x556,"8447 Cory Fork Suite 039, North George, KY 85659",23,,,False
P001714,Sarah Lewis,001-753-400-2553,"3773 Gregory Knolls Apt. 458, Romanville, IN 12949",31,G004,lieutenant,False
P002198,Linda Morales,+1-678-661-1891x9283,"0835 Campbell Route, West Debbie, AR 67226",61,G008,member,False
P000529,Tiffany Wilson,369.520.8283x2308,"8814 Rivera Dale, North Ronald, PR 27410",47,G009,lieutenant,False
P000454,Laura Gould,001-995-678-6543x6271,"PSC 9603, Box 3582, APO AP 50870",52,G004,member,False
P004236,Benjamin Waters,+1-594-727-7956,"4044 David Squares Suite 924, Shawnshire, KS 78120",29,,,False
P000644,Alicia Jackson,(601)397-1212,"USNS Walton, FPO AA 81805",56,G004,member,False
P001602,Randy Larson,799-895-9770x3170,"8320 Rachel Unions, West Kristopher, MS 25794",23,G002,lieutenant,False
P004936,Sandra Williams,(902)219-3117x423,"93026 Castro Mountains, Lake Cynthiaport, AZ 52248",43,,,False
P003727,Lisa Reynolds,(490)936-8077x6303,"83275 Gabrielle Run Apt. 860, Justinburgh, RI 60971",36,,,False
P003522,Julian Contreras,(385)712-9906x500,"928 Graham Village Apt. 956, West Ashley, NC 28445",62,,,False
P001339,Sharon Bruce,(209)979-7855x00445,"90107 Jennifer Spurs Apt. 652, Blackstad, LA 51070",23,G009,lieutenant,False
P004151,David Wells,544-238-7526x11910,"97759 Holly Gateway, East Stephanieville, NC 19861",19,,,False
P000046,Chad Jones,888-480-5929,"706 Rhodes Freeway, Bishopmouth, IN 70494",43,G006,associate,False
P002124,Denise Barr,001-835-331-7324,"24113 Miller Wells Apt. 268, Port Lynn, MN 71218",63,G004,lieutenant,False
P004316,Brenda Gilbert,816.275.9036x8785,"738 Douglas Prairie, Jasonfurt, ID 20816",37,,,False
P000236,Stacey Walker,2898317342,"15291 Jennifer Mews Suite 713, East Sophia, GU 35392",18,G006,member,False
P001863,Mark Smith,001-494-923-5479x130,"902 Miller Bridge, East Timothy, OH 18351",57,G003,associate,False
P000574,Nathan Stanley,273.439.3049x36653,"124 Craig Haven Apt. 868, West Michelle, OK 87653",53,G004,associate,False
P004676,David Torres,6892126251,"19171 Katrina Ville, East Coltonberg, MA 70730",54,,,False
P004398,Jesse White,(387)758-8576x927,"19271 Robert View, Christopherview, CO 59848",25,,,False
P001687,John Allen,001-807-312-1257,"98272 Carter Road Suite 207, Duncanland, MI 19289",38,G007,member,False
P004849,Amber Thompson,981-636-2100,"707 David Fords, Hamiltonton, AS 06548",55,,,False
P003162,Debra Thompson,(360)635-1837x339,"61504 Parker Neck Suite 390, Lake Wandaton, NY 91057",30,G002,member,False
P000570,Molly White,799.570.2927x120,"713 Zimmerman Viaduct Suite 298, East Edward, AS 89003",27,G010,associate,False
P001631,Luke Avery,989-936-7428x60176,"USS Wilson, FPO AE 27582",63,G001,member,False
P001530,Kimberly Davenport,+1-977-239-5166x0323,"507 Michael Trafficway, New Chelseafurt, VA 87982",62,G010,member,False
P000220,Joseph Watson,365.821.3283x3898,"20754 Taylor Mills, Geraldport, AK 98078",18,G010,associate,False
P004003,Joseph Ross,(667)349-7603,"Unit 6672 Box 0170, DPO AA 53876",25,,,False
P000263,Cory Rodgers,+1-599-221-9212x49384,"Unit 8948 Box 7060, DPO AA 57195",53,G003,member,False
P001456,Randy Fleming,+1-915-319-3942,"Unit 1926 Box 8900, DPO AP 66106",49,G006,member,False
P000855,Anthony Thomas,323-844-7305x777,"USCGC Rodriguez, FPO AA 93532",23,G005,member,False
P001405,Karen Benson,001-217-449-3175x6073,"USCGC Lewis, FPO AE 31440",41,G005,member,False
P000764,Suzanne May,001-940-743-4741x25313,"07773 Charles Keys, East Robertshire, WV 87433",46,G004,member,False
P004821,Kirk Rich,796.753.8922x4214,"646 Scott Canyon, Smithberg, NY 19098",50,,,False
P003699,Cynthia Anderson,001-652-288-2095x097,"870 Schroeder Ranch, New Kathrynstad, WA 69528",54,,,False
P002694,James Russo,263.625.1531,"045 Christopher Trail, East Marioton, LA 59310",52,G004,associate,False
P000890,Jason Torres,(837)488-1193x89990,"07167 Lopez Springs, North Paul, AS 91078",23,G010,member,False
P003890,Eric Phillips,001-401-613-2350x21351,"902 Brock Forks Suite 767, New Danielleshire, SD 40075",40,,,False
P001543,Lisa Clay,290-455-8753,"9909 Brown Mountain, Courtneyburgh, SD 06025",46,G003,member,False
P003166,Melvin Liu,640.747.2117,"26714 Richard Burg Suite 317, Kingmouth, CT 33584",18,G006,lieutenant,False
P004966,Paula Smith,(573)721-9260x36036,"24748 Jessica Village Suite 636, New Oscartown, OH 51721",19,,,False
P003201,John Browning,2483189029,"140 Holland Dale, Angelaside, FM 27375",36,G001,member,False
P001673,Victoria Maldonado,669-541-3512,"9582 Ford Circle Suite 992, South Carol, TN 14973",65,G003,associate,False
P003124,Kyle Rodgers,+1-949-523-6116x7747,"1170 Lisa Dale, West Jessica, OK 62489",33,G004,member,False
P003203,Michelle Kim,311.551.3665,"133 Dodson Station Suite 631, Scottville, GA 41119",56,G003,member,False
P002706,Felicia Castillo,+1-749-541-8442x654,"7549 Miller Passage, Parkerville, MA 87806",38,G006,member,False
P001260,Mrs. Rebecca Anderson,001-835-761-1882x0380,"18531 Clifford Estates Apt. 779, Port Sheilafurt, NE 50955",47,G010,associate,False
P001140,Kimberly Wright,+1-217-893-6470x8944,"2593 Mcdonald Shore Suite 650, Philiptown, NJ 71015",48,G010,member,False
P000264,Jennifer Martinez,877.558.0304x68750,"361 James Isle, Bryanville, AK 63411",46,G004,member,False
P004663,Alexis Santiago,(664)725-6091,"9514 Sanders Squares, New Jenniferport, DE 68018",25,,,False
P002672,Wendy Thompson,727-216-4316,"411 Johnson Expressway Apt. 122, Port Derrickside, FM 40861",57,G002,lieutenant,False
P004336,Sharon Mitchell,(649)918-5988x0699,"49083 Nathan Village Apt. 079, Port Nicole, MO 84343",34,,,False
P003305,Bobby Doyle,001-669-573-6654x0800,"68418 Church Burgs Suite 390, New Aaronstad, OH 99516",40,G005,associate,False
P004795,Parker Brown,001-656-272-4431x27010,"7299 Moore Mount Suite 578, Port Michael, GU 08991",51,,,False
P003434,Taylor Bryant,634-973-8352x14180,"31011 Steven Park, Lake Leonardton, TN 79463",20,G004,associate,False
P001848,Kayla Gonzales,+1-792-788-0229,"9308 Tyrone Spur Apt. 799, Port Heathertown, MT 17199",54,G008,associate,False
P004294,Carlos Franklin,643.507.7087x1559,"USNS Rose, FPO AP 77797",45,,,False
P002906,Laura Clark,913.252.4624x70217,"369 Schroeder Ramp, Port Taraburgh, TN 17873",47,G006,member,False
P004095,Erika Craig,(662)283-0733x8475,"2822 Parsons Fall, Lake David, DE 73893",49,,,False
P000080,Donald Riddle,335.386.6296x1943,"265 Rodriguez Avenue Suite 754, East Christopherchester, NV 73506",56,G010,associate,False
P002504,Jessica Hooper,001-468-610-3202,"28159 Chang Inlet Apt. 124, Freemantown, UT 01059",23,G004,lieutenant,False
P001052,Ralph Robinson,600.271.5800x971,"23430 Morgan Place, Carterside, UT 69462",63,G002,associate,False
P001139,Lisa Arnold,+1-933-797-1785x68176,"3930 Tina Spur, Jennifershire, CO 50101",62,G009,member,False
P003070,Margaret Kirk,+1-505-438-0534x650,"07030 Day Summit, East Stephanie, PW 83822",52,G010,member,False
P000247,Albert Ray,+1-914-867-1795,"375 Hall Forges Suite 972, Jenniferfurt, MT 88726",32,G007,member,False
P003687,Anthony Alvarez,+1-579-627-0237x295,"220 Mcdonald Lodge, New Joshua, MN 60143",55,,,False
P003594,Tonya Stevens,727-521-7982x507,"9373 Williams Shoals, Lake Jesse, MI 61123",36,,,False
P001717,Gary Edwards,(472)709-7506x6991,"Unit 6859 Box 4416, DPO AA 75455",57,G007,boss,False
P003422,Dr. Maria Miller,450.522.7831x1695,"USNS Elliott, FPO AP 22826",23,G002,associate,False
P004902,Christina Ray,659-773-1953,"78996 Martin Mews Apt. 548, Lake Marisa, MO 02404",30,,,False
P001539,Danielle Fisher,826-458-7280x23865,"Unit 0080 Box 5980, DPO AP 16245",23,G009,member,False
P002565,Ruth Rivera,8899894081,"9351 Steven Passage, Bryanborough, LA 82876",39,G005,associate,False
P000704,Melissa Newton,2558033000,"673 Cheryl Alley Apt. 141, Yatestown, OR 12604",37,G004,boss,False
P002791,Tracey Morgan,001-294-584-6455x699,"PSC 6545, Box 3157, APO AA 32712",56,G001,associate,False
P003780,Kathryn Johnson,(924)984-9370,"084 Roberts Bypass, South Christopher, PR 91965",50,,,False
P003840,Rebecca Mills,(236)256-7543,"8545 Ivan Spring, Coleport, NY 29825",51,,,False
P004605,Paul Rodriguez,(743)575-1372x1013,"642 Geoffrey Road Apt. 842, Port Savannahview, TX 69036",39,,,False
P003887,Kim Mack,001-560-465-1813,"449 Jennifer Harbors, Kaitlynburgh, LA 84063",30,,,False
P001720,Matthew Patton,+1-577-574-1465x18316,"36305 Navarro Mountain Suite 607, East Margaretmouth, AK 60333",48,G010,associate,False
P001859,Stephanie Fowler,532.823.2242x637,"54145 Sarah Tunnel, Pughside, KY 62998",53,G009,lieutenant,False
P001865,Gregory Kemp,+1-752-446-0888,"USS Weaver, FPO AE 47443",27,G005,lieutenant,False
P003257,Jennifer Bauer,349-359-7378x6265,"91179 Dawn Forge Apt. 402, Williamburgh, MT 28195",61,G007,member,False
P001223,Mr. Cody Johnson,400-593-8083x491,"005 Gregory Square Apt. 832, Jacobmouth, MS 21495",46,G003,lieutenant,False
P003867,Brian Miller,369.279.3806,"2564 Graham Hills Suite 442, East Caseymouth, AR 48430",30,,,False
P000098,Bailey Yoder,464-781-4917x78507,"138 Bradley Wall, East Brandonstad, MS 20172",32,G008,lieutenant,False
P003324,James Bryant,5074120813,"4960 Jennifer Garden, Amandastad, WI 89013",49,G004,member,False
P003309,Samuel Fox,+1-908-412-5113x39897,"416 Brown Locks, Port Michaelborough, GU 56086",52,G009,lieutenant,False
P002840,Matthew Watts,997.333.5613x08524,"3077 Lynn Crest, Rodriguezborough, LA 41554",60,G010,member,False
P002309,David Walters,001-821-220-9698,"5715 Hartman Isle Suite 239, Tylerport, MH 54049",40,G009,member,False
P002454,Patrick Myers,6542286357,"74444 John Track Apt. 582, Port Donna, MA 19457",20,G004,member,False
P004845,Frank Jackson,+1-851-750-1999x484,"81345 Paula Turnpike Suite 262, New Rebecca, IN 93673",44,,,False
P002140,Kristen Hoffman,+1-450-737-4361,"618 David Circles, Lisaburgh, CA 20890",29,G010,associate,False
P001130,Amber Baker,759-765-7657x86800,"7644 Lewis Mall, East Steven, MN 54382",28,G010,member,False
P001562,Lindsey Mcpherson,976-829-4846,"9536 Rebecca Alley Apt. 070, South Johnbury, MS 07677",25,G002,lieutenant,False
P002249,James Barton,+1-355-301-3584x1034,"PSC 7320, Box 2201, APO AA 30452",63,G009,boss,False
P002480,Taylor Shaw,(558)926-3016x18030,"63405 Avila Knolls Suite 156, East Jacob, GU 76309",33,G010,member,False
P002049,Alexander Luna,492.390.4699x8117,"0261 Burns Lights, Whitefort, AR 20302",36,G009,associate,False
P004443,Paul Cohen,(876)786-9102x7440,"37514 Hickman Stream, Port Krystalfort, WV 10959",21,,,False
P001611,Marvin Torres,(730)374-8781x340,"PSC 0501, Box 8136, APO AE 65285",64,G001,member,False
P002735,Justin Cuevas,764-975-6091,"1579 Wilson Green Apt. 823, Devinside, GA 08333",58,G005,associate,False
P001641,Sean Lopez,(397)845-1165,"49513 Bianca Meadow Apt. 575, Lake Bailey, MO 98001",37,G001,associate,False
P000314,Elizabeth Robinson,001-648-412-3083x402,"338 Aaron Key, Markside, KS 95145",30,G004,associate,False
P004995,Nicole Jackson,3745130670,"Unit 2158 Box 1463, DPO AA 54354",55,,,True
P000585,Tanya Shannon,782-921-7588x3978,"USNS Brown, FPO AE 34514",22,G005,member,False
P000972,Kevin Cook,(488)226-7280x0727,"472 Stephen Knoll, Campbellmouth, NC 29766",58,G002,member,False
P000807,David Garrison,274-365-6426,"2631 Moss Row, Englishmouth, MI 76869",32,G007,associate,False
P001866,Cody Lucas,966.300.9997x49411,"64873 Martinez Key, Port Danielmouth, PA 75973",55,G006,lieutenant,False
P002265,Karen Nelson,+1-214-215-2387x7870,"5069 Linda Road Suite 633, East Jamesmouth, MP 39442",23,G005,member,False
P000641,Mrs. Candice Joseph,4194442589,"0629 Clark Shoal Apt. 637, North Melissa, DE 70175",35,G001,lieutenant,False
P004111,Keith Maldonado,3606875233,"019 Kristen Vista, Barrettfurt, UT 43047",42,,,False
P002413,Jaime Anderson,391-622-8673x194,"651 Amanda Squares, Port Gregoryburgh, SD 28360",30,G003,member,False
P000676,Brent Green,001-937-284-6790,"60013 Watson Spurs Apt. 034, Kevinview, DC 79334",59,G006,member,False
P002942,David Anderson,632-794-2928x406,"2479 Rodriguez Mountain Apt. 571, New Nathan, IA 18702",23,G002,member,False
P000622,Audrey Cruz,932.790.4575x988,"29964 Randall Fort, South Emily, FM 23986",40,G002,lieutenant,False
P002176,Darin Mcclure,(849)462-3443,"56283 George Haven Suite 741, Doylebury, UT 32914",21,G006,member,False
P004813,Michael Savage,(689)443-8808x591,"051 Cody Corners Suite 951, North Michaelview, FL 41405",36,,,False
P003619,Keith Humphrey,391-210-6891,"78301 Thompson Pass, Juliafort, KY 40304",40,,,False
P001472,Anthony Marquez,+1-206-335-3335,"USNS Fisher, FPO AA 09444",25,G002,member,False
P000203,Summer Hoover,579-329-1117,"6519 Marc Underpass Apt. 092, Bryanview, FL 99794",47,G003,lieutenant,False
P003133,Yvonne Ortiz,629-643-2147x4935,"587 Ortega Valley Suite 987, Stokesside, NV 08245",56,G003,member,False
P004550,Stephen Cunningham,229.429.1693x57576,"PSC 2823, Box 0324, APO AP 86707",33,,,False
P002598,Adam Griffin,001-764-442-0707x713,"28998 Wilson Pass, Mosstown, MI 35742",62,G008,member,False
P004076,Cody Khan,539-847-8818x47849,"6265 Katie Lodge, Chloeshire, MP 65048",47,,,False
P003011,Christopher Thomas,001-542-417-8277x10501,"21383 William Fork Apt. 346, East Robert, KS 19086",58,G001,member,False
P003351,Wesley Watts,+1-964-343-9120x923,"54807 Sophia Road, North Christine, AS 34157",26,G001,member,False
P004472,Nicholas Green,001-609-429-1864x565,"682 Edward Point, Allentown, OK 77227",65,,,False
P003831,Julia Pena,320.433.4828x991,"24601 Lori Points Suite 470, Nathanberg, GU 43219",19,,,False
P003696,Amber Wright,490-625-1190,"USS Lopez, FPO AA 93029",53,,,False
P003491,Scott Nixon,274-312-3157x70733,"729 John Creek, East Nicolefurt, ID 03587",27,G001,lieutenant,False
P002756,Mary Williams,+1-589-290-7077,"222 David Avenue, North Michelle, MI 20187",26,G006,boss,False
P004197,Penny Finley,+1-435-858-6255x2926,"4978 Austin Summit, Lake Anna, MS 60011",21,,,False
P003812,Nicole Smith,(356)470-2737x6149,"998 Melanie Parkways Apt. 906, Warnerchester, WI 58566",31,,,False
P000338,Madeline Hayes,(724)702-9901,"84139 Amanda Path, East Michelle, DE 28938",41,G008,lieutenant,False
P001886,Benjamin Russo,001-945-334-7491x16084,"34494 Gibson Unions, Amandahaven, MI 87644",65,G006,lieutenant,False
P002881,Diane Solis,(955)320-1332x0573,"PSC 9402, Box 0712, APO AA 62237",27,G001,lieutenant,False
P004516,Joseph Murphy,001-570-778-5243x3805,"02591 Anthony Shoals, Meganburgh, VT 96715",51,,,False
P002418,Christopher Parks,001-671-780-3881x43710,"0960 Jessica Island, South Heathershire, NH 44553",38,G008,member,False
P000689,Christine Jones,587-536-6271x35896,"058 Cantrell Terrace, Davisport, NV 87750",64,G009,member,False
P001101,Vincent Johnson,685-331-2344x358,"5124 David Well Suite 378, South Katherinetown, ME 73784",43,G001,associate,False
P004890,Rachel West,730-312-6353x56104,"USCGC Wagner, FPO AP 50027",62,,,False
P002086,Dylan Wilcox,+1-205-640-0853,"9619 Michelle Ridges, Garzashire, NE 43642",60,G006,member,False
P003065,Rhonda Hess,(832)442-5475x957,"896 Adrienne Mount, Garrettside, TX 24080",60,G005,lieutenant,False
P001288,David Carlson,001-242-885-8033,"8632 Zachary Valleys, West Theresaview, TN 67499",43,G008,lieutenant,False
P003090,Teresa Gallagher,+1-269-277-1576x067,"80024 Cesar Walk, North Alexishaven, GA 95946",40,G010,member,False
P003482,Rodney Palmer,860.957.4707,"05111 Tracy Motorway, Cannonborough, NY 53699",36,G002,associate,False
P002507,Carol Andrade,546.987.9271x8551,"979 Camacho Plains Apt. 878, Craighaven, MT 62274",52,G007,associate,False
P001791,Brittany Johnson,(882)828-7956x14109,"293 Jessica Mission Apt. 885, South Ashleyborough, AR 92704",42,G001,boss,False
P003244,Nicholas Burnett,(722)913-5064x7209,"213 Brent Junction, Beckstad, CT 79121",45,G004,member,False
P001921,Jeffrey Jones,(762)825-1933,"3728 Nicole Parkway Suite 012, Ninaberg, AR 06154",32,G001,associate,False
P003704,Kimberly Bates,6979206881,"12647 Angela Spring Suite 880, East Rileyland, NC 88118",36,,,False
P001663,Nathan Hayes,499-202-5498x39103,"037 William Cliff, East Reginamouth, HI 78546",51,G003,associate,False
P001799,Leslie Sanders,(489)501-4081,"67660 Shawn Locks, South Allison, SC 73213",46,G009,member,False
P004992,Steve Graham,(608)997-5986,"87783 Jessica Ports, Robinsontown, NH 86600",32,,,False
P000300,William Hunter,(482)960-3408x487,"883 Elaine Cape Apt. 032, Melissaborough, DC 79425",60,G010,member,False
P003285,Joseph Phillips,5448656594,"208 Joyce Lodge Apt. 210, Archerfort, AS 75372",45,G005,lieutenant,False
P002199,Patricia Dunn,(904)895-4928,"PSC 5675, Box 3866, APO AP 68262",29,G009,lieutenant,False
P003882,Gabriel Moss,324-552-4141x17705,"85620 Amanda Courts Apt. 451, Frankberg, VI 50623",24,,,False
P004054,David Nguyen,+1-682-250-3033x72578,"3800 Emily Corner, South Brian, AZ 64820",49,,,False
P003960,Gail Garner,+1-792-822-6880x84840,"2348 Kimberly Flat Suite 866, Mitchellborough, DE 37704",56,,,False
P003063,Daniel Dean,5048219989,"3312 Barnes Street, Jonesview, FM 20437",39,G003,associate,False
P002637,Kathleen Carter,239.689.8525,"252 Duarte Islands Apt. 315, New Julie, AS 28720",23,G007,boss,False
P001467,Joshua Payne,001-308-288-6081,"236 John Loop Apt. 858, Joseview, IL 64460",32,G007,member,False
P003804,Dawn Meadows,001-947-476-4637,"1776 Tammy Heights Apt. 153, North Jonberg, SD 32493",51,,,False
P004085,Lisa Ramirez,+1-606-633-5578x5038,"61025 Medina Pine, Stevenmouth, FL 18808",49,,,False
P004266,Christine Khan,520-580-3348,"931 Tyler Shores, East Scottport, PA 68907",37,,,False
P004172,Tina Simpson,(689)325-4292x5773,"5424 Perez Center Suite 174, Fryebury, WA 45738",54,,,False
P003180,Julie Harvey,+1-488-336-1645x6939,"958 Joshua Square, Santosside, WA 09282",50,G010,member,False
P004619,Anthony Ingram,001-913-443-7757x16578,"987 Baker Brook Suite 061, Lake Stevenburgh, NH 28193",49,,,False
P004578,Brittany Carpenter,773.367.4366,"0668 Scott Mission, Lake Sydney, ME 89653",33,,,False
P000532,Emily Harrison,767.600.9004x36551,"9136 Lauren Pass Apt. 550, Kyleburgh, WY 76106",47,G002,associate,False
P003856,Ryan Francis,6769670426,"8066 Burton Canyon Apt. 186, Gregorychester, LA 93824",31,,,False
P000667,Lisa Johnston,412.283.1800x36660,"28538 Lopez Court Apt. 505, West John, NC 31295",36,G007,lieutenant,False
P001715,Autumn Wallace,673-435-8362,"6944 Angela Plaza, Jonesland, IN 42923",35,G005,associate,False
P004535,Jennifer Armstrong,001-366-818-1389x723,"819 Nancy River, Collinsville, FM 08802",31,,,False
P004164,Patricia Rogers,+1-363-979-0529x68770,"46207 Timothy Summit, Richardmouth, NC 93389",48,,,False
P001036,Lisa Juarez,(488)228-4705,"298 Davis Street, East Julie, PW 02699",58,G006,associate,False
P002295,Sarah Huff,571.558.9278x125,"793 Mason Viaduct, Erikmouth, CA 11076",24,G005,member,False
P000437,Sarah King,+1-755-834-7057x42388,"1559 Leslie Inlet, Lake Christopherfurt, MD 82001",54,G007,associate,False
P004433,Peggy Garrett,(415)933-3853,"655 Amy Trail Suite 877, Jeffreychester, AR 08231",40,,,False
P002685,Jessica Curry,(891)815-3405x2426,"8699 Brent Mountain Apt. 816, West Dannybury, NM 77863",53,G005,associate,False
P001218,Angie Williams,(686)628-8688x7924,"951 Howell Islands, Marshbury, TN 39782",53,G008,associate,False
P002410,Briana Kirby,517.610.8228x19403,"5933 Ramos Plains Apt. 588, Matthewshire, AZ 88666",48,G010,lieutenant,False
P001550,Emily Johnson,+1-863-337-0695x11819,"9559 Martin Ports Apt. 332, Charlesmouth, PR 61058",41,G010,lieutenant,False
P000379,Amanda Watts,+1-969-835-7824x347,"1314 Montes Islands Apt. 612, Huberville, MI 91854",36,G009,associate,False
P002004,Miss Kelly Johnson,001-712-969-1764,"73598 Bean Springs Suite 054, Mooreberg, NE 35612",49,G004,associate,False
P003519,Mason Ayers,(364)900-8879,"5256 Rebecca Flat, Port Jamesland, AK 55752",49,,,False
P002605,Adam Lopez,313-287-5093,"3559 Martinez Neck, Alexanderville, NE 50592",23,G005,member,False
P003066,Jill Martin,(224)558-5224x31672,"610 Jackson Falls Suite 591, Alexanderchester, MH 57722",19,G006,associate,False
P003099,Lisa Sanchez,001-652-530-0516x6523,"5749 Robert Highway Suite 624, Lake Linda, LA 26660",47,G009,associate,False
P001571,Amy Gonzales,+1-364-242-8630x7078,"24480 Myers Route, Sherriville, DE 97348",31,G001,associate,False
P001554,Christina Cochran,001-980-624-5571x162,"49286 Dennis Squares Apt. 231, Scottton, DC 69269",51,G004,lieutenant,False
P001072,Jacob Mccarthy,242-715-7837x9264,"739 Boyd Lake, West Jessica, DC 69467",27,G002,associate,False
P001184,Jason Cabrera,001-804-504-6551x128,"50228 Benjamin Trail, Erinmouth, OR 47229",33,G004,associate,False
P000971,Thomas Hubbard,(510)239-2788x88189,"163 Rickey Pass Suite 851, Sarahton, MI 82776",54,G001,member,False
P004489,Lauren Bryan,(736)779-6540x851,"5200 Pace Parkway Suite 713, New Courtneyhaven, GA 29529",19,,,False
P003554,Brandon Johnson MD,(936)987-0288x977,"Unit 6750 Box 5675, DPO AP 31024",28,,,False
P001404,Brandy Rowe,833-570-2657x814,"19353 Dorothy Burgs Apt. 584, Randallbury, FM 12510",54,G004,member,False
P004911,Ricky Lopez,691-519-5771x3696,"01074 Porter Parkway, Payneberg, CO 32995",58,,,False
P003029,Kimberly Allen,+1-838-716-9750x7838,"PSC 8991, Box 3546, APO AP 53387",37,G009,associate,False
P001968,Kathryn Spencer,001-567-278-9532x49753,"99932 Dennis Gateway Suite 157, Traceyborough, VI 52006",57,G008,member,False
P003738,Amber Anderson,001-701-555-5015x538,"8647 Hardy Lodge, Port Stacy, VT 16592",22,,,False
P004733,Stephanie Fisher,+1-561-474-9406x558,"397 Julie Mission Apt. 090, South Kathleen, AR 15400",53,,,False
P001723,Brent Warren,875-976-0180,"226 Kevin Tunnel Apt. 528, East William, PW 53415",51,G003,lieutenant,False
P002773,Tonya Schneider,493-522-9330x7423,"9880 Cunningham Groves, South Susanmouth, DC 10644",62,G003,member,False
P000910,Andres Sutton,+1-800-347-0911x03495,"1181 Shaw Summit Suite 466, West Jessicafort, NV 56213",42,G010,member,False
P003105,Jordan Campos,760.467.8449x64113,"006 Christopher Drives Apt. 245, South Patrickport, ND 53423",38,G005,associate,False
P001125,Ms. Maria Johnson,305-758-3911,"26400 Gina Street, Lake Jay, OK 57311",37,G005,associate,False
P000172,Duane Mccormick,+1-840-570-1645x104,"Unit 8157 Box 9812, DPO AE 66122",58,G002,member,False
P000829,Donald Murphy,(283)659-9940,"9135 Janet Gateway Suite 053, Tammymouth, FL 22092",42,G009,member,False
P002145,Samantha Dixon,+1-596-781-8143,"PSC 8628, Box 3588, APO AE 47993",42,G005,member,False
P001443,Randy Obrien,9479078937,"399 Houston Fields, Knightville, AS 68550",61,G003,lieutenant,False
P000177,Danielle Medina,001-408-868-0347x6447,"827 Davis Parkway, East Kimberlyside, DC 52021",26,G007,boss,False
P001606,David Smith,(474)332-1115x495,"196 Carrie Cliff Apt. 641, Schneidermouth, UT 75078",65,G006,associate,False
P001463,Charles Harris,001-216-575-0115x327,"7756 Lewis Oval, East Vanessashire, OR 70903",44,G003,member,False
P004549,David Bass,808.200.5146x4240,"010 Cynthia Track Apt. 531, Judithbury, KS 12783",46,,,False
P002784,Kyle Graves,001-368-660-6253x613,"7711 Monica Wall Apt. 933, North Stacey, NV 82713",42,G004,associate,False
P001428,Caleb Grant,234.680.9854x48789,"PSC 8334, Box 6586, APO AP 60514",65,G008,member,False
P002147,Rhonda Solomon,522-848-9801x476,"9658 Butler Pine, West Brianbury, MP 36044",33,G007,associate,False
P001794,Michael Hogan,(657)343-0620x6814,"02981 Jason Trace Apt. 843, New David, LA 11533",42,G004,member,False
P001427,Laura Smith,(668)881-2790x4252,"8179 Eric Heights, Lake Cherylmouth, PA 58548",45,G007,member,False
P002328,Samantha Dorsey,709.732.0796x44817,"USNV Conley, FPO AE 79240",43,G008,member,False
P001621,Juan Morton,631.661.6697,"PSC 6970, Box 7119, APO AP 94556",54,G001,lieutenant,False
P001632,Gregory Mcdaniel,001-923-983-5223,"8063 Joseph Plaza Suite 846, West Meganburgh, MT 14241",44,G002,associate,False
P004896,Philip Cruz,(291)460-8979,"7090 Jillian Road Apt. 917, Chrisburgh, WV 78306",26,,,False
P000360,Nicole Fisher,209-441-0175,"2983 Johnny Mill Suite 332, Cervantesborough, CO 76799",33,G010,member,False
P002949,Jeremy Dixon,001-473-608-5626x239,"34017 Obrien Spring Suite 136, Chrismouth, WA 99365",27,G009,associate,False
P001593,Jennifer Gardner,278-827-5773,"17419 Parker Stream Apt. 092, Roberthaven, WY 27011",27,G003,member,False
P003608,Darlene Hubbard,001-355-731-9055x998,"4859 Margaret Mountain Apt. 749, Veronicaland, MT 76442",20,,,False
P002381,Megan Taylor,680.305.6088x638,"84194 Gonzales Loaf Apt. 579, East Gary, VA 08764",48,G001,member,False
P004591,John Leonard,5964131681,"955 Garrett Ranch Suite 023, Norrisbury, NH 17797",42,,,False
P000944,Bruce Rivera,219.436.2526,"088 Richardson Harbor Apt. 293, Port Victoria, ND 30751",64,G004,associate,False
P000246,Alex Martin,(677)870-7933,"66799 Johnson Locks, Palmerfort, IN 94124",33,G006,lieutenant,False
P004511,Sergio Armstrong,478.216.9697,"04464 Dominic Gardens, Josephbury, MS 11225",28,,,False
P000605,Michael Davis,7308762054,"0066 Henderson Course, North Rebeccafurt, PW 49124",43,G005,member,False
P004893,Leah Wise,+1-972-242-8179x667,"4061 Bonilla Throughway Suite 953, North Drewport, NE 54574",37,,,False
P002973,James Campbell,290-492-5228x0390,"2348 Ramos Terrace, East Joseshire, NJ 63811",23,G003,member,False
P000056,Samantha Jones,317-478-5289x22680,"3584 John Roads, Davidport, RI 70425",43,G006,associate,False
P001510,Robert Black,509-846-6549x7705,"9541 Daniel Mountain, Jacksonside, SD 04617",65,G010,member,False
P003280,Cindy Jackson,001-874-459-3550,"04763 Alan Corners Apt. 205, West Josephshire, NC 36985",34,G010,associate,False
P001682,Mrs. Kristin Moore,691.536.9975,"7271 King Drive Apt. 412, Taratown, VT 27182",47,G002,member,False
P003080,Connie Jones,880-381-0262x3332,"02079 Paul Hill, Clarkmouth, VT 69824",22,G010,member,False
P002716,Elizabeth Anthony,666-626-3575,"54168 Kendra Crest Suite 214, Thompsonbury, AS 68341",41,G006,member,False
P003939,David Nichols,689.590.2540,"07604 Boyd Flats Suite 267, Daniellestad, WI 90475",25,,,False
P001959,Tim Frederick,606-254-7651x267,"1383 Boyle Loop, Port Annette, IN 40081",29,G009,associate,False
P001747,Jonathan Hull,+1-577-522-2264x615,"USS Hernandez, FPO AE 18302",54,G007,member,False
P003822,Bryan York,6224517509,"57445 Smith Center Suite 191, Port Julieberg, MD 36706",63,,,False
P001887,Manuel Wiggins,645-414-2157x2991,"1339 Joseph Place, South Richard, LA 87418",38,G007,member,False
P001828,Micheal Cooper,001-575-397-1131x5687,"2645 Mercado Ports, Tammyhaven, LA 49152",60,G008,member,False
P000031,Stephanie Marshall,882-917-5946x4743,"594 Johnson Village Suite 409, New Julieport, WI 30663",36,G001,member,False
P001798,Richard Ramirez,(368)747-1329x01029,"118 Fox Crest Apt. 146, East Jamesstad, IA 44783",61,G008,member,False
P004063,Rebecca Terry,(405)861-7056x406,"Unit 0062 Box 6356, DPO AE 13088",52,,,False
P000346,Pam Palmer,847-528-1235x67983,"49127 Julie Garden Apt. 724, South Dorothymouth, MI 35310",38,G006,member,False
P004798,Thomas Miller,612.298.2004x9700,"5654 Nicholas Crossing, Josephchester, CO 95050",51,,,False
P000859,Jennifer Diaz,001-282-246-8549x27240,"86014 Tyler Island, New Andrewmouth, KY 27825",42,G009,member,False
P001330,Kaitlyn Estrada,(958)292-2355x285,"02282 Laura Knolls Apt. 878, Garciaborough, MI 78964",57,G010,lieutenant,False
P002693,Jason Ward,(691)436-4725x9856,"89853 Cabrera Viaduct, West Johnville, SC 76002",36,G003,lieutenant,False
P003430,Autumn Weiss DVM,540-917-9559x89834,"05283 Austin Stravenue Apt. 300, Port Scott, KS 15945",54,G010,associate,False
P002455,Joe Sanchez,001-306-217-7998x90438,"05950 Casey Crossing, Adamview, NY 56730",50,G005,associate,False
P002750,Daniel Reese,6286785272,"USCGC Elliott, FPO AE 49131",42,G010,member,False
P002713,Charles Cox,360.349.6022x50920,"2617 Zachary Square Apt. 702, Hahnberg, MN 74428",42,G003,member,False
P003829,Patricia George,001-935-220-0063x3388,"9013 Christina Point, Lisaton, KY 49367",25,,,False
P003898,Peter Rose,9636661718,"904 Roger Turnpike, Hawkinsberg, AR 52425",40,,,False
P004681,Jeremy Powell,+1-328-707-9071x202,"PSC 9304, Box 8001, APO AE 56569",18,,,False
P002798,Michelle Grimes,566.217.7200x231,"45016 Justin Hills, Aarontown, RI 04658",43,G008,member,False
P000561,Michael Summers II,949.418.9117,"340 Mary Fords Suite 415, Shawnmouth, GU 43461",44,G001,member,False
P001649,Louis Brown,001-416-778-7586x47401,"5504 Massey Mews, West Janiceside, PR 96600",52,G009,associate,False
P001642,Tyler Jones,+1-618-813-2072x39191,"63698 Shea Turnpike Apt. 676, Michaelshire, CA 78743",53,G002,member,False
P001601,Joanne Johnson,576.593.1316x453,"55035 John Street Apt. 101, West Stacy, UT 53388",33,G001,associate,False
P002817,Kathleen Holland,553-695-7303,"PSC 1604, Box 6290, APO AP 63650",41,G007,lieutenant,False
P003458,Michael Anderson,(302)653-2484x0599,"265 Nicholas Trail, East Emily, PA 49735",23,G008,associate,False
P000448,Angel Harris,299.500.6314,"63560 Donald Gateway Suite 694, Lake Jill, KY 54136",43,G008,member,False
P004155,Carl Reyes,944-375-2711x303,"91158 Amy Hill Apt. 161, West Michael, VI 87461",47,,,False
P001945,Daniel Thompson,5493386362,"PSC 5533, Box 7347, APO AA 85721",34,G005,associate,False
P000470,Christopher Reeves,855-251-6517,"281 Shane Crescent Suite 330, North Dawnbury, NJ 06057",63,G010,member,False
P001185,Tracy Fox,001-627-567-7423x935,"PSC 3732, Box 7839, APO AA 98304",27,G005,member,False
P004241,Kristopher Perkins,001-565-505-4161x68410,"40047 Keller Grove, East Anthony, NV 45086",29,,,False
P000067,Frances Gibson,+1-688-472-8743x1527,"9329 Wilcox Passage Suite 161, East Thomas, IA 01396",52,G007,member,False
P003022,Tina Holland,230-250-4483x9173,"787 Logan Harbors Apt. 574, New Barbara, IL 19869",20,G002,associate,False
P002385,Ronald Graham,001-870-362-5091x792,"560 Wong Ridge, Lake Henry, DC 96885",29,G005,associate,False
P002810,Christine Richardson,+1-747-316-3441,"24036 David Ferry Suite 827, New Sarahfort, NE 06432",38,G010,member,False
P002529,Susan Lowe,869-264-9289x638,"9930 Luke Mission Suite 424, Kurtside, HI 71296",49,G009,member,False
P003847,Trevor Gonzales,4335944540,"728 Charles Plains, North Cassidyview, FL 73457",25,,,False
P001208,Catherine Price,(315)739-3929x42702,"43390 Moore River, Williamport, AS 59019",53,G008,member,False
P004894,Noah Bryant,(693)565-3459x4591,"176 Stewart Meadow Apt. 650, Savannahhaven, KS 25930",23,,,False
P002550,Nancy Harrington,947-262-0693x48673,"PSC 2197, Box 6174, APO AE 18646",39,G010,member,False
P002931,Adam Morrison,941-389-2348x2224,"151 Mercado Estate Suite 489, Christinamouth, VA 12747",62,G001,associate,False
P004204,Jacob Martinez,(434)247-4887x96140,"8829 Jessica Hill Suite 883, Zunigaland, WI 72565",23,,,False
P003571,Gary West,7062962685,"1016 Jackson Estate Apt. 166, Keithmouth, NY 53687",40,,,False
P002554,Andrea Wheeler,+1-768-822-6723,"61475 Taylor Mission Apt. 355, North Sara, PR 84492",61,G004,lieutenant,False
P001046,Heidi Rivas,(657)995-9900,"23254 Smith Plaza Apt. 134, West Laurie, VT 48589",25,G006,associate,False
P000496,Timothy Chavez,226-442-3642x8131,"2303 Carlos Courts Suite 281, Transtad, VA 23952",26,G006,associate,False
P000362,Benjamin Miller,841.717.3098x50344,"1893 Ross Centers, New Thomasview, SD 04430",46,G002,associate,False
P001128,Timothy Scott,+1-439-595-3155x664,"69089 Adams Radial, Myershaven, CA 16457",33,G008,member,False
P001992,Douglas Riddle,+1-613-824-0621,"4733 Brown Wall, Marcfurt, ID 38615",61,G002,lieutenant,False
P001524,Darlene Campbell,906-906-0673,"41810 Stephen Valley, New Donnafort, RI 70370",61,G004,associate,False
P003643,Marcus Davis,670-571-0855x5407,"679 Angela River Suite 341, Hernandezmouth, UT 50225",56,,,False
P003944,Stephanie Ruiz,+1-314-763-7073,"82090 Johnathan Drive Suite 778, North Taylorfort, CA 92390",51,,,False
P003449,Crystal Graham,711-303-7408x6004,"649 Mooney Station Suite 437, Booneton, OR 20009",63,G009,associate,False
P002912,Christopher Martinez,+1-919-581-0250x7853,"0206 Sharp Springs, Port James, OH 17764",52,G002,member,False
P002100,Michael Evans,+1-792-422-5716x40048,"45646 Robinson Orchard Apt. 801, Lake Samantha, MS 27678",46,G010,associate,False
P004169,Daniel Stanley,6037154841,"847 Hurley Keys, South Randallside, PR 35205",54,,,False
P004852,Frank Friedman,+1-754-740-0829x15573,"72883 David Mountain Apt. 178, Longmouth, NV 79477",60,,,False
P001587,Mark Torres,737.936.0908,"476 Daniel Stravenue Apt. 429, North Ericshire, GA 84686",21,G007,boss,False
P004724,Diana Smith,860-762-8788,"PSC 6717, Box 3431, APO AE 21983",26,,,False
P000101,Brendan Anderson,(719)990-6234x4565,"29121 Shannon Island, Martinezstad, WI 27716",18,G001,member,False
P000842,David Cooper,+1-986-869-3278x41783,"3820 Corey Harbor, Port Paulstad, GA 92294",45,G002,member,False
P000885,Ryan Warren,001-440-922-3461x4466,"41176 Gabrielle Extensions, West Jacobhaven, IN 15272",43,G005,member,False
P004692,Tammy Cooper,+1-722-277-8720,"114 Nicholas Field, Foxland, UT 83001",19,,,False
P002689,Sara Carlson,5058832697,"017 Lori Course, New Matthewburgh, NM 73108",47,G009,member,False
P004464,Zachary Williams,746.494.8183,"PSC 7800, Box 2060, APO AE 77081",59,,,False
P003720,Laura Chambers,(321)483-5924x91616,"8182 Chelsea Glens Suite 764, Lake Deborah, PW 24474",37,,,False
P000213,Jeremy Newman,931-903-8569x5579,"2437 Arellano Trail, East Michaelmouth, GA 81586",34,G003,lieutenant,False
P002783,Alyssa Reyes,+1-702-431-7508x1053,"29652 Dalton Creek Suite 447, East Tiffanyview, CO 68592",58,G003,associate,False
P000830,Kerry Anderson,9645157809,"04194 Sanchez Club, Monicaberg, WY 67418",41,G010,associate,False
P003508,Lynn Rangel,291-800-8914x5823,"4277 Nathaniel Harbors, Whiteport, PW 13851",19,,,False
P003803,Kristin Jones,784.280.1408x09912,"5058 Elizabeth Centers Apt. 555, Cynthiaview, RI 06709",26,,,False
P003146,Charles Tapia,(797)997-0998x45220,"554 Jacqueline Stream Apt. 058, South Patriciatown, NY 10393",45,G006,member,False
P003715,Caroline House,4683086366,"07169 Martin Knoll, Parksstad, MS 76371",32,,,False
P000087,James Long,355-479-2499,"1252 Barnes Dam, Hendersonfort, SC 70936",52,G007,associate,False
P001910,Caroline Crosby,412.407.9624x80995,"5617 Rachael Mission, North Christian, PR 95778",34,G010,member,False
P003368,Sharon Yu,471.657.1406,"23517 Matthew Isle, Marshport, WV 38257",31,G008,member,False
P000786,Mike Francis,001-971-288-8223x788,"68061 Heidi Glens Suite 647, Petermouth, NY 56649",51,G006,associate,False
P004887,Beth Anderson,9086789810,"3244 Mendez Street, New Rebeccabury, ID 42780",41,,,False
P003125,Ricardo Hunter,(387)417-7502x4839,"155 Sarah Pine Apt. 775, Lake Edward, ID 46134",60,G005,lieutenant,False
P002416,Paula Sutton,477-529-6229,"671 Nelson Club Suite 327, Johnmouth, MO 95663",51,G006,member,False
P000428,Scott Pacheco,3479742585,"38223 Julia Stravenue, Campbellville, IA 30152",50,G008,associate,False
P000458,Mark Carter,759-670-9962,"075 Brett Garden Suite 476, Billymouth, TN 11018",21,G008,member,False
P004943,Ryan Gentry,654.483.6417x733,"13689 Joshua Club, Josephburgh, FM 60789",45,,,False
P000539,Felicia Walsh,444.291.6093x6595,"89418 Perez Locks, Coopertown, OR 18758",30,G009,associate,False
P003538,Blake Ritter,(699)294-4507,"9176 Kathleen Court Suite 300, New Jill, IL 96523",27,,,False
P002470,Caitlin Singleton,001-282-321-8987,"444 Jones Rest, Millerfort, AL 32438",43,G010,member,False
P000449,Jennifer Gutierrez,337-349-0607x231,"28524 Mitchell Heights Suite 941, South Mackenzieborough, CO 73213",53,G009,associate,False
P003621,Mrs. Latoya Roberts,2926651192,"7033 Brian Locks, Matthewfort, OH 82408",38,,,False
P000508,Timothy Bauer,353-937-2201x0912,"5593 Graham Crossing, Sharonborough, MH 62527",42,G008,associate,False
P001045,James Dean,473-308-8240x353,"0293 Hall Row Apt. 941, Port Jennifer, GU 72810",54,G005,member,False
P004487,Margaret Rogers,(452)319-1474,"96945 Johnson Island, Lauramouth, IL 56164",54,,,False
P002567,Anne Koch,001-392-762-3618,"6423 Moreno Parkway Suite 079, Lake Cynthiaport, NH 49532",22,G007,member,False
P003092,Jacqueline Adams,001-545-528-8250,"USCGC Marshall, FPO AE 87148",60,G002,associate,False
P000274,Alexandra Valdez,001-326-733-3738x98775,"637 Farrell Burgs Suite 292, Sherrytown, NM 86857",22,G004,member,False
P000498,Robert Byrd,(888)468-7859x9648,"03195 Wilson Loop Suite 645, West Tonytown, IL 57587",24,G008,member,False
P000701,Allison Arellano,(245)459-8516,"8912 Fernandez Lodge, Jessicaside, FM 54715",37,G001,member,False
P004520,Zachary Garcia,(204)799-5640,"020 Douglas Island Apt. 433, South Gary, NJ 21297",49,,,False
P003658,Angela Nelson,+1-278-696-3206x7715,"269 Rebecca Estates Suite 539, Port Cameron, AS 46548",40,,,False
P000784,Laura Washington,001-284-791-4986,"9326 Phillips Crossroad, Lake Jeffrey, OR 34220",26,G004,associate,False
P003593,Mark Zimmerman,001-215-472-2196x9381,"1858 Kristin Summit, South Carrie, OH 48491",63,,,False
P000598,Caleb Grant,001-938-754-5400x64454,"12327 Carrillo Ridges, Flemingland, NV 57961",49,G008,member,False
P001940,Katherine Espinoza,283-289-5175x20477,"076 Steven Gateway, West Matthew, ND 21160",33,G010,member,False
P004806,Tanya Ramos,(371)711-5494x7028,"836 Conrad Station, Andreamouth, FL 78542",27,,,False
P002733,Pamela Chapman,296-917-4648x782,"207 Kennedy Grove Suite 483, Millermouth, IL 99832",53,G003,associate,False
P000446,William Castillo,+1-691-781-5899x88683,"6666 Tracy Overpass, West Annafurt, ME 65724",39,G006,associate,False
P004842,Kayla Brandt,889-381-6482x342,"681 Donald Port, North Michaelborough, OH 97657",43,,,False
P001953,Melissa Anderson,+1-506-667-2527,"1906 Burns Row Apt. 108, North Robert, VA 36766",37,G003,member,False
P003880,Alicia Shepherd,+1-766-900-5407,"9611 Amy Radial, East Gregory, AK 65904",60,,,False
P000884,Nicholas Cochran,001-888-862-6395x612,"PSC 7830, Box 5573, APO AA 13404",41,G004,member,False
P002025,Debra Graham,840-342-4142x6562,"6430 Samuel Inlet, Yoderfurt, UT 01840",35,G005,member,False
P002052,Mitchell Walter,001-709-678-5253x9913,"USNS Martinez, FPO AP 60866",20,G002,lieutenant,False
P002739,Melissa Robinson,001-370-404-6660x5226,"30520 Adams Burg Apt. 917, South Ryanbury, MD 39401",29,G009,lieutenant,False
P000197,Joan Gregory,801.985.6945x44149,"938 Byrd Falls, Amytown, MP 09407",44,G007,associate,False
P004557,Anthony Alexander,(493)591-5048x9859,"Unit 4996 Box 5756, DPO AP 45299",18,,,False
P003932,Katherine Frazier,(249)393-1780,"9106 Stephens Heights, North Scottland, NV 17502",40,,,False
P004839,Mary Brooks,+1-456-918-8250x65259,"22746 Charles Fall Suite 038, West Michaelshire, MD 62381",47,,,False
P000793,Martin Russo,001-784-819-6233x260,"76748 Corey Mills Apt. 066, Port Brittany, TN 84680",36,G003,lieutenant,False
P000515,Scott Sparks,(918)863-2397x91378,"00730 Smith Shores Suite 560, Michelleland, DC 13080",24,G005,lieutenant,False
P002547,Sharon Fernandez,653.774.1260x0267,"89420 Hernandez Ville Suite 887, Lake Sara, MP 21581",31,G007,lieutenant,False
P002698,Mr. Timothy Smith DDS,001-536-822-9822x505,"23584 Moore Circle, Christopherview, LA 36695",57,G008,associate,False
P001348,Steven Hall,+1-684-769-1281x5016,"2573 Eric Keys Apt. 612, Powellhaven, NV 52230",53,G008,associate,False
P001613,Ashley Drake,811-748-3240,"PSC 2612, Box 1669, APO AA 68168",35,G003,lieutenant,False
P002048,Christopher Rose,3865178087,"3242 Pamela Spurs Suite 703, Coxstad, OR 24985",29,G008,lieutenant,False
P000610,Edward Tucker,7569820922,"016 Sara Junctions, Hillton, NH 23003",21,G010,associate,False
P004585,Richard Castillo,+1-660-438-1765,"7937 Rodriguez Rue Suite 823, West Andrew, DC 36858",65,,,False
P001849,Matthew Miller,001-643-844-9197x4708,"724 Poole Lane, West James, MN 95429",57,G009,member,False
P000208,Andrew Carroll,421-577-6253x492,"97740 Fitzgerald Gateway Apt. 569, New Sophia, PW 75697",35,G008,associate,False
P000671,Elizabeth Guerrero,(402)766-5686,"57349 Matthew Fork, Emilytown, WV 58741",24,G001,member,False
P004926,Richard Cook,(910)438-0737x024,"595 Ellis Mills Suite 873, East Karen, LA 63514",46,,,False
P001595,Susan Bennett,(562)975-4540x349,"3642 Gina Walks Suite 705, Nicolefort, VI 52630",31,G005,lieutenant,False
P003211,Corey Lloyd,551.442.3544,"28316 Susan Light Apt. 708, Blankenshipstad, AZ 96174",50,G001,lieutenant,False
P004820,Brooke Lewis,574-426-7717x6867,"2396 Hernandez Stream Apt. 784, South Javierton, MN 93413",24,,,False
P002591,Mark Bridges,658.773.8688x0507,"47187 Lisa Brook Apt. 030, East Matthewberg, PR 86880",26,G001,member,False
P003678,James Thomas,5936048213,"4834 Sharon Point Suite 474, Adamsshire, HI 57559",56,,,False
P004362,Mr. Thomas Randolph,+1-948-676-1129,"8844 Larry Extension Suite 034, Zacharyhaven, NM 11478",49,,,False
P003442,Scott Maxwell,(714)569-5614x2660,"033 Allen Place, New Richard, DE 43881",33,G002,member,False
P002277,Linda Sims,429.224.0116,"073 Ruth Cove Suite 507, Hernandezhaven, MP 73449",56,G007,boss,False
P000385,Michael Robertson,001-911-361-6202x8123,"2872 Ross Hill Apt. 644, Christinastad, OK 85726",58,G005,associate,False
P001840,Michael Wilson,456.286.3454x9642,"5830 James Village, Amandaside, WI 60796",21,G010,member,False
P000357,Cathy Cardenas,+1-632-888-3774x41975,"6620 Bryant Port, Smithport, AZ 85056",51,G007,member,False
P004238,Melinda Simpson,579.839.1272x9983,"3978 House Mews Apt. 500, New Davidfurt, CO 21769",58,,,False
P002962,Judy Lawson,001-245-717-4388x18040,"944 Walker Shoal, Port Christopher, NM 87225",60,G002,member,False
P004060,Richard Harrington,+1-621-774-5331,"8081 Gardner Walks, East Brian, OK 50354",49,,,False
P003823,Felicia Ellis,490.955.4960x1559,"PSC 0588, Box 7433, APO AE 48209",53,,,False
P004246,Melissa Stein,001-586-251-8638x187,"37944 Michelle Manor Suite 269, Coleburgh, GA 81915",65,,,False
P000998,Vanessa Farrell,951-292-4741x11736,"56761 Ethan Point Suite 233, Port Alexiston, MN 52657",23,G008,member,False
P002245,Stephen Parks,722.527.5617,"173 Cindy Valley Apt. 819, West Jessica, VI 86946",65,G005,associate,False
P003334,Taylor Collins,+1-298-930-5122x06387,"9218 Nicholas Vista, Marshmouth, DC 86306",22,G004,member,False
P003544,Justin Patterson,874-794-6595x9300,"38111 Ramirez Rapid Apt. 336, Ritaton, NY 14944",28,,,False
P002647,Robert Osborn,(613)942-8233x4430,"2051 Carrie Knolls, Lauraport, OK 15032",18,G007,associate,False
P004624,Emily Dean,(930)713-5555,"447 Anthony Ridge Suite 970, Myersville, AS 43536",36,,,False
P003499,Brianna Ward,+1-552-579-7132x031,"73361 Lauren Ville, Erinville, NE 79293",40,,,False
P004541,David West,645.456.4677,"39151 Jason Mountains, Lake Margaret, SC 33580",29,,,False
P003719,Cameron Colon,696.999.1791x6469,"56738 Anderson Oval, Jakemouth, NE 45410",34,,,False
P002072,Thomas Morgan,236.493.6834,"45498 Courtney Village, Paulfurt, MN 25085",64,G002,associate,False
P004366,Amy Ruiz,323-560-9858,"49322 Roy Pine, New Christopherchester, ME 76099",25,,,False
P000190,Gloria Benson,(319)971-9975,"91965 Newman Circle Apt. 329, Port Dwayneberg, NV 70133",53,G010,lieutenant,False
P001572,Elizabeth Willis,4045491007,"204 Allen Mall Suite 041, North Brian, AZ 88482",50,G002,member,False
P002248,Sharon Vasquez,713-893-1165x31264,"5705 Rodriguez Ways Suite 159, Lake Amberbury, WY 30189",27,G008,associate,False
P004286,Victoria Burton,(970)945-4440x8485,"635 Christopher Lights, Lake Joshua, VI 58184",30,,,False
P001868,James Walker,(792)817-2340x515,"438 Brown Creek, West Kevinville, DE 91836",54,G008,associate,False
P002127,Ms. Jill Conley DVM,2813898137,"0844 Scott Walks Apt. 256, Andersonland, OK 89668",25,G007,lieutenant,False
P001044,Lori Mcmahon,001-752-352-0788x216,"45744 Hernandez Unions, North Kristine, TN 18262",61,G004,lieutenant,False
P000533,Andrew Klein,+1-270-463-3699x8795,"0164 Pamela Pines, West Connieview, PR 84882",61,G003,associate,False
P001051,Judy Perez,(231)560-3781x1057,"06670 Michael Rest Suite 696, Parksbury, VI 94310",65,G001,associate,False
P000536,Daryl Lowe,282-543-0176x46448,"88824 Swanson Dale Suite 905, West Gloriaton, PR 38692",37,G006,associate,False
P001438,Richard Moreno,(430)916-4303,"4332 Reed Motorway Suite 740, Wendyfort, NH 17472",58,G008,member,False
P001588,Dr. Glenn Bradford,861-251-2167x6089,"5897 Janice Curve Suite 658, Port Barbara, OH 43708",43,G008,associate,False
P001397,Sharon Moss,+1-666-603-6698x0276,"50079 Pham Meadows Suite 377, Beckerview, DC 36964",59,G007,boss,False
P004047,Matthew Roberts,001-448-674-1116x7965,"USNS Lyons, FPO AA 42697",37,,,False
P004099,Robin Smith,723.421.0311x3995,"2550 Shelton Park Apt. 941, Mcintoshmouth, IL 05670",52,,,False
P004696,Victoria Zamora,(733)483-1843,"76234 Amanda Lock, Port Anita, MT 37515",25,,,False
P004945,John Hays,415.742.5619,"07633 Perez Inlet Apt. 804, New Williamview, MN 38034",49,,,False
P003245,Lisa Gonzalez,(951)733-8639,"385 Gonzalez Curve, Sethbury, FM 36112",59,G005,member,False
P001607,Terry Serrano,001-848-236-0901,"3609 Carter Rest, Michaelborough, SD 35464",18,G007,lieutenant,False
P000059,Brent Roberts,(996)632-5953x2787,"8733 Williams Haven, Harperfort, LA 70846",25,G009,associate,False
P001713,Timothy Roberts,(840)342-1001x499,"8545 Ariel Villages Apt. 579, Cruzberg, WA 57008",45,G003,member,False
P004038,Richard Miller,855.875.6793x770,"879 Griffith Port, Jamesside, MN 34112",49,,,False
P002300,Dr. Kelly Abbott,6232071056,"4158 Simpson Island Apt. 408, Milesville, MD 99569",27,G010,member,False
P000302,Danielle Nelson,+1-618-461-5155,"0163 Lynn Tunnel, East Alishaport, OR 64676",47,G002,member,False
P002974,Lori Mcintyre,(685)565-5052x84304,"46452 Benjamin Ridge Suite 805, Port Jessica, CT 85850",44,G004,boss,False
P004046,Mr. Michael Cook,(661)780-2158x390,"789 Sheri Shore, North Katherine, PR 01713",27,,,False
P001920,John Lynch,+1-523-276-1825,"091 Vincent Club Apt. 126, West Lauren, VT 73295",56,G010,member,False
P001812,Alexandra Torres,001-844-868-4321x09549,"307 Ashley Club Suite 676, South Andrewshire, MN 15980",30,G002,member,False
P002484,Douglas Clark,+1-929-403-8265x1294,"3370 Carol Crossing, East Margaretland, TX 24682",22,G004,lieutenant,False
P000738,Elizabeth Wade,4877797247,"21883 Fuller Spring Suite 819, Lake Sara, AL 40151",58,G008,lieutenant,False
P001569,Curtis Underwood,(545)432-0654,"Unit 1434 Box 0371, DPO AA 20077",62,G009,member,False
P002932,Wesley Calhoun,+1-590-621-3868x6118,"2712 Juan Heights Apt. 827, Patrickhaven, DE 56077",43,G002,member,False
P002304,Krystal Hopkins,490.540.8086,"714 Steven Radial Apt. 191, Lake Caleb, MA 86471",32,G004,member,False
P000163,Mr. Edward Terry,492.385.5749,"4857 Kimberly Parkways Suite 209, Kimberlybury, MD 95004",59,G003,member,False
P001815,Thomas Rangel,(677)494-6685x32414,"7574 Mcguire Pines, Ericamouth, OH 49222",60,G005,member,False
P000077,Luke Estrada,+1-677-200-8860x084,"11823 Christine Glen Suite 461, Susanmouth, OK 32378",27,G007,member,False
P003642,Dustin Duran,624-895-5926x9469,"713 Bryan Rest, East Matthewside, CO 56992",38,,,False
P001581,Leslie Wagner,6553644199,"61605 Holly Ranch Apt. 761, Port Crystalville, WA 41198",54,G001,lieutenant,False
P003035,Brian Jackson,999.579.0117x62158,"033 Mitchell Fords Suite 253, East Austin, SC 88840",19,G005,member,False
P003791,Sandra Barber,4114349976,"781 Luis Burg Suite 789, Courtneyshire, HI 66162",37,,,False
P001023,Debra Roberson,2199919848,"0867 Michael Canyon, Mcdonaldville, VA 07685",27,G003,member,False
P000070,Robert Reese,001-910-265-1801,"65676 Miller Shore, Lake Michelle, DE 23893",47,G010,member,False
P001452,Anthony Wilson,997.279.6319x946,"087 Gilbert Views Apt. 229, North William, WV 64737",29,G002,member,False
P003169,Michael Brown Jr.,(448)913-9294,"5114 Eugene Canyon Apt. 731, South Elizabethburgh, MS 63500",26,G009,member,False
P002933,Elizabeth Clark,530.290.0906x2991,"406 Jay Harbors, Hessfort, ID 03066",46,G003,member,False
P003084,Kelly Robertson DVM,716-634-7016,"842 Courtney Valley, North Thomas, MT 85474",21,G004,associate,False
P002892,Melissa Odom,884.426.5979x843,"11423 Julia Points Apt. 837, Port Paige, WI 50300",32,G002,member,False
P001012,Ryan Steele,2712776135,"9223 Jennifer Parkway, Justinbury, MH 25285",53,G002,member,False
P003647,Dr. Scott Smith,(595)959-1985x970,"82959 Faulkner Bridge Suite 419, East Robin, NV 98274",60,,,False
P000254,Jennifer Baker,367.576.2282x7728,"285 Carolyn Lodge, North Mikeport, AZ 69022",49,G004,member,False
P004413,Michael Reynolds,(585)384-2551x8931,"78337 Kristen Locks Suite 115, Adambury, DE 73198",58,,,False
P000636,Taylor Salinas,447-501-7320x865,"PSC 7729, Box 6656, APO AE 26057",45,G006,associate,False
P000665,Kevin Schmidt,988-906-4420x062,"58566 Bautista Locks Suite 196, East Kenneth, HI 15153",45,G005,associate,False
P004409,Patricia Robles,(748)488-7632x05268,"09956 Ray Overpass, Rubenville, DE 58779",37,,,False
P003218,Mr. Victor Williams,001-456-435-3847x62362,"PSC 9607, Box 1357, APO AP 86769",29,G008,member,False
P004006,Margaret Ferguson,+1-281-655-7800x3342,"0940 Jackson Underpass Apt. 462, Reevesmouth, HI 52517",64,,,False
P003385,Courtney Dennis,568.448.4900x060,"893 Heather Trafficway Suite 566, West Jack, NC 23215",48,G005,member,False
P001422,Charles Gallegos,737-339-4912,"9436 Clark Meadow Suite 314, Heatherview, MN 55644",29,G002,member,False
P000079,Samuel Smith,892.761.4293,"185 Connor Fort, West Cassiefurt, WI 43279",51,G009,member,False
P000036,Hunter Kramer,001-350-324-0268,"917 Sonia Cape Suite 700, Boonechester, TX 14651",31,G006,member,False
P003904,Brooke Caldwell,969.382.9429,"35978 Diana Village, Howardstad, MN 61325",50,,,False
P000017,Katherine Nelson,206.356.2729x8069,"2046 Lewis Islands, Kathleenfurt, KY 99068",28,G007,associate,False
P001096,Jean Ward,615.326.2107,"01061 Weeks Knolls Apt. 996, Michaelmouth, ME 36050",64,G006,member,False
P000131,Casey Gutierrez,001-484-485-8333x945,"158 Aguilar Shores Suite 846, New Danielfurt, FL 07456",62,G001,member,False
P002691,Christian Townsend,(658)483-4996x0520,"7913 Davis Parkway, Rayton, RI 39640",53,G001,associate,False
P003767,Jacqueline Washington,936-342-1379x11569,"Unit 0840 Box 7669, DPO AA 80092",28,,,False
P001726,Jessica Griffin,+1-446-354-4821x8739,"8877 Underwood Tunnel Suite 031, Carlport, WV 87708",40,G006,associate,False
P002799,Carl Anderson,724.224.3056x960,"06799 Erin Heights, Gonzalezmouth, MA 45264",62,G009,member,False
P002635,Michael Wyatt,(743)541-9173,"4055 Maxwell Lights Apt. 218, South Andrew, VI 98955",26,G005,member,False
P002015,Amanda Duffy,286.834.8765x6128,"2110 Lewis Locks Apt. 566, Lovemouth, RI 58648",56,G005,member,False
P002237,Donna Franklin,+1-427-683-6774x473,"554 Fernandez Mountains, South Gloria, AZ 34650",24,G007,lieutenant,False
P003709,Gail Jimenez,001-616-604-8057x3588,"46157 Brenda Curve, Andersontown, NC 74920",55,,,False
P002142,Cameron Barton,+1-240-637-6494x133,"25549 Lamb Extension Suite 141, Port Philip, ID 19886",26,G002,associate,False
P002807,Jason Martin,+1-898-625-9955x1140,"06794 Terry Village, New Chelseyberg, AZ 87508",54,G007,member,False
P004613,Sarah Turner,970.240.8426,"1022 Jones River, New Katie, NH 28165",27,,,False
P004711,Joseph Scott,458.421.7810x51794,"6704 Tyler Locks, New David, WA 08008",35,,,False
P001728,James Fisher,(806)970-3933,"4410 Harris Mountains Apt. 182, North Jefferyview, AZ 82063",54,G008,member,False
P003539,Mark Walters,(423)681-2775x84308,"69987 Dominique Lake, Ronaldborough, NM 97997",40,,,False
P002290,Misty Dean,2469084674,"187 Garcia Oval, New Laurenside, CO 42271",60,G010,lieutenant,False
P001145,Michael Mcclain,(591)726-7191x96993,"13878 Benjamin Row, Morenohaven, AS 97237",51,G005,member,False
P004924,Nicholas Johnson MD,6845738709,"28409 Rachel Road Suite 444, Hernandezburgh, RI 49682",65,,,False
P003239,Dana Stevenson,001-241-956-8807x28560,"18051 Katherine Land Apt. 193, Port Jasminemouth, AL 41321",46,G009,member,False
P004644,Rachel Davis,753.877.6314x287,"92261 Danny Field, Claytontown, AS 20237",32,,,False
P002463,Ashley Williams,(986)585-2100,"32570 Mitchell Walk, Port Jordanberg, FL 37100",51,G003,member,False
P000573,Anna Ponce,(960)822-1321,"19111 Powell Curve, North David, VA 04684",43,G003,member,False
P004376,Tony Sanchez,(925)340-7955,"787 Berry Cliff Apt. 941, Port Markside, PW 86160",48,,,False
P001323,Haley Bryant,001-572-751-2343,"5777 Lewis Stravenue Apt. 658, Morrisborough, TN 09623",38,G003,associate,False
P000373,Nicholas Beard,(515)488-1579x376,"PSC 3692, Box 9445, APO AA 15962",65,G003,member,False
P002305,Frances Herring,224.812.6662,"6090 Zachary Isle Suite 111, Lake Davidland, MI 04922",59,G005,associate,False
P004181,Ashley Fritz,001-354-520-9844x404,"Unit 5609 Box 1318, DPO AE 42435",50,,,False
P001743,Penny Hardy,3862722662,"7867 Jacqueline Orchard Apt. 819, West Denisemouth, KS 56888",65,G003,member,False
P002879,Krystal Mcguire MD,340-622-6808,"5066 Whitney Vista, Justinfort, OR 15637",52,G009,lieutenant,False
P003115,Nicholas Robertson,+1-513-932-7809x11914,"6719 Jacobs Run, Sarahchester, OH 24500",52,G005,associate,False
P002056,Kyle Bennett,001-323-906-6190,"52467 Carol Circle Suite 473, Port Allisonstad, ID 45089",35,G006,associate,False
P002239,Wendy Harrison,220-207-3168,"2399 Little Lock, Ponceborough, DC 82292",58,G009,member,False
P003951,Angela Burke,475.598.8642x231,"6973 Paul Forest Suite 914, North Sandramouth, NY 37154",64,,,False
P000493,Scott Atkinson,233.611.6772x696,"8550 Romero Loaf Suite 935, Lake Chris, MP 92111",60,G003,member,False
P000005,Steven Hayes,531.250.9839,"10518 Joshua Oval, New David, FM 75348",55,G005,boss,False
P001372,Amber Webb,(695)676-0188x30415,"34359 Wright Trace Suite 016, Ericstad, MP 32144",54,G002,member,False
P002370,Mr. Daniel Peters,001-571-474-7490x792,"73623 Heather Trace, Moraleston, UT 61065",26,G010,member,False
P003807,Eric Jackson,7607901009,"153 Janet Neck, Hollandton, IL 40648",49,,,False
P000009,Shirley Suarez,(442)678-4980x841,"824 Jacobs Stravenue, Jamesview, NY 64533",23,G009,boss,False
P000343,Ryan Powell,+1-680-650-1716,"1857 Phillip Square Suite 715, North Jeffreytown, DC 14281",52,G003,member,False
P003701,Nicholas Farmer,(409)412-6897x53953,"USS Chandler, FPO AA 45656",30,,,False
P004548,Samantha Williams,992.313.5928,"3116 Angela Ports Suite 095, Garciaburgh, PA 41462",57,,,False
P003472,Thomas Lee,596-626-3365,"36234 Connie Wells Apt. 896, Stevensonfurt, KS 59403",62,G002,associate,False
P004404,Jay Obrien,001-538-790-0608x55340,"5079 Michael Locks Suite 813, Jillfort, FL 55641",43,,,False
P002009,Brendan Garcia,+1-264-568-9068x87858,"779 Matthew Skyway, Cookhaven, UT 82226",19,G009,member,False
P004649,Alexis Butler,(710)536-5070,"4931 Victoria Causeway Suite 214, Gabrielamouth, RI 24159",28,,,False
P004428,Elizabeth Gonzalez,(272)939-7258x797,"6879 Zachary Passage Apt. 077, Port Kim, SD 09583",28,,,False
P003059,Maria Nelson DVM,(937)740-5171,"28361 Abigail Inlet, North Erin, AR 17671",63,G009,member,False
P001167,Adam Carter,413.255.5794,"239 Henderson Wall, Andersonland, NM 50016",48,G007,associate,False
P001667,Andrea Brooks,+1-605-892-5687x0426,"USCGC Williamson, FPO AE 96115",58,G007,member,False
P004100,Angela Waller,(492)325-7555,"385 Cooper Point Suite 376, Harveyport, CA 11126",54,,,False
P000688,Michael Smith,001-611-493-9103x8297,"1360 Hannah Islands Apt. 810, Markberg, ME 28311",28,G008,member,False
P003654,George Reed,463-541-5551,"96428 David Isle, Port Lorrainetown, PR 45375",42,,,False
P003333,Thomas Peterson,554-225-3379x805,"PSC 8169, Box 5787, APO AE 28077",55,G003,lieutenant,False
P002496,Jordan Villegas,275-424-5216x42011,"8521 Debra Creek Suite 946, East John, CT 98880",65,G006,member,False
P001029,Monica Carlson,(213)959-6183,"480 Nicole Drive, Bakerstad, RI 65426",50,G009,member,False
P004545,Robert Osborne,001-782-614-5990x4983,"3232 Tucker Lane, Amberview, MA 44328",36,,,False
P002018,Joseph Huang,853-902-9333,"97925 Amber Courts Apt. 791, East Nathaniel, PW 33083",25,G008,boss,False
P000832,Robert Tran,(875)899-4084x290,"452 Smith Cliff, South Martinmouth, IA 31110",63,G002,associate,False
P004539,Heather Harrell,795-257-5175x741,"PSC 9119, Box 9921, APO AA 23658",30,,,False
P002205,Julie Adams,671.995.7156x21000,"406 Huang Path, Lindaton, AS 07719",63,G005,member,False
P004678,Kim Ryan,(581)245-3858,"89722 Young Wells, North Derek, OK 22425",55,,,False
P001915,Sabrina Nelson,991-418-5101x542,"01808 Taylor Parkway Suite 230, East Danielle, NJ 24054",59,G005,associate,False
P003339,Whitney Mitchell,429.648.7126x34267,"408 Megan Station, Landrybury, TX 12631",18,G009,member,False
P000237,Johnny Anderson,293.643.6262,"Unit 3973 Box 5971, DPO AE 61958",31,G007,member,False
P003967,Gregory Patterson,+1-390-949-0791x5425,"777 Brittany Light Apt. 313, Millershire, GU 16131",44,,,False
P000537,Thomas Clark,001-953-984-9516x32111,"093 Brittney Roads, South Jay, MO 84915",45,G007,member,False
P003335,Dr. Lynn Campbell,815-674-8086x631,"353 Martinez Valley Apt. 387, Andreaville, MS 34263",27,G005,boss,False
P004532,Katherine Rivera,(783)389-3782,"0648 Kimberly Falls, Hoffmanchester, AK 84167",45,,,False
P003808,Jodi Burgess,001-980-404-7245x71267,"200 Caleb Harbors Suite 680, Avilamouth, FM 71736",44,,,False
P002608,Chelsea Washington,+1-347-691-6659,"32312 Walters Row Apt. 427, Davidmouth, NY 74464",18,G008,member,False
P000497,Timothy Sanchez,8524480880,"23959 Ford Motorway Apt. 132, North Tonyaberg, AL 38145",55,G007,member,False
P002207,Nicole Ware,001-329-526-6923x620,"8763 Dylan Ramp, Keyhaven, DE 11126",38,G007,lieutenant,False
P000943,Richard Wright,001-309-970-3425,"158 Jacob Plains, New Peter, AL 61104",43,G003,lieutenant,False
P003155,Alicia Guzman,342-682-4883,"204 Christopher View Apt. 794, Lake Lynnchester, MI 81715",36,G005,lieutenant,False
P004133,Paula Smith,(820)725-5878,"449 Briggs Estate, Masonmouth, FL 07326",40,,,False
P004167,Kara Hughes,001-452-292-0183x627,"9574 Mark Ports, East Kimberlyhaven, IL 00926",38,,,False
P004039,Laura Welch,+1-899-295-5796x51494,"6745 Crawford Rapids, Lake Brandiborough, NY 27059",61,,,False
P001938,Laurie Garcia,821-202-0388x70713,"21004 Weaver Rest, Gomezland, AZ 08426",59,G008,associate,False
P001963,Robert Bell,319-919-9949x851,"42274 Kenneth Common Apt. 285, Lake Steve, OH 15609",44,G003,associate,False
P001660,Robert Alvarado,784.392.0317,"090 Christy Lakes, Taylorfurt, RI 32158",27,G010,associate,False
P000425,Daniel Davis,757.648.1700x66615,"431 Liu Brook Suite 502, East Anne, DC 68477",46,G005,associate,False
P004752,Jose Duarte,214.568.4625,"759 Kimberly Roads Suite 311, Dylanville, OK 92884",25,,,False
P003077,Sabrina Hunt,(369)231-3241,"59163 Melinda Green, Jasonport, HI 84460",35,G007,member,False
P004957,Doris Thompson,+1-466-955-7577,"99040 Alexander Circle, Lake Eric, WI 82183",55,,,False
P002656,Lorraine Castro,001-485-397-8719x139,"59466 Rodriguez Via Suite 797, New Beverly, MO 78609",64,G006,lieutenant,False
P003382,Alice Marshall,462-278-5474,"842 Velez Haven Suite 726, Davisville, MP 23590",60,G002,associate,False
P001168,Angela Mills,001-598-998-7877x67751,"39818 Christina Row, North Joshua, NJ 29969",44,G008,boss,False
P002622,Gina Freeman,+1-924-327-4207x84271,"4867 Joseph Forges Suite 489, Port Nicholas, NH 41761",33,G002,member,False
P000809,David King,(346)615-7493x251,"879 Lewis Dale Apt. 409, Justinmouth, NM 85780",48,G009,associate,False
P004853,Tina Schultz,565-594-0870x8081,"2004 Anderson Centers Apt. 979, Annettemouth, RI 50965",46,,,False
P002442,Timothy Fleming,505.899.4461x735,"7067 Smith Streets Apt. 260, Lake William, PW 84085",48,G002,associate,False
P000480,Jared Bryan,+1-413-300-0413,"65609 Cooper Landing Apt. 469, Reidshire, AZ 89514",18,G010,member,False
P000223,Brian Rollins,271-382-7548,"4794 Perez Lodge, Tracichester, ID 09624",30,G003,associate,False
P001487,Lori Aguilar,202.342.3637x4373,"434 Jacob Wall, Baldwinchester, WA 74102",57,G007,associate,False
P004706,Crystal Miller,+1-509-247-1282x2567,"96721 Elizabeth Street Apt. 697, New Sharontown, OR 87823",63,,,False
P000483,Ryan Gonzalez,530.962.6042x3597,"22299 Samuel Lakes, Smithhaven, MH 91440",49,G003,associate,False
P001387,Penny Holloway,844.920.5405x155,"92016 Lindsey Rapid Apt. 001, West Michelle, CO 40244",56,G007,lieutenant,False
P003337,Colleen Black,997.985.7084x707,"42527 Montgomery Prairie, Jesseport, SD 92750",57,G007,member,False
P002514,Tracy Vasquez,675.632.9123x6556,"01590 Sarah Falls, Stacybury, AR 77083",26,G004,associate,False
P004928,Molly Bernard,001-746-705-1084x5376,"5375 Mandy Harbor, Villaside, TN 03204",48,,,False
P000735,Ronald Kramer,001-441-229-0759x65999,"6317 Parker Landing, Ernesttown, MS 24389",34,G005,lieutenant,False
P002094,Steven Barajas,540.309.2542x7098,"034 Anthony Motorway, West Mackenzieside, SD 28974",38,G004,associate,False
P001497,Mr. Joseph Hart,001-694-658-3618x837,"96042 Adams Avenue, West Marissa, MS 65582",26,G007,associate,False
P001180,Tammy Price,+1-562-775-5377,"PSC 4609, Box 1210, APO AA 03693",19,G010,associate,False
P002338,Kenneth Avila,001-524-945-1619x465,"87983 Colleen Extension, Lake Oscar, NV 58101",34,G008,member,False
P001378,Michael Conway,(592)513-5111,"5350 Miranda Lodge, Stephanieport, VT 96406",64,G008,boss,False
P004685,Walter Henry,7878886946,"1899 William Mount, Lydiafurt, NJ 40578",44,,,False
P004929,Joel Guerrero,(688)400-3327,"90804 Leslie Corner, Donovanmouth, FM 18252",19,,,False
P000940,Vincent Mcdaniel,(803)688-1937,"1462 Anthony Club Suite 833, West Joseph, AR 13273",47,G010,member,False
P000746,Jasmine Scott,001-402-854-8536,"7238 Gross Grove, Lake Alexandertown, PA 44921",35,G006,member,False
P002107,David Estrada,(662)291-3621x5394,"46120 Higgins Plaza, Caitlinport, KS 59712",56,G007,associate,False
P003130,Christine Hall,(850)919-2271,"10537 Kayla Bypass, North Nancy, VI 32973",46,G010,lieutenant,False
P002600,Amy Ward,001-647-450-4653,"88032 Smith Port, Hollandport, WI 74015",58,G010,member,False
P004325,Eric Walker,787-379-4673x5612,"341 Nicholas Key Apt. 430, Port Autumnmouth, ME 69680",26,,,False
P000198,Brent Garcia,553.344.3009x109,"92692 Heather Glen, Stevenland, SC 59934",65,G008,associate,False
P004910,Richard Camacho,7003361212,"51116 Zachary Spring Suite 280, Tammyshire, MP 85967",45,,,False
P001479,Troy Bishop,001-882-645-0814,"60741 Brown Meadow, East Glennburgh, MA 42837",37,G009,associate,False
P003581,Samantha Russo,587.528.2174x779,"17961 Thornton Mills Suite 671, Valeriefort, CT 68505",43,,,False
P002785,Christopher Horn,316.895.6285,"Unit 1582 Box 0910, DPO AE 31361",51,G005,lieutenant,False
P000191,Luis West,254.894.6519,"58008 Rodriguez Haven Apt. 369, Garrettfurt, MO 50513",44,G001,associate,False
P004027,Eric Lee,001-273-363-3334x1892,"965 Wilson Pass Suite 000, South Maria, ME 13492",34,,,False
P000369,Matthew Patton,001-990-214-9542x77070,"Unit 7836 Box 0914, DPO AP 72780",40,G009,member,False
P003292,Maria Richardson,001-404-518-4586,"677 Sanchez Spring, Port Susanview, MS 58275",27,G002,associate,False
P002625,Tyler Newton,(200)464-9882x4769,"6999 Maria View, Priscillaton, TX 73637",59,G005,member,False
P004371,William Davis,001-377-535-2252,"00551 Strong Crossing, South John, WV 28020",61,,,False
P000694,Cindy Campbell,870.241.3090x9153,"2542 Sandra Cliff, Port Molly, MH 11641",60,G004,member,False
P003640,Kimberly Vazquez,(580)637-9417x4553,"3374 Natalie Land, Hernandezville, HI 19023",30,,,False
P004919,Mathew Cox,001-285-837-2151,"1114 Cole Rest, New Michelleview, PR 56000",45,,,False
P001686,Emma Lopez,533-449-7197x2040,"00917 Daniel Fields Apt. 243, Lake Zacharyfort, WV 22875",20,G006,member,False
P002253,Linda Hoffman,(290)208-0047x03226,"391 Heather Grove Suite 310, Jasonhaven, NC 85089",32,G003,lieutenant,False
P000156,Joanna Jackson,3233413261,"USCGC Kelley, FPO AE 52538",24,G006,associate,False
P001473,Ryan Johnston,(817)930-5151x3320,"0741 Matthew Roads, Perrybury, IA 74355",35,G003,member,False
P004357,Derek Hughes,+1-777-541-1437x481,"0423 Cunningham Lodge Suite 989, Carrietown, PA 31693",46,,,False
P000986,Rose Villa,281.411.7196x004,"PSC 4441, Box 5596, APO AA 37111",38,G006,member,False
P000153,Kevin Nguyen,+1-942-884-3479x552,"6472 Tiffany Spur Apt. 143, Chaseborough, FL 97303",38,G003,member,False
P004118,Judy Lewis,(889)213-6830,"366 Frazier Locks Apt. 208, North Mary, GU 78148",19,,,False
P003899,Ryan Strong,+1-398-578-6367x0724,"4537 Brown Mountains, Lukechester, MH 19979",28,,,False
P001552,Ann Nielsen,+1-777-464-5808x43196,"005 Elizabeth Dale Suite 055, Evansberg, PW 82842",26,G002,member,False
P004275,Noah Lambert,(554)571-5399x5264,"74149 Kenneth Highway Suite 121, East Cynthia, NE 57161",36,,,False
P004672,David Green,895-956-2841,"762 Ramirez Mountains, Lake Daniel, ME 62406",28,,,False
P000434,Charles Hill,901-484-8197x37418,"0641 Simmons Extension Suite 438, North Whitneystad, IA 87652",54,G004,associate,False
P004439,Phyllis Garcia,001-754-888-9839x9324,"50469 Turner Fort Suite 735, Mathisville, MS 73780",38,,,False
P001577,Michael Hoover,(866)842-7386,"PSC 8110, Box 5129, APO AP 96129",58,G007,member,False
P000698,Brendan Sanchez,390-307-3971x30722,"087 Diana Park Apt. 210, Leslieview, WA 53914",45,G008,lieutenant,False
P004583,Michelle Bowen,755-827-3611,"959 Wendy Plaza Suite 085, Lake Shannon, LA 46288",56,,,False
P004826,Jermaine Stanley,(714)250-1406,"4737 Devin Pike Apt. 326, Montgomeryfurt, IL 32348",60,,,False
P004597,Jacqueline Harrison,268-233-3682x8501,"7414 Alyssa Club, South Amyburgh, PW 27823",53,,,False
P002531,Anthony Petty,3345176097,"PSC 7793, Box 8640, APO AA 61540",41,G001,associate,False
P004686,Kevin Garcia,(499)201-6642x343,"USCGC Simpson, FPO AP 84601",22,,,False
P000204,Michael Tran,239.202.1962x071,"946 Schwartz Ford, Lake Joseph, NV 54506",32,G004,member,False
P001357,James Brown,(302)462-2478x9225,"135 Stephanie Crossroad Apt. 084, North Marcusfort, PR 80920",33,G007,member,False
P000726,Rebecca Holmes,469.932.0553x40508,"159 Patterson Glens Apt. 535, Colefort, NY 78538",23,G006,member,False
P002273,Tonya Cardenas,001-427-229-1714x1121,"Unit 5888 Box 4193, DPO AA 83499",64,G003,associate,False
P003630,Sarah Williams,001-422-808-2579x100,"26753 Taylor Pines, Masonview, NY 48314",30,,,False
P000376,Anthony Holmes MD,764.356.5220x36849,"44773 Keith Green, East Elizabethberg, CT 27612",35,G006,associate,False
P004432,Teresa Simon,(326)490-2355x545,"70659 Aaron Walk, New Juanport, KS 21132",22,,,False
P002778,David Vazquez,402-514-2172x19989,"24282 Victoria Glens Apt. 907, East Tinabury, AK 21093",39,G008,associate,False
P003240,Mark Wagner,(228)425-8577,"1956 Maurice Curve, Sarahfurt, FL 45144",38,G010,member,False
P001908,Shannon Gonzalez,674.585.0837,"60830 Freeman Mews, Webbstad, NY 47127",48,G008,member,False
P003173,Nancy Burton,5293971893,"235 Sally Glens Apt. 719, Perezport, FL 74941",45,G003,member,False
P003356,Jeanette Hart,+1-806-482-8700x7625,"PSC 4926, Box 1425, APO AE 79561",28,G006,associate,False
P000732,Elizabeth Rowland,001-874-699-5070,"756 Gene Plains Apt. 192, East Jacobland, MH 49181",40,G002,lieutenant,False
P002665,Peter Smith,+1-316-360-8989,"7143 Compton Coves, West Lisaport, AK 90406",43,G005,member,False
P001221,Angel Sanchez,+1-796-272-0129,"PSC 3177, Box 5690, APO AE 92140",34,G001,member,False
P003679,Ashley Mcpherson,(990)389-8415,"2411 Kristen Landing, Port William, OH 62509",23,,,False
P003686,Jacob Finley,718.363.8254x36597,"2692 Paul Points Suite 209, East Leah, SD 12187",22,,,False
P003776,Brandon Edwards,+1-713-702-7466x4998,"1434 Zachary Meadows Suite 192, North Kristishire, WV 41646",36,,,False
P004136,Jeffrey Terry,863.663.6251x6600,"3220 Thompson Mountain, Gregorymouth, MS 82234",21,,,False
P001135,Brandon Gutierrez,(856)402-3361x65580,"5267 Patricia Spring Apt. 670, South Jennifer, DE 01512",32,G005,member,False
P001088,Denise Elliott,449-950-6095x806,"9839 Duncan Canyon Suite 429, Christianberg, TN 81590",53,G008,boss,False
P003894,Renee Rivas,309.925.6663,"3860 Baxter Canyon Apt. 163, Bridgetville, MH 66284",65,,,False
P003091,Melissa Joyce,443.365.9470,"365 Coleman Square, Brownchester, NY 99094",30,G001,member,False
P002768,Rachel Weber,418.734.4998x5647,"5560 Archer Throughway Apt. 338, West Daniel, MH 77100",23,G008,associate,False
P003706,Scott Dixon,(392)565-7162,"48874 Larson Courts Apt. 599, East Johnfort, MT 62028",49,,,False
P004635,Alexa Page,001-672-339-0702x7474,"4241 Glass Walks, New Mollyhaven, MN 74369",27,,,False
P002538,Geoffrey Weber,523-486-1450x941,"140 Cynthia Coves Apt. 905, Lake Kevinport, VA 22870",65,G008,lieutenant,False
P004695,Tina Taylor,9275511054,"5670 Jacob Parkways, South Theresa, ID 82675",61,,,False
P003942,Christopher Wheeler,356.757.5964x950,"873 Mccullough Forest, Lynchmouth, NY 60423",47,,,False
P003421,Ashley Martin,2743321056,"4544 Clinton Fall, Chadborough, WY 98812",53,G001,member,False
P000367,Marie Chavez,307-204-4964,"0667 Jeffrey Light Apt. 680, Anthonystad, AK 80289",51,G007,member,False
P000554,Alexis Duran,(282)712-2355x2165,"46921 Charles Ports Apt. 596, Fischerton, OH 77916",60,G004,associate,False
P002857,Brandon Day,257-895-8780x66866,"75663 Hardy Fork Apt. 884, Port Michelleton, TN 09929",21,G007,member,False
P004486,Jennifer Brown,227-550-5478,"39570 Shaw Vista Suite 404, Guzmanland, ID 12498",42,,,False
P001003,Alexander Murphy,+1-617-364-2962x8092,"0969 Garcia Stravenue, North Mark, GA 93345",59,G003,member,False
P000018,Jennifer Conley,408.505.3100x3309,"374 Jackson Rest, Port Loriport, CT 76350",39,G008,member,False
P004005,Leslie Atkins,3209761561,"6304 Mason Row Apt. 847, North Danielmouth, KS 68665",45,,,False
P001500,Jacob Flores,786-732-8107x0560,"09600 Reilly Views Apt. 615, North Scott, MO 03233",26,G010,associate,False
P001767,Andrew Richards,573-253-5226x549,"Unit 5397 Box 3451, DPO AE 89242",29,G007,member,False
P002323,Anna Riddle,649.288.8710x548,"008 Ortiz Isle, West Melindabury, MS 20903",27,G003,member,False
P002500,Francis Russell,8027209764,"595 Anderson Skyway Suite 423, West Shelly, DE 20534",31,G010,associate,False
P000399,Monica Coleman,(781)257-9039x2355,"32730 Kevin Course Suite 626, West Larry, TX 63501",57,G009,member,False
P003456,Charles Tran,001-829-995-7858x9001,"95623 Kimberly Mountains Suite 840, South Katrinaside, NY 91743",57,G006,member,False
P001165,Megan Johnson,781.380.3648,"18241 Johnson Corners, Williamshaven, KS 55899",21,G005,member,False
P001171,Michelle Campos,+1-454-440-7896x77888,"Unit 1007 Box 2040, DPO AP 41179",44,G001,member,False
P000230,Kiara Simmons,(914)484-6853x664,"737 Giles Place, Michaelton, NC 26800",62,G010,member,False
P003981,Leslie Mercado,831.769.7922x30752,"USNS Chandler, FPO AP 68703",43,,,False
P002409,Angela Johnson,(250)758-0953x1647,"875 Jacqueline Camp Suite 328, Michaelside, NY 88847",45,G009,member,False
P002485,Brittney Cortez,(515)384-2511x87422,"32975 Johnson Highway, New Scottville, VA 70682",32,G005,member,False
P003068,Jeffrey Rios,(838)347-3659x276,"76158 Diaz Square, West Jasminehaven, PW 62044",31,G008,member,False
P002498,Renee Vazquez,001-751-643-6462x9690,"90926 Martinez Island, Alexfort, MT 08138",30,G008,member,False
P003044,Alexis Macias,7719460109,"11397 Alex Turnpike Apt. 105, Port Barbaraside, CO 41232",41,G004,associate,False
P000965,Wesley Brown,676-214-4278x7355,"31697 Jennifer Summit Apt. 675, Sophiabury, RI 26250",60,G005,lieutenant,False
P001256,Adrian Carroll,(451)461-1339x563,"82569 Jones Crossroad Apt. 269, Singletonport, OH 92214",59,G006,member,False
P004283,Logan Robbins,770.634.4837x11969,"3093 Richard Valleys, Lake Jodyport, NJ 80396",33,,,False
P000330,Keith Huerta,001-360-456-7303x06442,"47683 White Center Apt. 654, East Michael, MT 63628",61,G010,associate,False
P002373,George Barker,410.871.7806x550,"31464 Brandon Bridge, Fosterfort, OK 56940",54,G003,boss,False
P004684,Jessica Oconnell,001-655-971-5848x933,"5464 Shepard Forks, New Terri, AS 33925",29,,,False
P003028,Jacob Lee,(694)760-1288,"933 Jimenez Falls Suite 970, Joyceburgh, WI 60607",21,G008,associate,False
P000991,Michael Hendrix,001-486-869-2552x9050,"Unit 0011 Box 0156, DPO AE 54932",44,G001,associate,False
P000904,Jessica Ruiz,001-589-725-7140x250,"2648 Crystal Trace Apt. 849, Port Kaitlyn, VI 73807",61,G004,associate,False
P003348,Matthew Jacobs,336-965-1122x7473,"15273 Amber Lake Suite 695, Nathanville, WI 65783",65,G008,member,False
P000973,Michelle Johnson,+1-730-369-7899,"9836 Snow Green Suite 749, South Nicholashaven, VA 55270",58,G003,boss,False
P004784,Derrick Clements,(426)926-2976,"47221 Nguyen Falls Apt. 591, Haydenville, TN 76028",20,,,False
P004781,Jessica Gates,394.859.4060,"555 Hawkins Pike Suite 792, Camachoberg, SD 45533",58,,,False
P001285,Robert May,2727985023,"6714 Young Forges, Port David, WV 11062",51,G005,lieutenant,False
P000268,Jennifer Gonzalez,731.653.7795,"70730 Heather Mountain, East Timothy, WI 43953",28,G008,member,False
P003878,Danielle Price,+1-242-512-0285x3338,"4254 Myers Trace, Holmesborough, DE 49795",22,,,False
P003731,Chad Rodriguez,206-579-4332,"65232 Cody Estates, North Justin, GA 40614",62,,,False
P001742,Tina Clark,001-568-916-5223x5079,"52199 Nicholas Path Suite 960, East Sarah, HI 78391",55,G002,lieutenant,False
P004937,Brian Barnes,001-829-911-4192x208,"234 Monica Courts, Port Kimberlyville, PR 57272",21,,,False
P004335,John Brown,(566)327-7148x754,"3366 Brandon Port Suite 307, Georgeburgh, VT 15551",51,,,False
P004205,Stephen Kennedy,+1-274-641-7288x9587,"24834 Dyer Estates Apt. 195, West Stefanie, TN 67588",63,,,False
P001060,Veronica Walton,956.527.5280x0161,"459 Jim Spring Apt. 638, Port Francis, KY 96482",62,G010,member,False
P003750,Christopher Hall,639.728.2883,"0329 Nancy Parkways Apt. 242, Lake Christine, MD 24708",62,,,False
P003972,Brittany Reed,001-791-371-5679,"272 Harrison Summit Apt. 100, Markton, IL 97873",48,,,False
P001042,Henry Dunn,5585108015,"6702 Henry Pass, Jonesmouth, MS 48449",58,G002,lieutenant,False
P004144,Wendy Castillo,001-421-597-4244x20570,"2010 Mary Throughway Suite 183, Mirandaland, WI 56788",23,,,False
P001183,Jesus Hunter,327-531-7427,"402 Carol Fords, Huffmanberg, NJ 51286",42,G003,member,False
P001335,Kelsey Warren,689-855-7131x9844,"95257 Woods Orchard Suite 372, East Jeffreyview, NY 60152",42,G005,lieutenant,False
P003416,Samantha Douglas,416-404-8691x29065,"9161 Richard Trail, Tracymouth, WV 76977",28,G006,member,False
P004011,Erin Norton,001-855-402-5717x6014,"6969 Veronica Summit Apt. 404, New Raymond, NH 90082",55,,,False
P003606,Jamie James,4924385532,"1418 Ashley Streets Suite 669, Kristinatown, NY 37858",64,,,False
P003469,Michelle Gomez,9872233951,"12228 Carrie Curve Suite 425, South Edward, KY 86900",33,G009,associate,False
P004087,Mary Torres,+1-312-909-5205,"89487 Stein Island Suite 584, Wilsonbury, MS 14983",26,,,False
P002161,Emily Hudson,+1-905-260-2224,"37800 Medina Branch, Ramirezberg, OK 30752",29,G001,associate,False
P003235,Scott George,(592)840-5807,"PSC 5611, Box 8740, APO AP 63267",61,G005,member,False
P004252,Victoria Stevens,(751)226-9513,"408 Bradley Shores Apt. 113, West Jennifer, FM 16797",45,,,False
P004580,Casey Cain,474.635.3948,"8722 Crawford Groves Apt. 835, West Connie, KY 28059",40,,,False
P003300,James Brown,892.868.8833x4580,"675 Williams Flats Suite 647, East Whitneytown, AL 63286",22,G010,associate,False
P004312,Pamela Wilkins,001-254-606-8283,"Unit 5172 Box 4583, DPO AP 04347",21,,,False
P003026,Ashley Burns,(685)814-5085x4912,"015 Young Grove, South Steven, TN 13969",47,G006,associate,False
P000640,Jonathan Moyer,001-582-436-0107x12615,"648 Chan Neck Apt. 574, East Jason, IL 91052",27,G010,member,False
P003655,Robert Davis,(707)423-8954x287,"042 Tyler Squares, North Johnview, FL 16790",41,,,False
P001760,Nicole Gonzalez,+1-651-931-3561x17027,"9372 Jeremy River Apt. 761, Grantburgh, MI 68952",22,G010,associate,False
P003902,Meghan Middleton,+1-859-378-1538x25534,"05402 Taylor Brook Suite 579, Stephenport, SC 66727",57,,,False
P001066,Kelsey Hunt,001-666-493-2070x9834,"4876 Christina Key Apt. 744, Randallmouth, DC 56477",63,G006,member,False
P003481,Holly Clark,891-270-7757x4093,"11970 Luis Terrace, Thomasfurt, ME 06475",61,G001,associate,False
P000510,Tina Solomon,001-526-500-5595x5017,"689 Ryan Street Apt. 798, Ambermouth, AZ 37789",49,G010,associate,False
P000756,Lauren Morgan,001-827-341-1680,"27662 Angela Pines Apt. 039, South Brianburgh, MT 26010",54,G006,associate,False
P000672,Stacie Riley,+1-907-847-2966x941,"974 Scott Knoll, Richardland, NY 25868",53,G002,member,False
P003376,David Johnson,855-716-6072,"98366 Ware Street, Port Roberttown, AS 62504",18,G006,member,False
P003488,Vanessa Pitts,580.632.4097x1628,"USCGC Morgan, FPO AP 03156",36,G008,associate,False
P001201,Jessica Silva,521.543.0318,"11840 Gomez Parkway, Matthewfort, MD 49198",33,G001,associate,False
P000803,Bradley Burton,391-861-7050x221,"413 Monroe Shores, Hugheston, VT 77938",20,G003,associate,False
P003722,Julia Taylor,001-861-328-8227x53262,"PSC 2056, Box 9076, APO AA 61269",58,,,False
P002960,Krista Moore,(834)471-4113x63177,"PSC 6018, Box 3578, APO AA 16785",56,G010,associate,False
P001578,Shawn Hernandez,930-367-7798x367,"240 Cynthia Corner, East Julia, CT 47092",51,G008,member,False
P004771,Robert Robinson,3776205911,"7796 Andrew Mill Apt. 520, Lake Kathyshire, IL 77702",35,,,False
P004231,Curtis Hughes,(255)659-2398x13659,"8789 Nguyen Divide Suite 618, Lake Melindashire, NV 18408",57,,,False
P002686,Maria Nelson,3492703834,"55770 Amanda Bridge, Romerotown, NY 24206",62,G006,member,False
P000863,Nina Garcia,567.818.7762x8836,"16276 Brittany Ferry Suite 667, New Hollyborough, NV 84856",22,G003,member,False
P002029,Monica Mason,001-847-470-1696x20233,"5381 Lisa Plains, Sierraberg, ID 43461",25,G009,lieutenant,False
P004258,Christopher Anderson,001-417-951-7524x07018,"9006 Vaughn Ramp Apt. 225, Lake Kevinview, MH 53275",30,,,False
P003094,Mr. Joseph Carroll,+1-213-840-3607x37715,"4900 Stephanie Pine, South Jamesside, IN 93308",47,G004,associate,False
P001147,Matthew Dixon,303-994-7505x57779,"43453 Wright Square, North Hannahfort, MI 04650",25,G007,associate,False
P004693,April Ellis,942-801-7882x703,"02147 Travis Mall Suite 911, Sarahton, IA 06380",36,,,False
P002331,Megan May,(213)919-1429x673,"386 Price Club Apt. 781, South Stephen, PA 34192",50,G001,member,False
P002452,Kristin Lara,371.413.6354x31331,"064 Collins Pines Apt. 990, Melindafort, PA 94028",60,G002,boss,False
P002870,Deborah Goodman,(307)650-4612x247,"3964 Williams Parks Suite 146, North Shawnmouth, MS 95945",26,G010,member,False
P001916,Dr. Jaime Wilson,(827)523-1143x416,"7597 Steven Mountain Apt. 984, Johnsonborough, UT 39980",31,G006,member,False
P004369,Kenneth Hernandez,001-738-728-8961x24216,"280 Autumn Islands Suite 740, Edwardport, SD 25321",45,,,False
P004634,Harry Porter,001-717-939-5266x80506,"61228 Michael Village, West Michaelfort, FM 63215",49,,,False
P004765,Jessica Garrett,(698)488-8089,"02599 Jimenez Parks, New Gerald, DE 11110",50,,,False
P001935,Jeffrey Webster,746-208-3486x4917,"23315 Joseph Parks, Thompsonfort, LA 09873",35,G005,lieutenant,False
P002777,Heather White DDS,577.978.3218x673,"8372 Bruce Island Apt. 655, West Chadside, WV 95072",21,G007,member,False
P003713,Henry Fernandez,+1-447-420-7695x368,"326 Williams Tunnel Suite 758, East Stephanieburgh, GU 72544",65,,,False
P000043,Mrs. Tricia Stewart,917.974.4905x814,"1199 Ford Plaza Apt. 793, Cassidyhaven, FL 08610",32,G003,member,False
P004690,Samantha Fritz,468-273-4993x77973,"77468 Gomez Pines, Shaneland, MT 18565",24,,,False
P002441,Amber Coleman,635-863-6224,"5615 Douglas Crossroad Apt. 551, Andersonview, UT 72520",23,G001,boss,False
P003677,Bruce Perez,(370)689-3007,"761 Sawyer Brooks Suite 586, Cindyburgh, KS 83252",55,,,False
P001022,Sean Jones,960.756.6880x31664,"9831 Kathleen Greens, New Gail, IA 49401",48,G002,member,False
P000392,Diamond Phelps,+1-390-555-2958x0660,"412 Williams Rest, Lake William, HI 83771",22,G002,lieutenant,False
P001015,Tammy Harper,+1-527-206-5076x1222,"6853 Sharon Land Suite 559, Brentchester, IL 92997",24,G005,lieutenant,False
P002904,Amber Farmer,+1-657-530-4523x1913,"4676 Flores Valley Suite 209, Grayport, MI 08433",46,G004,lieutenant,False
P004158,Joann Thomas,988.762.3455x75941,"90007 Bridges Parkway, East Angelaside, PR 29434",54,,,False
P002128,Angela Ibarra,3948526582,"6200 Amanda Passage, Mayport, WA 14500",43,G008,associate,False
P003056,Bryan Mccoy,(612)500-4515x828,"8586 Hoover Glens Suite 302, Huntville, CA 60713",51,G006,associate,False
P000492,Juan Stewart,626.938.9021,"3379 Patricia Forges, Danielbury, TN 40935",42,G002,member,False
P000905,Megan Gonzalez,353.501.0127x89695,"852 Stevens Pine Suite 703, Murphyberg, AR 25968",19,G005,lieutenant,False
P004140,Daniel Weeks,(890)432-7994,"33659 Joe Port Apt. 821, Lake Stephenville, AR 03336",33,,,False
P003464,Audrey Willis,962-538-3636x9050,"120 Gonzales Lodge Apt. 952, Traceyfurt, AS 83205",20,G004,member,False
P002490,Victor Shepard,515.452.5417,"8186 Johnson Lock, West Mark, NC 89043",33,G010,associate,False
P001978,Jason Martin,815-228-8004x96054,"495 Thomas Bridge, Davidton, WV 37570",58,G008,member,False
P002120,Victor Cook,001-318-986-5852x28876,"0034 Aaron Landing Apt. 870, West Christopher, CO 77685",36,G010,associate,False
P004424,Billy West,+1-608-737-3160x8403,"6444 Waters Pines Apt. 405, Whiteheadmouth, OK 03397",39,,,False
P000229,Michael Rogers,252.694.5637x18344,"Unit 6391 Box 9195, DPO AA 09318",44,G009,member,False
P000192,Daniel Thompson,(438)265-6242,"76212 Dalton Turnpike, Hansonmouth, NY 56091",65,G002,associate,False
P001311,Jasmine Atkins,(703)931-4656,"6578 Jason Heights, Melissaport, IA 66208",22,G001,associate,False
P002792,Kevin Wood,532-473-3299x9604,"12170 Gill Mountains Suite 508, Jamesmouth, DC 33329",23,G002,member,False
P004271,Jessica Glenn,248.503.2162x15975,"42391 Christine Ports, South Joshua, NC 63140",58,,,False
P002558,Amy Patel,8503350907,"USS Wolfe, FPO AA 03341",36,G008,associate,False
P004521,Brian Huerta,(733)291-2389x4891,"8059 Malone Burgs, Port Debrashire, TX 30412",25,,,False
P004192,Alexandra Adkins,555-814-8154x9610,"PSC 7768, Box 2689, APO AP 92550",22,,,False
P000761,Rhonda Woodard,415.439.8391,"14407 Thomas Ridges, Port Kevinbury, PR 04925",23,G001,associate,False
P001751,Ronald Jarvis,+1-869-493-8214x52878,"28405 Charles Knolls, West Patrickton, OH 25376",56,G001,lieutenant,False
P002326,Mary Webb,905-538-6767x703,"2803 Ramos Crossing Suite 650, East Jamesmouth, NJ 69483",36,G006,associate,False
P004431,Michael Kemp,9005872002,"9984 Johnson Spur Suite 418, Brandyside, PA 37736",50,,,False
P004264,Sheila Johnson,2182076425,"08819 Teresa Mountains, Fosterburgh, NY 47428",65,,,False
P001033,Richard Bailey,215-968-6223,"9480 Faulkner Cove Suite 022, Reidport, IA 33016",25,G003,member,False
P003195,Steven Robinson,(388)577-7873,"57433 Ware Burg, Port Brenda, NC 67438",37,G005,associate,False
P002741,Anthony Sullivan,001-932-888-7525,"2643 Schaefer Springs Suite 975, West Kevin, CT 60846",28,G001,member,False
P004403,Cynthia Martin,+1-688-311-6700x796,"445 Stephen Cliff Suite 561, New Donaldmouth, MI 91790",18,,,False
P000303,Gregory Armstrong,884-991-0256x2588,"82226 Brown Stream Suite 396, Whitestad, AS 61929",34,G003,lieutenant,False
P000691,Joseph Gray,641-861-0197x535,"1038 Derek Forest, West Douglaschester, IL 55842",21,G001,member,False
P002471,Roger Caldwell,+1-578-353-1502x743,"654 Vargas Plains, South Dennisshire, TN 41947",34,G001,member,False
P001617,Joseph Howe,+1-329-580-2029x17265,"45781 Daniel Lake, Taylorstad, IN 08438",22,G007,member,False
P003314,Maria Mitchell,209-787-4182x6199,"814 Jones Branch Suite 956, West Mary, MH 10553",42,G004,member,False
P002829,Debra Roman,(834)728-5357x46206,"9655 Alyssa Pass, Port Brettland, MH 65879",57,G009,member,False
P003623,Zachary Ray,690.784.0587x737,"02109 Joshua Cliffs, Kleinside, WI 66024",56,,,False
P004460,Shelby Stevens,(794)457-2927,"1006 Margaret Islands, West Kevin, FL 95602",28,,,False
P001681,Russell Jenkins,001-649-604-6514,"4814 Moore Dale Suite 465, New Cheryltown, KS 31726",31,G001,member,False
P003656,Janet Walker,+1-603-691-5959x603,"558 Kaitlin Club, Murraytown, AR 37948",18,,,False
P003310,Jason Li,+1-306-828-3600x651,"314 Tiffany Viaduct, Lake Miranda, MN 99253",39,G010,associate,False
P001204,Stephen Boyle,226-385-1797x3679,"71909 Chase Streets, Port Albert, ND 87062",37,G004,member,False
P004324,Mark Liu,244.773.6391,"738 Mason Track Apt. 657, South Cynthia, SD 12332",64,,,False
P002292,Taylor Miller,813-907-3661,"PSC 9796, Box 9781, APO AA 23198",55,G002,lieutenant,False
P000065,Thomas Douglas,001-573-238-4842x1993,"301 Rivera Mountains, Lake Kellitown, OH 21202",18,G005,associate,False
P002820,Jennifer Copeland,001-661-831-2129x887,"1612 Justin Meadow, North Baileyfurt, IL 27463",33,G010,associate,False
P002570,Larry Gardner,363.891.6007x694,"15295 Katherine Mall Apt. 541, Wallacemouth, IN 03932",63,G010,member,False
P002494,Kelly Martinez,456-613-9604x75104,"465 James Turnpike Suite 717, Paynestad, ID 67057",40,G004,member,False
P004536,Marcus Harris,906.906.6032,"8998 Rodriguez Fords, East Victoriachester, NJ 63099",36,,,False
P003294,Eric Morrison,611-352-9926x440,"2403 Mason Shore Suite 658, Kochmouth, WY 39119",60,G004,associate,False
P003435,Erin Acosta,906.821.5446x479,"4386 Mays Knolls Apt. 284, Christopherland, NY 45227",43,G005,member,False
P002423,Grace Robinson,+1-333-760-1467,"0322 Bowen Ridge, East Nicholasport, FM 26095",57,G003,member,False
P004259,Douglas Taylor,(925)480-8577x82689,"580 Daniel Forges, Annetteton, AR 39494",41,,,False
P000474,Danielle Jensen,8094004047,"36514 Valdez Hills Apt. 142, Stephenborough, DE 83955",27,G004,member,False
P004707,Maria Mason,001-534-277-3529x01562,"0517 Gregory Gateway, North Jermainestad, MO 93797",60,,,False
P001237,Donald Stephenson,(530)357-8245,"46437 Case Inlet, Lake Brandon, GU 83822",62,G007,associate,False
P000304,Desiree Patterson,001-434-214-6511x131,"706 Timothy Passage Apt. 609, Port Julie, VT 56203",31,G004,member,False
P003222,Angela Hale,(357)923-6403x06750,"4904 Reyes Roads Suite 390, Hannahstad, DC 76591",23,G002,member,False
P000504,Kevin Solis,712-883-3372x188,"541 Francisco Orchard Apt. 506, Briggsberg, MT 62520",34,G004,member,False
P003556,Tiffany Martin,627-829-3941,"0280 Gonzalez Summit Apt. 663, South Stephenland, NJ 03201",25,,,False
P001347,Andrew Johnson,(339)680-4886x725,"70998 Clark Parks Apt. 981, Montesside, PW 74025",23,G007,member,False
P003291,Mark Rodriguez,727.503.9395x4983,"96775 Samuel Street, Riosborough, WV 23295",19,G001,associate,False
P002579,Phyllis Sloan,647.349.5004,"006 James Parks Suite 363, Alicialand, MD 94910",23,G009,associate,False
P002772,Michelle Thompson,(337)269-8482x824,"71015 Walker Prairie, New Joyfort, MI 92370",29,G002,associate,False
P000695,Misty Kelly,520.444.1007x941,"109 Klein Inlet, Lake Sandraberg, WV 36814",56,G005,member,False
P000571,Annette Mcguire,(908)732-0048x7978,"852 Dana Lock Apt. 030, Tiffanybury, MS 85095",32,G001,associate,False
P004239,Lisa Murphy,521-969-9067,"4569 Dudley Shore Suite 093, North Jennifer, AZ 97483",63,,,False
P000082,Michelle Simpson,+1-937-712-4065x965,"5937 Thompson Locks, Kellyfort, OK 32276",41,G002,lieutenant,False
P001193,Aaron Williams,+1-493-265-1875x6926,"273 Parsons Crest, West Pedro, NJ 24695",21,G003,associate,False
P003626,Kathleen Noble,001-876-599-4170x709,"4078 Emily Ramp Apt. 667, East Danaton, RI 48801",55,,,False
P000244,Robin Kelly,001-218-301-7226,"9779 Peterson Well Apt. 321, Monicaville, NE 70542",60,G004,member,False
P002964,Jacqueline Jones,001-721-745-4781x6896,"07669 Taylor Cliffs Suite 000, Port Amyhaven, PR 74660",56,G004,member,False
P004229,Jessica King,224.758.2684,"1501 Laura Flats, South Crystal, FL 70721",43,,,False
P003759,Melissa Anderson,001-737-246-6487,"9414 Laurie Mountains, Christinashire, MI 93497",55,,,False
P003354,Jennifer Freeman,449-549-7469,"17943 Cisneros Fork Apt. 780, Amandatown, NV 90407",22,G004,lieutenant,False
P003387,Brandon Olson,+1-204-376-7783,"403 Cole Flats Suite 902, Port Susan, MA 78998",20,G007,member,False
P003513,Rachel Butler,(927)475-6434x6820,"3468 Howard Underpass, Smithtown, WV 39588",44,,,False
P001131,Victor Kelly,942-300-4218x674,"35191 Lambert Shoals, Port Matthewstad, SC 13776",50,G001,member,False
P001870,Jason Peters,(744)332-6549,"978 Trevino Circles, Georgestad, LA 31753",40,G010,associate,False
P003455,Diane Williams,219.991.0651x7458,"4927 Andrew Key, North Christina, DC 54370",35,G005,member,False
P004339,Emily Hampton,964-250-1922,"77047 Frederick Shoals Suite 626, Reginaland, MD 77805",33,,,False
P001242,Vanessa Peterson,(702)685-8696x60963,"75121 Christopher Highway Apt. 622, Collinsport, PW 14104",37,G002,member,False
P002011,Jasmine Payne,(533)648-7819,"47467 Hodge Oval, East Jacqueline, CO 93336",63,G001,lieutenant,False
P002955,Jeffery Fritz,938.833.1246,"379 Kristin Shores Suite 384, Davidfurt, PA 72757",26,G005,lieutenant,False
P003400,Mitchell Shelton,258.950.0176x92099,"090 Golden Junctions Suite 630, Torresshire, MS 24650",32,G010,associate,False
P003051,Jennifer Pollard,398.380.1962x23142,"Unit 2534 Box 0444, DPO AP 38979",27,G001,associate,False
P002180,Gina West,349-217-6482x614,"781 James Route Apt. 703, Lake Darrell, MO 55253",61,G010,lieutenant,False
P000699,Yvonne Rodriguez,(881)270-7443,"Unit 2344 Box 2252, DPO AE 85428",61,G009,lieutenant,False
P001403,Tracy Ramos,477.847.8691x04076,"2415 Robinson Shores Apt. 204, West Christown, NH 13907",53,G003,associate,False
P004138,Tracy Medina,8144547432,"083 Jeffery Mountain, North Mariamouth, MO 92291",33,,,False
P002350,Aaron Melton,001-719-231-8732x3351,"34405 Sherry Plaza, East Tammy, IL 58927",55,G010,member,False
P002797,Sara Garcia DDS,257-862-8948,"1862 Glover Mountain, Cervantesside, AR 75788",43,G007,boss,False
P003881,Kevin Walton,278.898.2767x7074,"USS Simpson, FPO AE 50842",18,,,False
P002010,Nicholas King,(597)203-9773,"43269 Reid Crossing Apt. 423, North Arthur, UT 90027",28,G010,member,False
P000054,Kendra Sanders,+1-943-510-2786x8144,"Unit 4731 Box 2172, DPO AP 58842",34,G004,member,False
P003406,Daniel Harrell,3964358792,"0399 Michael Expressway, West Victoriastad, VA 62724",45,G006,member,False
P003598,Tammy Dickerson,491-935-4542,"328 Hardy Port, West Ashley, SD 66430",60,,,False
P001654,Timothy Smith,(747)366-3077x997,"065 Christy Haven, South Gavinbury, KY 53996",39,G004,associate,False
P001008,Paula Brown,934.676.1289x89930,"139 Ray Wall, South Daniel, PW 43539",43,G008,member,False
P001129,Kimberly Franco,001-423-224-6872,"78406 James Loop, Gillespiehaven, MD 65482",25,G009,lieutenant,False
P002742,Rodney Flowers,868-549-5982,"PSC 4945, Box 9053, APO AA 48356",56,G002,member,False
P002980,Robert Mckee,(341)324-9568x8191,"742 Jensen Crescent, Port Tracimouth, TX 18365",41,G010,associate,False
P001264,Danielle Swanson,(257)465-2822x61954,"434 Ellis Village Suite 613, Coopermouth, AK 97074",52,G004,associate,False
P000814,Tina Wilson,423.594.5645,"4976 Glen Prairie Suite 634, Lake Brian, AS 76960",44,G004,member,False
P004083,Jason Ross,6832593994,"9468 Carr Gateway, North Rhonda, AR 42923",63,,,False
P004145,Melinda Chen,(644)634-7494x15673,"3325 Sally Brooks Apt. 724, Davidchester, RI 34698",62,,,False
P003617,Jason Coleman,001-502-361-3867x252,"045 Jennifer Turnpike Suite 403, Timothybury, ID 98285",32,,,False
P002394,Gloria Williams,+1-872-964-6271,"59354 Mike Parks, East Beth, KS 24757",29,G004,member,False
P001287,Geoffrey Williams,407-732-4913x94303,"4962 Ann Parkways, Kennethbury, NJ 84696",43,G007,member,False
P002963,Sarah Peterson,+1-566-817-5963x1364,"976 Williams Rapids, East Taylor, DC 58349",44,G003,member,False
P001683,Megan Hill,224-972-2372,"753 Williams Spring, Port Russellburgh, IA 78588",25,G003,member,False
P000968,Travis Nguyen,309.440.4224x5641,"25380 Townsend Club Apt. 350, Jenniferbury, VA 90755",19,G008,boss,False
P001369,Heather Roberson,400-619-1542x607,"3424 Mary Glen Suite 546, Thomashaven, FL 17137",29,G009,member,False
P000864,Travis Mayo,322-489-8907x49935,"7265 James Burg Apt. 858, West Anthonyland, PW 93638",64,G004,member,False
P004156,Benjamin Ellis,276.702.2124,"3338 Morse Road Suite 537, North Anthony, PR 85702",60,,,False
P000344,Shannon Ramsey MD,235-680-0401,"964 Sara Prairie Suite 125, Port Breanna, PR 54672",47,G004,associate,False
P004608,Jasmine Hernandez,418.221.1031x59708,"81631 Nathan Well, Port Aimeeberg, NC 14379",23,,,False
P000835,Emily Campbell,001-606-427-9602,"33295 Howard Forges, West Danielleberg, NC 51209",48,G005,associate,False
P000868,Alexander Lamb,914.546.9567x4068,"5345 Juan Shoal Suite 886, Sarahaven, ID 87828",52,G008,boss,False
P000909,Howard Hunter,544.753.8565,"USNS Hancock, FPO AE 54452",59,G009,member,False
P003745,Christopher Mitchell,500.882.8639x000,"7468 Chase Drive Suite 976, Kelseyborough, AZ 15487",45,,,False
P003587,Kimberly White,001-872-269-6774x565,"6348 Sean Road, Garrettborough, NE 78086",18,,,False
P000414,Heidi Johnson,+1-515-581-4888x1079,"337 Billy Rest, Andrealand, WA 25406",62,G004,associate,False
P000854,Julie Lee,4899720738,"1184 Luis Square Suite 863, Port Carrietown, NV 11372",29,G004,member,False
P004223,Peter Salazar,+1-985-897-1203,"037 Clark Mill Apt. 774, New Michael, MT 57713",45,,,False
P001239,William Miller,8045027289,"08614 Thomas Camp, Montgomeryfurt, RI 79735",33,G009,member,False
P002192,Monica Tran,(567)860-0427x098,"8943 Kimberly Passage Apt. 536, West Scott, PW 83141",58,G002,associate,False
P004564,Karen Davis,483-701-0927x417,"9575 Christina Plains, Longtown, AK 22170",31,,,False
P000383,Patrick Turner,631.949.7646x136,"0765 Shaun Ports, South Kelliemouth, MN 62996",21,G003,boss,False
P002911,Lydia Wilcox,001-966-911-7495x3876,"3312 Hill Spring Suite 608, North Shawnbury, TX 62101",65,G001,member,False
P002788,Jon Johns,+1-223-284-2818x26954,"80121 Paula Roads, Richardborough, ID 08244",32,G008,member,False
P002113,Julie Hale,774.454.5603x18686,"129 Phillips Haven Apt. 771, Cassandraville, RI 98677",47,G003,associate,False
P003985,Denise Le,001-283-326-2499x1443,"763 Poole Mount, Parkerbury, WI 75815",61,,,False
P001836,Hannah Bell,500.487.5757x51318,"USCGC Brown, FPO AP 70952",62,G006,lieutenant,False
P004604,Richard Martinez,+1-403-505-8023,"35682 Cook Crest Suite 399, Port Karen, IL 98680",49,,,False
P000989,Jamie Rivera,+1-539-327-6871x41349,"PSC 7967, Box 0605, APO AA 73798",21,G009,lieutenant,False
P001858,Ricky Ortega,468-628-9821,"63629 Smith Pike, Castanedaport, SD 91782",22,G008,associate,False
P000934,Andrew Cobb,341.636.2334x70407,"147 Le Valley Apt. 418, Jennifershire, MA 05971",62,G004,associate,False
P003528,William Jimenez,001-888-719-0960x76045,"85731 Juarez Tunnel Suite 708, West Gabriellastad, AZ 66830",54,,,False
P002767,Kimberly Scott,+1-332-731-7484x874,"14754 Laura Corner, Torresbury, NY 31807",34,G007,member,False
P000522,Phillip Brown,554.937.3476x427,"PSC 0376, Box 3882, APO AE 35585",33,G002,member,False
P000262,Corey Smith,001-604-953-1943x3750,"PSC 9303, Box 6149, APO AP 65252",47,G002,member,False
P004125,Denise Ramirez,001-641-396-1772x6207,"42497 Cunningham Haven, Port Elaineside, NH 06694",55,,,False
P001432,Jared Hughes,799-778-5652,"45866 Thompson Fall Apt. 722, Kennedyview, AZ 57314",35,G002,member,False
P001300,Julia Grant,260.417.4304,"41316 Bradford Mountain, Dylantown, NV 14984",24,G010,associate,False
P002925,Donald Griffin,+1-993-218-4575x431,"USCGC Moody, FPO AE 51179",45,G005,member,False
P002137,Sarah Thomas,571-986-7096,"64854 Miller Forges, Lake Mark, CO 92377",21,G007,member,False
P002940,Kayla Williams,(742)251-8868x905,"99509 Amanda Highway Apt. 502, Mackberg, FM 69948",23,G010,associate,False
P000149,Jordan Powell,6427681818,"USNV Walter, FPO AP 33287",31,G009,associate,False
P000386,Dylan Cohen,+1-958-294-7735x228,"71043 Heather Plain, Riveraton, RI 61933",49,G006,associate,False
P004562,Kelly Richard,860.639.6884x1973,"29773 Brent Wells Apt. 570, Sherriborough, NM 10180",43,,,False
P001716,Stacey Lewis,001-989-510-5482x562,"31612 Dawn Ridges Apt. 868, Grantberg, TN 91549",27,G006,member,False
P001923,Steve Nichols,681-741-9679x918,"84965 Kristina Junction, New Josestad, MO 71223",63,G003,associate,False
P002488,Bruce Mcdaniel,001-802-407-3970x1631,"77196 Hamilton Ways, Carlfurt, MS 07159",51,G008,associate,False
P004045,Michael Silva,001-505-954-4914x137,"153 Krystal Gardens Apt. 334, Harringtontown, VT 71723",38,,,False
P003408,Elizabeth Turner,(251)701-1090,"98617 Jennifer Fall Apt. 229, Port Tracy, MT 10667",42,G008,member,False
P000827,Jackson Wagner,(727)817-2662,"0700 Kelly Shoal Suite 130, Hickschester, VI 24098",44,G007,associate,False
P004032,Walter Martinez,539-946-8959x60895,"42884 Thomas Wells, North Nicholashaven, NJ 84663",26,,,False
P004963,Cameron Rivers,+1-896-581-3038x9314,"47091 Wood Corner, East Keithmouth, WV 82826",63,,,False
P001281,Christine Gonzales,9884230925,"7363 Randy Gardens Apt. 846, North Taylorfurt, MH 20456",62,G001,member,False
P001635,Angela Watkins,(756)332-2679x1117,"729 Richard Highway, Port Dustin, FM 80052",22,G005,member,False
P001420,Kristen Wells,001-350-651-3918x41805,"074 Tiffany Street, Carloschester, OR 79630",61,G010,member,False
P001058,Maria Taylor,523.786.9742x1736,"570 Jonathan Tunnel, South Feliciastad, AZ 71751",40,G008,member,False
P003956,Luke Harvey,919-444-1284,"42517 Adams Square, Houstonchester, NC 84459",25,,,False
P000707,Lisa Wright,001-446-667-2010,"81822 William Ranch, Tammyberg, MH 51760",18,G007,member,False
P002314,Anthony Avery,433-805-4069x6514,"2563 Benjamin Prairie, Lake Eric, VI 10015",30,G004,associate,False
P001698,Mary Jones,5364758069,"11713 Karen Squares Suite 097, New Josephmouth, OR 07981",21,G008,lieutenant,False
P001328,Edward Watkins,001-607-412-9969x915,"Unit 7002 Box 9331, DPO AE 17368",61,G008,member,False
P003870,Jeffrey Wood,879.324.1170x3848,"145 Marcus Dale Apt. 319, Port Erika, VT 10110",60,,,False
P002952,Susan Solomon,802.821.2446x4161,"9483 Thomas Corners Apt. 991, Gloriaview, UT 17477",37,G002,lieutenant,False
P003415,Michael Lopez,001-839-229-1496x73310,"15948 Malik Mews Apt. 956, New Kathryn, MP 26770",47,G005,lieutenant,False
P003198,Justin Hernandez,389-280-3263,"808 Martin Row, Reidburgh, PA 19993",50,G008,member,False
P002404,Jacob Cohen MD,+1-277-919-4459x59614,"84126 Carson Islands Apt. 529, Port Grant, NH 53675",45,G004,member,False
P001075,Dana Rhodes,539-763-9949x5940,"5653 Terry Passage Suite 300, Lake Melissa, AK 87295",46,G005,member,False
P003838,Cynthia Johnson,001-804-686-9357x2347,"PSC 9009, Box 4785, APO AP 75743",46,,,False
